Komentar_preprocessed,Kode Label,label
wah sudah parah kesal ini roman2 nya bang fery sampai gemeteran cuy bicara nya,C0,0
rakyat khawatir ternyata prabowo sejenis dia.😅,C4,4
ah pak pigai sudah banyak minum susu ini 😂 dan makan siang gratis ni.,C3,3
terus apa hubungan kewaspadaan dengan keturunan.jadi kalau bapaknya teroris apa anaknya teroris ya?,C0,0
yang bikin uu membolehkan siapa mirip pendukung 01 nihil koruptor banyak noh,C1,1
apa guna uud kalau hukuman mati sama perampasan aset bagi koruptor tidak di sahkan,C2,2
gog gog gog odgj lagi gong gong,C4,4
"mantap grace natalie,sukses terus untuk psi.",C0,0
"apa mendikbud tidak ikut bersalah dengan membiarkan berlakunya kurikulum aneh yaitu pengajaran konsep visi + misi + tupoksi ( yang menggantikan manajemen strategik mission vision values statement pada semua organisasi di indonesia ? konsep visi+misi ini sangat berbahaya bagi masa depan nkri & pancasila !? kalau anda diam saja, berarti anda tidak tahu bernegara ! pensiunan ka. bg. marketing di lini industri penerbitan buku gramedia ; 80 th.",C1,1
kalau sampai 3 priode rakyat tambah pecah.,C1,1
wapres disebut 'si gibran ',C0,0
"saya setuju bung, mereka menjelek2kan prabowo demi kekuasaan, dulu anis jadi gubenur menjatuhkan ahok sekarang menggunakan teknik yang sama",C3,3
"pdi kalau tidak ada pak jokowi, kasihan ya? kasihan ya?",C0,0
ciri2 paham komunis ada pada keluarga jkw.,C3,3
bongkar terus mas roy kebusukan keluarga solo perusak indonesia. terimakasih banyak kang dasa.,C3,3
"ini tni sudah kena sama komis tinggal tunggu saatnya api dalam sekam terjadi pembunuhan masal di mana"" sok buktikan tidak bakal lama lagi islam dan komunis saling bunuh pasti kita tonton saja akibat perbuatan"" pemimpin yang berfikiran dangkal.",C3,3
terus terang kami masyarakat desa. bersukur sama bapak. jokowi selama negara ini dipimpin. sama. bpk. joko. prabowo andika indonesia. menjadi negara. maju. aman. tentram. semua kasus. dibongkar. sama elit jokowi. yang ingin tipu. menipu rakyat. koruptor. sudah santun. kami mengharap 3.priode.bpk.prabowo.jokowi.andika.,C3,3
"jelas tahu lah, kan dapat bocoran wkwkwkw.",C4,4
indonesia harus tetap waspada bahaya laten komunisme.,C3,3
yang tidak tepuk tangan berarti hatinya masih hidup.. presiden di bully kok malah pada tepok tangan.. aneh.,C1,1
ijazah palsu tak mungkin mulyono berpikir dengan rasional.,C3,3
maaf ya ada ini otang kayak katanya dapat dana ini 800ribuan oadahal.ngak di terima pak.dan saya yqkin mana mau kawan tuh.8juta saja di kasih tampah pamrih mana lah mungkinn😮,C4,4
​ tetapi bukan pki mirip jokowi dan termulnya.,C2,2
saya rakyat kecil cuma penge harga kebutuhan pokok sepert sembako minyak goreng dan lain bbm itu murah harga bisa turun saya sebagai rakyat biasa malu kalau selalu dapat bantuan blt dari pemerintah sedang pemerintah sendiri banyak utangnya tolong pak presiden turunkan harga rakyat kecil biar tidak menderita 🙏,C0,0
"negara ini bukan milik bungkarno negara ini milik rakyat indonesia, pancasila bukan buatan sukarno tetapi buatan pemimpin"" dan wakil"" kerajaan di masa itu. negara ini bukan milik penguasa, partai, atau pun sukarno negara ini milik rakyat indonesia dan terserah rakyat indonesia roki gerung mengatakan kebenaran yang selama ini di tutupi",C0,0
pahami kata-kata nya..jangan sepotong sepotong. lebih baik mantan koruptor atau mantan kyai/pendeta?,C2,2
"coba melepas atau kasih ke rakyat itu orang yang korupsi, kira kira sama tidak kayak yang maling ayam,?",C1,1
"pemerintahan negeriku yang makin kesini makin kacau. efek politik yang tidak jelas arahny, korbanny ya para rakyat.",C1,1
benar-benar sudah dpr adalah rampok rakyat kok sebegitunya gaji dan tunjangan nya sementar rakyat banyak yang kelaparan pak presuden apakah bp sudah gila keputusan nya itu. klrapat hanya pada tidur boleh di bilang dpr ri itu yang mau menerima aspirasi rak yat dari 720 dpr ri tak lebih dari 5℅ apakah itu katanya wakil rakyat garong yang berjamaah,C1,1
"itulah indahnya demokrasi, tiap orang berhak pilih yang dia anggap paling bagus buar nkri, pilihan jangan karena satu partai atau karena atas dasar suka dan benci pribadi",C0,0
"memang sekarang presiden nya dari militer yang dipecat jadi sekarang setelah jadi penguasa seperti bingung sendiri seperti nya mimpi nya ingin seperti mertua nya harus dilakukan ,payah",C2,2
terserah h isam lah orang dia punya duit mau akuisisi partai p lagi krisis,C0,0
"👍sangat betul. katanya dapat jatah uang makan. itu omong kosong, bahkan btunjangan sertifikasi saja spe sekarang belum turun.",C2,2
gara-gara statement ini awal mula polemik sampai dengan hancurnya suara pdip. sekarang itu sudah banyak pemilih cerdas bu.,C1,1
mungkin yang tanya bini nya hilang ada bawa angin 😅,C4,4
kacau ya,C1,1
"dana desa dikasih beberapa tahun tidak ngefek ke pertumbuhan, ini coba dialihkan ke koperasi, apa salahnya ,, mnrtku tidak salah juga,, namanya juga di ujicoba ..semoga saja jalan dan bisa dongkrak pertumbuhan..saya bukan buzzer dan pendukung,tapi berpikir obyektif saja sih..",C1,1
"sombong sekali ibu ini ya, jangan marah-marah dong, kalau dalam rapat harus sopan kamu buk. saya curiga jangan-jangan maling teriak maling. dpr hampir 90% pejabat korup.",C3,3
sebenarnya kena tuh jerat hukum penyebab yang mengakibatkan korban kematian dan penganiayaan rakyat banyak dengan suruh mengantri bawa beban besi juga dia memonopoli seperti voc perdagangan rakyat kecil,C4,4
pelanggar konstitusi tidak sah dan tidak layak,C4,4
iya ini yag benar professor bukan seperti termul jokowi asbun asal bunyi ..demi uang,C4,4
"justru, andai saja pak jokowi tidak berada di naungan pdip pasti pak jokowi tidak akan punya pembenci sebanyak sekarang karena sebagian besar mereka yang benci pak jokowi hanya benci partai naungannya",C2,2
"​ terpilih jadi walikota rakyat yang memilih,bukan bim salabim. iri dengki jangan dipelihara, merusak organ tubuh terutama sirosis hati atau pendarahan otak",C0,0
"ini orang kayaknya sok hebat sekali dari nasdem.hati"" kamu ya",C2,2
pki gaya baru hati hati dia lah jokowi,C3,3
sedang melolong,C4,4
saya bukan pki. saya partai ummat sekarang dasar bocil lu.terlalu menganggap remeh partai. kamu buzerr ya bong. mendewa2kan jokowi,C3,3
pikiran keluarga pki ini bisa di tutupi ternyata😂,C3,3
sekali bicara langsung di aduin buzzer gan,C2,2
yang jelas saya pilih presiden yang bisa imam shalat dan imam keluarganya 😂,C0,0
mirip mural dia cipokan sama owo haha,C4,4
"faktany memang begitu, dana desa dipotong 700sd 800 juta",C0,0
tetap saja yang nangkep polisi juga sel nya beda sama koruptor wkwk,C2,2
"cacat konstitusi,pemilu,awal yang buruk",C1,1
benar kata pa andika ibaratnya misal simbah kamu pki & itu sudah digerus sejak tahun 1965 terus kamu sebagai cucu yang hidup di era milenial tidak tahu apa-apa tiba-tiba tidak boleh bela negara. terus anak-anak & cucu2 kamu juga tidak boleh bela negara. ingat pki itu dulu partai kayak pdip golkar demokrat dan lain banyak pengikutnya.. yang tidak tahu & hanya ikut-ikutan juga banyak yang termakan janji politik kayak sekarang. lagi itu yang terlibat g30spki pasti orang-orang atasnya. orang-orang miskin dikampung yang nyawah macul nelayan kerja serabutan jaman dulu mana tahu kalau pki aslinya kayak begini 🙏,C1,1
tidak menyambung pak.. anda pribumi. itu menteri aguan..,C0,0
p,C4,4
berkat tuhan akan turun pada orang yang jujur dan berintegritas bukan yang nabrak aturan,C0,0
​ -zs9zr & kurang waras 🤪,C2,2
menyedihkan tanggapan semua disini lah anggota bpip peraturan nya diangkat president . nah ada yang keluar alias pindah tugas nah kursi yang kosong me mohon ke president untuk mencari penggantinya kok kemana2 ya . aneh,C1,1
"batam juga kayaknya belum ada. anak² santri tpq tempat ku mengajar ada beberapa sekolah, semua belum ada . malah tanya sama aku.kapan mbg.😂",C0,0
kita mohon petunjuk kpda allah swt . agar ada berikan petunjuk yang benar. niat kita baik . insyaallah ada perubahan . ganti presiden. kalau tambah buruk ganti lagi . pilpres berikutnya.,C0,0
usut mafia minyak.sahroni sangat berpeluang!,C1,1
rungkad negara ini sudah dua proyek magnet korupsi (prabowo dongo),C2,2
tidak biasa kompas wkwkwkw,C4,4
gerombolan anus kan tahu jokowi presiden ri yang jujur dan bukan petugas partai. dia berdiri tegak untuk kepentingan seluruh rakyat indonesia. 🤣,C2,2
"iya rajin sholat dan ibadah, tukang becak di daerah saya juga rajin-rajin om. pasalnya itu, dia sedekah nya 10 masjid.. tetapi keburukannya 40 masjid.",C1,1
"ibarat usaha busuk ,jadi tempat cucia uang 😂",C4,4
makan nya saya tidak mau memilih jokowi karena saya tahu di balakang dia siapa pki pembenci pancasial.lebih bodoh nya lagi yang sudah tahu tetapi masih tetap milih.😆 lebih sayang sama jokowi ketimbang negara nya sendiri.,C3,3
"ini orang dari partai silit ireng sejatinya anti pancasila dan islamophobia, orang ini mengatakan partainya menolak segala hukum yang bersumber dari agama. jadi orang ini mirip atheis, banyak pengamat menyebutkan bahwa psi adalah partai pki muda. dan taukah anda bahwa partai ini juga mendukung lgbt dengan alasan ham bagi umat islam, psi, kader & anggota²nya haram untuk di pilih atau di jadikan pemimpin.",C3,3
"awas ada antek asing masuk memecah belah bangsa,bilang kita seperti kerbau apa yang di katakan orang langsung bilang ok.awas provokator.",C3,3
pdi tanpa jokowi bagaikan partai angin lalu,C2,2
"saya tidak suka pol bukan karena pol suka nilang. tapi saya dan mungkin yang lain juga prna jadi korban pungli pol, arogan, atau kita di tuduh tanpa sebab dan bukti👎pol itu penyakit",C2,2
"salut pod cast bang akbar ini cerdaskan bangsa. dukung ahok 1 jamin 400 t apbd optimal bagi warga jakarta. makin terpuruk tak ada perbaikan / penguatan korupsinya tak pernah selesai ikn 501 t alamat mangkrak -kejahatan bernilai dibawah rp. 1 juta dianggap hal kecil , lumrah, sepele tak berdampak merugikan. dilakukan tiap hari, tiap jam tinggal dikalkulasi besaran jumlahnya maling ayam bisa putus nyawa dikeroyok warga sekampung maling negara korupsi trilyun bahkan ratusan trilyun bisa dianggap pahlawan karena bangunkan embung/ waduk penampung air orang di desa orba cendana 32 tahun sentralisasi korupsi us$35 billion / 600 t terjarah. cikeas 10 tahun desentralisasi us$ 10 billion / 150 t terkuras. jokowi solo ngono ya jo ngono budaya pembiaran 10 tahun , 2014 - 2024 ; menkominfo 80 t , dki kelebihan bayar 400 t ludes proyek bongkar pasang, bansos depsos 400 t, pemilu 72,6 t , alutsista 1600 t , terus berlanjut hingga hari, detik ini ; miris, ironis. kemandirian desa mutlak/ keniscayaan. 83.931 desa 16.377 pulau pengentasan kemiskinan tugas negara dalam uud' 45 ayo bergerak bersatu padu ri 79 tahun merdeka. ikn 501 t mangkrak lihat saja 17/8/ 2024",C3,3
"tuhan lindungilah para pengungkap kebenaran jauhkan mereka dari kecelakaan, sakit, ancaman intimidasi kriminalisasi bahkan pembunuhan. tetapi hukumlah mereka yang merancang kejahatan dan kerakusan",C3,3
"jago nya ber-dusta, jawara nya ber-dusta.mungkin di-pusdiklat ada mata pelajaran ber-dusta kali?",C3,3
mana video jokwi joged?pembohong!!,C3,3
anies jadi president mah yang di revisi uu imigran.utk membawa yamani kak indonesia.biar pribumi asli jadi budak keturunan arab di negeri nya sendiri .,C3,3
"ya allah lindungila negara ini dari orang""yg ingin menghancurkan negara ini dan berikan kekuatan pada ulama""kami supaya tegar menghadapi org""kafir yang ingin memecah belah umat islam aamiin,aamiin,yraا ا",C3,3
"bapak president dan wapres mohon atensinya untuk kasus chrome book ini agar keadilan benar-benar ditegakkan di indonesia, jangan sampai ada yang dikriminalisasi🙏🏻🙏🏻",C3,3
semoga pak nadiem tetap kuat kuasa tuhan yang maha kuasa akan berproses kepada orang-orang yang mengkriminalisasikan pa nadiem,C0,0
gila ugm kalau mereka tidak punya arsip ijazah lulusannya. semua instansi pendidikan menyimpan fotokopi ijazah lulusannya.,C3,3
betul itu geng bandit,C2,2
paham komunisme dan terorisme sama-sama bahaya dan kejam,C0,0
dih di edit hahaha,C4,4
para mafia hukum pasti bermain-main dengan hukum karena mereka kebal hukum,C1,1
hore,C4,4
"bravo daeng samad. in syaa allah jika pak abraham kembali menjadi ketua kpk pertama tama cari harun masiku daeng, mungkin harun masiku sudah lelah bersembunyi (kan)",C0,0
saya bangga. dengan ibu anitta beliau tidak tanggung tanggung tanggung meninggikan nama tuhannya. kiranya tuhan yesus kristus menyertai dan memberkati ibu anita jakob.amin,C0,0
ini manusia lebih gila lagi dari yang lebih gila,C3,3
"setuju gw, tetapi menurut saya selama anies ikut isu itu bakal selalu dia bawa, jadi tergantung calon gubernur siapa saja",C4,4
dpr maling uang rakyat,C2,2
"jasmerah - masuk tahun 97, indonesia diguncang oleh krisis ekonomi & moneter yang parah. - tahun 98 suharto akhirnya jatuh dari kekuasaan dan digantikan baju habibie. - tahun 19, baju habibie memerintahkan pengusutan skandal keuangan blbi yang angka nya rekor paling besar saat itu : rp 150 an triliun. - sejumlah oligarki raja2 uang dibekukan bank & asset2nya, sambil dilakukan pengusutan kejahatan keuangan mrk. - pemerintah tegas menghentikan kucuran dana2 talangan ke bank2 bermasalah tsb. - habibie mengancam akan menyeret oligarki2 koruptor ke pengadilan, dihadapkan dengan hukuman maksimal: vonis mati. - gusdur dengan menggandeng cukong oligarki kakap; edward suryadjaja, berencana memborong saham2 sejumlah bank sitaan negara di bppn (bps, bank ficorinvest) yang nilainya sedang di titik terendah, murah meriah. - langkah gusdur tersebut terganjal pres habibie yang tidak memberikan izin, karena partner kongsi gusdur mrpkn orang blacklist dot (daftar orang tercela) di bi. - tahun 19 habibie jatuh dan digantikan oleh gusdur. - tahun 20 gusdur membuka kembali keran dana untuk rekapitalisasi bank2 blbi, yang menyebabkan negara bocor lagi sebesar 80 triliun. - gusdur juga ngotot ingin memecat secara tiba-tiba gubernur bank indonesia syahril sabirin, dengan sejumlah alasan yang gakjelas. syahril sabirin sendiri seorang pejabat kunci keuangan yang kompeten dan jadi tangan kanan pres habibie dibalik kesuksesannya mengendalikan nilai dollar dalam waktu singkat (dari rp 16.800 jadi rp 6.500). - belakangan ramai terungkap oleh kalangan lsm dan aktifis2 pergerakan 98 (yg kecewa karena reformasi telah dibajak dan belok dari cita-cita awal), kalau syahril sabirin sebelumnya menutup bank papan sejahtera (bps) yang terlibat skandal blbi, sementara bps sendiri ternyata salahsatu pemilik & pemegang sahamnya itu presiden gusdur sendiri, berkongsi dengan taipan h*ry t*noe. nah tuh lagi.",C2,2
​ pembohong dibilang terbaik,C3,3
benar benar gila,C4,4
"kalau anda tidak suka wapres mendampingi pak prabowo lantas jadi mau anda siapa.😂,anis kadrun ?😁 atau ahy.?kagak kepilih gimana,😂komentar itu harus objektive",C3,3
"maklum, diaspora cina itu punya filosofhi hidup yang menghalal kan segala cara. yang lebih berbahaya lagi kodrun itu punya kesetiaan hanya ke negeri leluhur, di negara manapun dia brada dan menghidupi nya.",C3,3
"nah itu yang sebenarnya wajib kita renungkan baii2 secara pribadi masih nya sebelum bicara banyak tentang mereka ( turunan pki ) di samping juga yang terlibat langsung aktifitas pki dulu ada semacam kategori/kelas nya ( kelas berat, sedang & ringan.) #kuduatiatimenyikapihiduporanglain. #dilarangkerassokngertitanpakenalmereka.",C1,1
kamu mau protes sono ke makam pahlawan yang berjuang merdeka an indonesia .mpr tuh pemerintah indonesia tertinggi ditetapkan zaman presiden soekarno disidang bpupki.mpr > presiden/wakil > dpa> dpr> bapak > m.a > dpd,C3,3
"jaman sekrg sudah musimnya orang tidak sehat.gara"" geng wowo dan geng cebong.saling serang berebut kekuasaan.",C3,3
"mbak grace, saya lebih setuju bila pengurus harus belum pernah jadi pengurus partai lain. jangan berubah. kalau sudah terjadi, minimalisasi. soal umur, boleh 1-2 yang diatas 45 orang, tetapi sebagai penasehat, bukan pembina.",C1,1
sudah tahu berita terbaru? anak itu terbukti berbohong dan pernah dikeluarkan dari sekolah tni al karena tabiayt buruk,C4,4
"tidak mungkin, sama saja suruh muslim jadi gubernur bali, dan muslim di ntt serta papua. politik kedaerahan amsih kental keagamaan, tidak perlu buta fakta buat itu",C4,4
"presiden pengusaha yang berkelindan dengan tim ekonomi yang juga pengusaha yang dipikirkan cuma keuntungan untuk bisnis dirinya, keluarga dan kroninya. isi video ini harus diviralkan, biar rakyat tahu dan sadar dampak buruk bagi kedaulatan ekonomi dan politik indonesia yang ""dijual dan digadaikan"" ke as melalui paket art dan bop.",C3,3
"saya juga pesimis kdmp itu tidak akan jauh sama mbg sudah ajang bisnis, peluang korupsi dan akan hancur juga nantinya",C1,1
tidak suka bertele tele dan narasi retorika. ini saya suka sekali,C0,0
"tolong pers sebut siapa saja berperan pada kasus kriminalisasi ini : pelapor, penyelidik, penyidik, pengaudit, jaksa, hakim. jika pengadilan negara merkea kuasai, bantu kami rakyatnya memberikan sanksi sosial dengan mendapat informasi detail dan valid",C3,3
"gila ini gila, negara sakiit dan kita berada di dalam nya guys",C2,2
semua orang waras bilang dampak kerusakan manusia satu itu luar biasa terhadap bangsa dan negara. siapa itu.? manusiawi satu itu.!,C4,4
"kayak nya ema yang paling pintar dan paling hebat😂 yang merusak refublik kita siapa ia ema, mau tertawa takut dosa😂",C2,2
astaghfirullah 😭 tidak tahu lagi mau bicara apa selain istighfar dan “jijik” sama instansi 😭 parah banget. tidak ridho pajakku buat bayar orang-orang mirip begitu,C2,2
hati hati media sosial itu nomer satu .hal positif nya bisa menaikan elektabilitas seseorang & golongan atau sebaliknya. yang aktif di medsos rata rata kaum milenial.. yang harus di perhitungkan suaranya . ketua partai tidak pantas merendahkan presiden kalau ada masalah discus secara pribadi,C1,1
"refli harun itu mengerti hukum tetapi munafik,,putar balik,pedang mata dua",C3,3
prediksi gibran kdm _ 24 april 2029 hadew 😂. sama saja tetap akan sistem solo semuanya,C4,4
justru para pejabatlah yang selalu membuat gaduh di negeri ini dengan menghalalkan segala cara,C4,4
dpr juga sama . jangan 😮 terjebak dengan permainan acting.biar kelihatan kerja . gonjang ganjing sembako dan kebutuhan hidup lain yang tinggi kok tidak panggil zh.padahal rakyat menjerit lho,C2,2
boleh.undang juga muri untuk catat rekor yang mu mungkin bisa terpecah.,C4,4
biasanya yang pintar bicara adalah penipu😂 tidak percaya? coba tanya pak ahok (btp) terbongkar semua aib anies wkwkwk😅,C2,2
bang fahri sekarang bisa lebih bergelora.. bang fahri cocok jadi menteri kelautan..,C0,0
cerdas kok mundur .malah hncur psi diketuai kaesang .di pelosok kmpung ..sdh tidak simpatik pada kaesang yang anak jokowi..,C0,0
di indonesia ini cuma perlu di legal kan kepemilikan senjata untuk umum. biar bisa dibereskan sendiri mafia2 oligarki seperti ini,C0,0
kalau pasha ungu itu kata abang ipar saya dia orangnya pemikir dan memahami abang ipar saya bilang sudah begitu cara bicaranya penuh dengan wawasan 😊 waktu itu abang ipar saya bertemu dengan beliau di medan berapa puluh tahun yang lalu 😊,C2,2
"saya sangat setuju hukuman mati dan perampasan aset untuk koruptor, dalam dari rakyat kecil.",C2,2
beginilah kalau memilih manusia yang oper ambisi coba kalian pikirkan 3 kali gagal nyapres masih saja ngotot ingin jadi presiden ya dikala menang ya kayak begini jadinya rasai saja sama pemujanya,C1,1
intel yang mulia,C4,4
para dewan berjoget ceria sedangkan rakyat menjerit😂,C2,2
partai yang paling beruntung. memanfaatkan nama jkw.,C2,2
"cukong cukong di belakang mulyono banyak yang dapat keuntungan sangat besar dengan mul berkuasa di negara ini, mul ini bermuka dua pengkhianat bangsa, cari muka ke rakyat berkomplot dengan aseng mengeruk sda negeri ini sebanyak banyaknya untuk kemakmurannya. rakyat di cekik pajak. hasil bumi dinikmati mereka sendiri",C3,3
"tombol mamakmu saja yang ditekan, kak",C2,2
bentengnya pki,C4,4
para orang 2 pki pasti' akan mencela dari zulkifli iki..,C2,2
uu perampasan aset para koruptor harus segera di berlakukan.,C0,0
"tetangga ku juga bisa masuk tni sekarang jadi jendral,bpk ibunya tercatat sebagai anggota pki,tp bisa masuk karena diikutkan kakak pak deh nya, buktinya juga taat dan tidak berhianat.justru banyak yang bukan keturunan pki justru mirip pki, tuh mirip yang nabrak sejoli dan dibuang ke sungai itu",C4,4
"pejuang kebenaran kok membela yang salah ,pak polisi mengucapkan trmkasih atas pahala mengalir dari fitnah para buzzer",C4,4
"bukan. bukan dari sini awalnya. dalam video ini, pak jokowi sudah menjalankan rencana a sebab pak jokowi sebenarnya sudah tahu ada celah di dalam undang-undang indonesia sudah sejak awal-awal menjabat sebagai presiden ri. beliau juga melibatkan mas gibran dalam rencana a untuk ikut bergabung dengan partai kepala banteng tersebut (e lebih tepatnya sih sekarang kepala kerbau). namun setelah pidato megawati yang seperti itu, naluri mas gibran sebagai seorang anak jelas tidak bisa menerima saat orang tuanya diremehkan seperti itu. dia pasti menangis melihat bapaknya masih tetap tersenyum.jadilah mas gibran memilih untuk berontak dan keluar dari zona merah tersebut. dalam hati pak jokowi, ""baiklah, rencana b terpaksa akan saya jalankan"". selang beberapa waktu dan setelah dirasa semuanya siap. beliau pun juga memutuskan untuk keluar dan sebagai gantinya, diutuslah ""partner terbaiknya"" untuk mewakilinya di zona merah itu sebab beliau butuh sosok dengan keberanian plus nyali tinggi untuk meledakkan sarang kerbau. meskipun beberapa waktu lalu banyak orang menilai bahwa pak jokowi hendak membangun sebuah dinasti, beliau tetap tenang. sebab memang bukan itu tujuannya, bukan membangun sebuah dinasti atau memperkaya keluarga sendiri. kalian pasti menyadari, berapa kali indonesia berganti2 program nasional yang gagal setelah pemimpinnya ganti meskipun berasal dari partai yang sama. hal inilah yang mendorong pak jokowi untuk terpaksa membawa orang-orang terpercaya untuk tetap fokus pada program yang sudah ada dan berjalan agar tidak sia-sia, agar indonesia tidak jalan di tempat. beliau sadar, bahwa membangun indonesia tak cukup hanya dengan 2 periode saja. jiwa pemimpin dan rasa ingin membangun yang tinggi dalam hati beliau memang patut untuk di apresiasi. dari awal, pak jokowi tak hanya memiliki sifat membangun, mengembangkan dan memajukan yang baik, namun beliau juga pandai dalam membaca karakter seseorang. salah satunya adalah prabowo. meski pernah menjadi rival dalam pilpres, namun beliau melihat ada keistimewaan dalam diri pak prabowo. karakter bawaan dari pak prabowo memang ambisius dan selalu ingin menjadi yang nomor satu dimanapun pak bowo berada. namun bukan itu yang dilihat oleh pak jokowi, beliau melihat sebuah ketulusan mengabdi yang sangat tinggi ada pada sosok pak bowo. senada dengan apa yang pernah disampaikan oleh alm. kh. abdurrahman wahid bahwa pak bowo memiliki keikhlasan untuk rakyatnya. maka jadilah pak jokowi juga melibatkan pak bowo dalam rencana besar beliau. pilpres 2024 menjadi bukti betapa matang rencana yang dijalankan oleh pak jokowi. senyuman beliau saat tersaikiti oleh pidato megawati menggambarkan bahwa untuk menghancurkan partai kepala kerbau itu sangatlah mudah bagi beliau, masih ada yang lebih sulit lagi dan butuh waktu yang sangat lama untuk dijalankan, apalagi kalau bukan memajukan bangsa indonesia.",C2,2
"sebagai mahasiswa itu lebih baik agar ruu tentang pemiskinan dan penyitaan harta koruptor itu segera di sahkan oleh dprri ,yg di ajukan oleh jokowi sejak tahun 2017 yang sampai sekarang nutar2 di dprri",C3,3
-f2x kalau tidak dungu bukan termul namanya. narasi2 termul tidak punya dasar kuat dan seperti tidak punya akal sehat. jokorup yang sudah valid terdeteksi munafik tulen dan merusak negara malah dibela.,C3,3
dia sosok penjilat bermuka relawan .di bukan relawan sejati pastinya dia tidak akan rela kalau tak ada cuan .,C3,3
"ahok ,,siapa yang dukung di parlemen ? lagi apa yakin non muslim , bisa mimpin indonesia?",C4,4
"sadar diri,minoritas l😮😮.",C4,4
prabowo gibran 👍😘🤲satu putaran indonesia pasti makmur salam ✌✌,C0,0
presidennya cuma petugas partai.. arap maklum,C0,0
"mengira cuma disini saja shinobi bangun koperasi, ternyata memang se-konoha, tetapi yang mengerjakan ada tukangnya, mungkin mereka yang pegang duitnya",C1,1
ayo termul..saat nya kerja target agar dapat point.😂,C4,4
"mereka tidak pernah hidup susah kayake, dan biasanya mereka menjust orang miskin itu karena males. padahal tidak semua yang miskin males, bisa jadi tidak adanya kesempatan dan keberuntungan",C1,1
"gila pernyataan ini orang,.",C2,2
kaya abraham samad orang jujur saja. abraham era surabaya kasus hambalang sampai mangkrak. dan sekarang menyerang kubu pk anaknya pk jokowi yang sukses pimpin solo.,C1,1
"video nya baru lihat , eh lihat komentator nya , pada gagal paham 😅 ingin tertawa , tetapi mubazir ah .. 😝",C1,1
aneh kenapa termul2 ini masih tetap bersikukuh ijasah jokowi asli.wong sudah ketahuan rakyat indonesia kalau berani jokowi menunjukkan ijasah nya kepada rakyat indonesia dan di uji labfor undang pakar2 di indonesia dan luar negeri agar bisa mana yang palsu dan asli jangan sampai rakyat indonesia di adi domba oleh karena jokowi dan termul2 dan aneh kenapa jokowi tidak tahu terima kasih kepada ibu prof megawati ketum pdi p dan mantan wapres jika yang sudah membesarkan nama nya sampai kepada presiden.kacang lupa kulit dasar jokowi tidak tahu malu,C3,3
psi 11 12 dengan saifudin ibrahim penista agama ngais donasi.🤣,C3,3
​ -x3b pembela mengincar jabatan komisaris rumah sakit jiwa,C2,2
bisa di pastikan bapak andika tidak akan lengser dini dari jabatannya. karena dia sudah terang2an membuka pintu untuk keturunan pki.,C3,3
dia bukan pancasilais dia berideologi komunis,C3,3
yang bahaya bukan pki tetapi terorisme dan radikalisme yang akan menghancurkan negara!,C3,3
mantap..kpk yang terkenal atirasuah..bebas korupsi .beraih.ternyata dengan kejahatanya kepada pegawi non partai politik .jadi terbongkar bahwa kpk..tertdiri dari pendukung penguasa dan beking parpol..dan nepotisme.hqncurkan kpk kalau sudah tidak jujur demi kemajuan rakyat..,C1,1
"iya, komennya pada aneh aneh memojokkan polisi, padahal kita harus menilai secara utuh namanya saja rapat dengar pendapat, pihak polisi sedang menerangkan alasan kenapa dipecat sebagai siwa spn, walaupun kinerja kepolisian saat ini sedang jadi sorotan, bukan berarti semua harus dicap buruk ya",C2,2
"sekarang peraturan banyak yang di rubah, permasalahan selalu muncul, waspada dan bersatulah jangan mudah di pecah belah",C4,4
"sangat kecewa dengan pidato megawati,yang melecehkan pak jokowi di muka umum keterlaluan,kasihan sekali pak jokowi tidak di hargai presiden dua priode,sabar pak jokowi lebih baik pindah partai pak jokowi,rakyat bersamu pak jokowi,megawati dengan kesombongan nya sangat tidak beradab dengan pidato nya semua.",C2,2
jangan tanya saya.🤣,C4,4
"jadi. point2 yang saya tangkap dari rapat ini adalah. 1. ipda. verren adalah seorang perwira muda yang baru lulus kuliah ilmu psikologi. 2. biasanya. orang kalau baru lulus pendidikan, pasti akan melakukan sesuai dengan apa yang dipelajari selama dia ikut pendidikan. 3. ipda. verren adalah seorang polwan yang masih muda, lulusan akpol, dan dimanapun tempat kerja.entah itu polisi, tni, asn, bahkan karyawan kantor, pekerja pabrik dsb. seorang junior pasti jujur dan tidak akan berani sama seniornya. kalau dia menyampaikan dengan raut wajah seperti itu, secara psikologi pasti dia mengutarakan suatu kebenaran sesuai data yang dia pernah pelajari selama ikut pendidikan. 4. siswa yang dipecat adalah anak dari mantan perwira ditubuh polri. 5. siswa yang dipecat dulunya pernah gagal dalam seleksi masuk tni. 6. siswa tersebut tidak lulus karena ada beberapa alasan yang tidak masuk kategori kelulusan. 7. siswa tersebut bukan dari keluarga sembarangan. 8. para petinggi polri khususnya polda jabar, menyampaikan hasil tes berbeda dengan hasil tes tim seleksi penerimaan calon siswa baru. 9. kenapa masalah seperti ini sampai disidangkan melalui anggota dewan? 10. dalam kasus ini, seorang polisi junior melawan anggota dpr dan keluarga polisi senior. 11. tidak ada keseimbangan antara lawan, ( dalam kasus ini yang bersangkutan adalah polisi junior, polisi senior, dan anggota dpr). inti dari rangkuman ini adalah siapa yang punya uang, akan memenangkan kasus. contoh kasus, dulu ada siswa sekolah yang masuk paskibraka nasional, dan bisa digantikan oleh siswa lain karena dia anak pejabat.",C1,1
makanya kalau ada caleg capres dan lain golput aja.. tidak guna kasih suara..,C0,0
tahun 2019 partai psi lumayan getol menghina dan memfitnah pak prabowo. sekarang ? jilat ludah sendiri,C2,2
"bang ada niatan bikin partai ga? coba kumpulkan orang-orang berkompeten dan bikin partai bang saya pilih dah. bagaimana ya kalau kita begini terus indonesia tidak akan berubah, kalau kita masuk ke partai yang sudah rusak sistemnya ya sama saja bang",C0,0
melihat md universe soal haji islam lebih details,C2,2
"semoga allah subhana saya ta'ala menyelamatkan indonesia dari niat busuk sekelompok yang hendak memecahbelah persatuan dan kerukunan rakyat dan semoga presiden joko widodo di beri kekuatan dan semoga presiden joko widodo selalu dalam perlindungan allah dari segala kejahatan fitnah propaganda keji dari para pendzolimnya , orang-orang jahat yang gila hendak berkuasa . amin amin amin ya rabbal ala'amiin",C0,0
salut buat pak zulkifli.bongkar semua bobrok pendusta rakyat kami dukung,C0,0
jangan lupa eko anda bisa duduk di kursi dpr atas suara saya.saya orang kapan sangat sedih melihat anda tifak empati terhadap rakyat,C1,1
betul sekali ibu mega sangat feodal dan dendamnya paling tinggi makanya banyak partai yang tidak nyaman bersama mrk..,C3,3
petruk,C4,4
pemerintah singapore paling jahat kerakyat indonesia karena mereka menampung duit koruptor asal indonesia,C3,3
"kami sebagai anak bangsa yang mencintai tanah air ri sangat sepemdapat dan sangat mendukung bapak h. ami rais , sehat selalu buat pak amin dan suarakan terus kebenaran demi keselamatan nkri",C0,0
kdm ❤ paling memahami yang di butuhkan masyarakat.. lihat jabar perkembanganya,C0,0
saya dari masa depan. negara ini makin kacau.,C1,1
betul,C4,4
bagi tni ini ini musibah untuk untuk doktrin anti komunis..,C1,1
sudah tidak waras bangsa di hancurkan sama mantan presiden nya sendiri sudah tidak warass😢,C1,1
"yang merusak asuharto, bakrie cs dan sibeye koruptor besar besaran🤣🤣",C3,3
mbak grace.bagi resepnya biar cepat jadi ketum dong! soalnya saya gagal terus jadi rt!!,C0,0
you are name -it8ce is kadrun.,C3,3
"kalau ganjar di ejek langsung muka jengkel , ketua partai gantikan anaknya jadi ketua partai itu lebih dinasti anggota dpr tidak berani ngesahkan perampasan aset korupsi tanpa perintah dari ketua partainya.",C1,1
"​ innalillahi,keras kepala,kepala batu.",C4,4
ini era penculik dan penipu oke gas,C2,2
betul saya setuju jangan sampai mirip oknum prajurit di papua sudah jadi prajurit malah membelot ke kkb,C0,0
"halo bang fery. indonesia termasuk negara yang paling religius agamais se dunia. fakta! korupsi dan ngembat dana uamat. luar biasa memalukan! masih lebih jujur taat hukum negara2 yang kurang peduli dengan agama! tokoh2 agama (semua agama) diam bae. tidak ada yang tereak2 menghujat, mengecam koruptor (misal korupsi di pertamina) dan pengembat dana umat. why..? why..? why..? ? menurut bang fery? tks.",C3,3
"mungkinkan end game yad menggelar townhall dengan tema memahami fenomena ""the termuls""?",C4,4
"waduh, informasi penting jatuh ke tangan antek antek aseng nih, anak buah jrot sorot?😅",C2,2
maling teriak maling yang merubah pancasila siapa trisila menjadi ekasila itu siapa disebut apa yang mau merubah pancasila itu siapa?,C2,2
"pki sangat berbahaya sekarang saja liat,, pebedaan sangat menyolok,, pki tidak senang islam,,mk nya hukum tidak adil,,islam didzolimi truus,",C3,3
"gila bung rocky, tom lembong, dan bung gita satu ruangan.",C0,0
"kalau dikatakan roy suryo pembohong/fitnah sj. coba tonton podcast2 yang narsumnya roy suryo. pasti akan anda temukan bahwa roy suryo ini konsisten dengan semua keterangan yang di berikan. cbb pikir, mana bisa bohong se lancar dan se detil itu. data/sumber2nya pun valid smw. bukan cuma katanya2 saja",C3,3
"kayaknya sudah dari dulu, cuma sekarang baru kebuka umum karena adanya mensos",C0,0
👍,C4,4
"lebih baik berprasangka baik, ketimbang berprasangka buruk, dosa.😀",C1,1
"hati hati dengan pikiran karena pikiran tak kelihatan baik buruknya, sedang fisik adalah yang keliahatan perbuatannya itulah perlunya kesadaran kita rakyat",C0,0
dengar kamu relawan budak ingusan sama pak ferdinan 😂,C4,4
"percuma kawan.. walau dia tidak dipilih rakyat.. tetapi kalau ada mandat dari ketua partai,dia bisa naik jadi wakil rakyat. selama yang di gantinya masih dalam 1 partai itu sendiri.. koreksi bila salah,kawan..,🙏 itulah kotornya demokrasi di konoha..",C1,1
"boro,, pecaya akhirat mungkin dia pikir akan hidup terus",C4,4
halah ferdinand oomongannya bohong,C3,3
"h sama ini konglomerat dermawan dan peduli sama orang bawah .., semoga beliau sehat selalu dan makin sukses🤲",C0,0
untung. kaesang anak presiden. bujtikan nanti psi kayak apa. apakah sekarang sudah terlihat aneh?,C1,1
lebih baik bubarkan untuk menghemat anggaran karena neg. kita sedang krisis ekonomi banyak kegiatan yang harus dipacu ! menkes kena semprot presiden,C0,0
"mungkin mbis mengganggap gibran jenius sehingga setelah selesai secondary school langsung bisa masuk universitas di inggris. apalagi dia pindah dari sampai kelas 2 indonesia ke secondary school singapura yang bahasa pengantarnya utama bahasa inggris dan bahasa kedua china, melayu dan tamil. hanya anak jenius yang cas cis cus bahasa inggris bisa menempuh dengan nilai tertinggi dan bisa langsung diterima di universitas inggris.",C3,3
"jika firly di pecat, bisa kita pastikan yang akan menggantikan bukan figur2 semacam novel baswedan, bambang wijoyanto, apalagi abdullah hehamahua! penggantinya bisa jadi orang-orang yang kualitasnya sama rendahnya, karena seperti biasanya, di rezim ini sangat sulit figur2 yang punya kredibilitas bisa menyapu bersih maling2 uang rakyat di lingkaran penguasa, tidak akan bisa mjd ketua kpk?!",C3,3
"​ bro, anda tanya king of edit bun yani, mengapa pidato ahok 1jam 48menit di edit menjadi 30detik yang diedit justru surat al-maidah 51 bahwa ahok sudah menista agama islam lalu di goreng-goreng oleh fpi hati pks dengan demo bersilit-silit sampai ahok dihukum 2,5tahun. luar biasa drama fpi hati pks sangat barbar hampir memecah belah bhinneka tunggal ika persatuan indonésia yang aneka ragam. salam nkri salam bhinneka tunggal ika salam pancasila",C3,3
pasti bapak kamu disana sedih melihat keturunan2 nya menghancurkan jerih payah beliau dulu. manusia jenis apa kamu ni.. azab menantimu bu! beratus juta rakyat kecil yang kamu sakiti!,C0,0
jokowi adalah satu-satunya orang di indonesia yang bisa merusak tatanan sendi kehidupan berbangsa dan bernegara di indonesia. dengan kelicikan nya.dan kekuasaannya.,C3,3
"senyum yang menyayat ulu hati. yang sabar ya pak jokowi . orang baik itu akan selalu di cintai banyak orang dimanapun, dengan cara apapun , dan dalam situasi apapun .",C0,0
"sok pintar,,tapi tidak terpakai.??😂",C0,0
"psi partaiku. prabowo gibran pilihan pilpres ku. gibran walikota tersukses, warga solo pun mengakuinya.",C2,2
​ -g7m kamu yang asli termul,C4,4
​ ya namanya orang gila pastilah jahat pak. sebab kalau tidak jahat tidak mungkin disebut gila 😅,C2,2
"baru kali ini saya melihat host madilog sampai mau menangis mendengar penjelasan narsum soal kehancuran yang bakal terjadi ke depan dengan menjual negara ke amerika,",C1,1
"luar biasa, dari pembicaraan di atas dapat dicatat bahwa setiap penanganan perkara di kpk bisa dilakukan negosiasi. dagang (menjual informasi) perkara juga sudah merupakan bagian dari negosiasi itu. entahlah.",C4,4
momentumnya mungkin dilihat sama dia tepat . jangan saja seperti ahy yang dia mau up tetapi momentum dan waktu yang salah padahal saya lihat ahy itu mumpuni,C4,4
buzzer 100m ya,C3,3
bilang teman anda yang singapore kejam nya sama rakyat konoha . ijazah kursus masakmu saja bisa jadi wapres,C2,2
"masih lebih baik komunis banyak jasa di negeri ini komunis membantu pembebasan irian barat ,membangun gbk hidup komunis ganyang kapbir",C0,0
bacot banget lu😂,C4,4
😊,C4,4
3 priode pale luu. mau bikin negara tambah miskin? tambah ancur?,C4,4
"ya . jejak digital ada. apakabar pak ganjar seperti nya tidak pernah terlihat ada layar.. kalau pak anis masih riwa riwi ya.. ucapain selamat, ikut muji pak prabowo juga😂.. terus katanya buat partai anak abah",C0,0
"kalau yang bicara termul orang-orang akar rumput tidak masalah,tapi ini negarawan loh tidak pantas kayaknya😂",C1,1
negara ini penuh demgan pembohong yang hanya akanemghancurkan negeri ini,C2,2
"betul ibu ini, menang snjata si mantan adalh kriminalisasi. begitu nyebut namanya pasti akan dipaksa dijebloskn ke penjara. rakyat semua sudah tau. persis seperti kasus hasto, tom l,",C3,3
16:30 bangkai kalau bicara suka benar 😆🤣 cocok ini min / editor jadikan short youtube,C2,2
"rombongan palsu memang bikin gaduh, luar biasa, gila",C2,2
terimakasih presidensby❤.,C0,0
"o begitu lah kira kira menurut prakontol,, nyuri uang negara boleh boleh saja asalkan jangan triliunan,,",C2,2
"mau bilang ""aneh"" tetapi kok sudah tidak ""aneh"" ya. deh kayak bebek; 1 bilang kwek kwek (salah) semua bilang kayak kwek . jurus ""ngikut"" tanpa ilmu,",C2,2
bro bukan sebaliknya siapa yang brlindung di balik syp.?,C4,4
"maka nya gas nya ada memegang sama aparat,mungkin takut ada lemparin kak si bahlul.",C2,2
setelah melihat podcast ini pikiran saya langsung terbuka lebar dan menyimpulkan bahwa pak nadiem adalah korban konspirasi & kriminalisasi dari elite politik busuk dan koruptor pemain lama yang terusik oleh kebijakan sistem digitalisasi di kemendiknas dimana anggaran pendidikan di indonesia 20% dari apbn & terbesar dibanding kementrian lain yang telah menjadi lahan basah dari para koruptor sejak lama dan dari sisi politik kasus ini sebenarnya dimunculkan untuk menyerang pak jokowi yang kebijakannya dikaitkan diera pemerintahan beliau karena isu ijazah palsu sudah memasuki fase akhir dan gagal total membuat citra pak jokowi terdegredasi dimata publik.kasus ini penuh dengan intrik busuk dan skenario besar yang melibatkan banyak pihak direpublik ini 😇😇,C3,3
amin ❤,C4,4
setuju. katanya prabowo membaca banyak buku tetapi hasilnya kok seperti ini.,C1,1
kumpulan kang. bacott,C2,2
"ini kayak nya karena kebodohan perabowo sebagai persiden, tetapi ambisi nya selangit, padahal bodoh sebener nya ,urusan luar negeri itu tidak mau meminta masukan dari para ahli anak negri, orang-orang terpilihan nya jokowi, menghancur kan ekonomi kita, ngeri🥵😡",C3,3
"karena ada presiden yang teriak ""hidup.!""",C0,0
"sudah sangat jelas org"" china dan org"" kafir sangat benci dengan umat islam dan tokoh umat islam,mereka terus saja framing umat islam dengan framing radikal,intoleran,teroris,anti pancasila dan mereka sangat benci dengan syariat islam,walau rezim pinokio fir'aun sangat kkn bagi"" kursi,anak,mantu,dan ipar mereka diam saja,hutang yang sangat besar,dan polarisasi mereka juga diam saja.hancurkan partai psi yang rasis yang di dukung oleh oligarki,syiah dan anak keturunan pki.",C3,3
"hensat itu ki paham lah arahnya , jangan jangan ngincar jabatanjuga , dia lupa ya kemarin kalau tidak pasangan dengan anak jokowi tidak mungkin prabowo menang saya yakin itu",C1,1
"aneh juga sih relawan ini kok bisa, sudah tidak jadi presiden kok masih ada saja relawan termul aneh juga 😢😢😂",C2,2
otak kamu klhtn mafia😅,C1,1
sedep benar intinya itu,C4,4
dongok,C4,4
diduga ada surat panggilan kpk.. bisa berhenti dengan di bayar😢😮,C2,2
"maciaveli dedengkot komunis.cuba berkata ,semua cara untuk mencapai tujuan di bolehkan walaupun mbunuh semua penghalang",C3,3
maksa sekali 😂,C4,4
"hanya orang bodoh bila anak muda dan orang tua yang berjiwa muda tidak mencoblos ""psi"" saat pileg 2024 nanti masa sih, kalian tidak muak sama partai-partai yang masih nongkrong di parlemen (dpr) selama sekian tahun itu psi sebuah partai yang bercita-cita seperti semua rakyat indonesia impikan. makanya cobloslah psi di tahun 2024 itu",C3,3
kasihan nadiem. speechless sama hukum di indonesia ini.. kacau.. suka suka jaksa penuntut.,C1,1
alhamdulillah.setidaknya ada saksi hidup langsung yang menjelaskan kronologi dan kebenaran yang ada 🙏🙏👍 dan jelas membuka fakta bahwa apa yang selama ini di bicarakan pendapat pendapat komen komen dari banyak orang adalah jelas fitnah keji terhadap presiden jokowi dan keluarga nya 👍👍 dari hal ini jelas jangan memilih paslon yang punya buzzer tukang fitnah tukang gubah yang berbicara di medsos tanpa suara hanya berdasarkan prasangka negatif menurut pribadi mereka . 🙏 pilih paslon yang santun tidak menjatuhkan lawan nya dengan fitnah dengan menyikut menjatuhkan .dan paslon yang paling santun hanya ada di no 2 . bersatu untuk maju 👍👍🙏,C1,1
anjir tidak punya ijazah sama dan s1 saja bisa jadi wapres. sedangkan banyak orang punya ijazah susah cari kerja.,C2,2
"yang mau maling maling saja yang mau korupsi ,korupsi saja . yang tidak mau bayar pajak tidak usah di bayar itu hak kita . sudah lah tidak usaah kasih hukum ,",C1,1
melihat jaln saja kayak sawah mju terus capres,C0,0
"lanjut atas, gusdur sendiri saat jadi presiden itu untungnya cepat-cepat digusur diturunkan mpr pimpinan amin rais. pelengseran gusdur di tahun 2001 itu memang wajar dan sudah seharusnya, untuk mencegah ri makin terpuruk nyungsep ke dasar jurang. persis seperti kejadian pelengseran sukarno tahun 1967. sukarno dan gusdur itu 11-12 : - sama-sama merehabilitasi & mencabut pelarangan pki (sukarno tahun 1952, gusdur tahun 20 tetapi gagal) - sama-sama membubarkan parlemen yang sah, hasil pemilu demokratis (sukarno lewat dekrit presiden 1959, gusdur gagal karena tidak didukung tni & masyarakat, kecuali pkb). - sama-sama diturunkan kekuasaannya lewat sidang istimewa mpr ri. -sama2 dikultuskan. dianggap sebagai wali atau manusia setengah dewa. orang-orang yang ngalamin sendiri masa-masa itu tidak akan lupa soal bagaimana carut marutnya kondisi sosial-ekonomi ri, saat gusdur menggantikan habibie. kondisi sosial ekonomi yang sebelumnya sudah mulai membaik & tertata lagi di era habibie (era habibie tercatat sebagai satu2 nya era kepresidenan dimana tidak ada skandal kkn di lingkaran istana), mundur kembali acak2an parah. nilai dollar yang sebelumnya berhasil dikendalikan habibie (dari rp16.800 ke rp 6.0 an) dalam waktu singkat, malah jadi melorot lagi terus-terusan hingga ke angka belasan ribu rupiah per dollar. skandal memalukan & kasus2 kkn kembali bermunculan (bulog gate, brunei gate, skandal asusila dengan binor ny. aryanti sitepu). baru juga setahun menjabat, sudah terkuak kasus korupsi di bulog. seorang suwondo, tukang pijit presiden bawaan gusdur dari kampung, bisa membobol duit negara puluhan miliar rupiah dengan melibatkan pejabat bulog. duit2 bulog tersebut mengalir ke orang-orang dekat gusdur. saat situasi ri dalam kondisi saling bunuh2an dan perang saudara berdarah dimana2 (ambon, poso, sampit-sanggau ledo, opm papua & aceh), gusdur malahan bikin geram rakyat dengan mengundang boysband top dunia dari irlandia ""westlife"", untuk konser di istana negara, memeriahkan acara pesta sweet seventeen anak bungsu nya dan teman-teman alaynya, yang berdandan heboh ala wibu shinjuku, pada pecicilan di istana negara . anak bungsu nya tersebut sekarang sudah dewasa dan di era jokowi sudah menjabat sebagai komisaris independen pt unilever indonesia. menyusul kakaknya yang jadi komisaris garuda indonesia. tambahan di era jokowi lalu, ketua pbnu bid inovasi strategis : yeny wahid & suaminya (yg seorang kader partai psi) pada menjabat sebagai komisaris tambang emas terbesar kedua setelah freeport : tambang tujuh bukit ""tumpang pitu"" di banyuwangi. tambang emas raksasa tersebut pemilik sahamnya mrpkn sindikasi oligarki2 kakap & keluarga taipan 9 naga. diatas kertas, seharusnya kota banyuwangi & prov jatim sekarang sudah jadi provinsi yang kayak dan kota yang ultra modern seperti dubai atau minimal seperti balikpapan. tetapi yang ada, hingga saat ini yang ramai di sana malah kelakuan2 sdm rendah ala prindavan lokal : dari mulai sound horeg, maling sapi, ""wisata religi"" ngalap barokah ke kuburan keramat, konser2 sholawat koplo, hingga tawuran antar bonek atau ormas/perguruan silit. .",C3,3
agung sukmawan.org tidak percaya tuhan kok dibanggain.wis salah kaprah benar,C3,3
"setuju bu ina. masalah hukum di indonesia makin parah, jadi jangan berharap ada keadilan.",C1,1
"astaga! 23 warga koja keracunan usai santap nasi kotak dari psi. warga rw 06, kelurahan koja, jakarta utara keracunan setelah menyantap nasi kotak yang dibagikan petugas partai solidaritas indonesia (psi) pada minggu (24/10/2021) sore. sebanyak 23 warga keracunan setelah menyantap nasi kotak yang berisi lauk telur, sayur buncis dan tempe orek dan dibawa di igd rumah sakit koja. saja",C2,2
ngawur sangat 😂,C1,1
"ray rangkuti dan jika selalu menutup mata bahwa ijazah pak jokowi sudah diperlihatkan pada gerombolan pembuat onar & fitnah ijazah palsu di pmj, tetapi hal itu tidak membuat kasus berhenti. roy panci cs hingga sekarang tetap membuat kegaduhan nasional. lalu apa maksudnya baru-baru ini jika meminta pak jokowi untuk tunjukkan ijazahnya ke publik? untuk mempermalukan pak jokowi dan menunjukkan bahwa jika sebagai mantan wapres bisa mengatur mantan presiden ri ke 7? rakyat tak butuh lihat ijazah itu, yang selalu ribut dan gaduh adalah roy panci cs dengab segala agenda politik dibelakangnya.",C3,3
"tidak sabar menunggu prabowo jadi presiden ,apakah bawa makin maju atau semakin parah,ataupun seperti kata beliau sendiri yang meramal indonistan 2030 bisa bubarr.kalo yang sekarang sepertinya sudah loyo x,abis bensin kayaknya",C1,1
"terserah nyonya besar ya pak jokowi 😂,2024 saatnya perubahan ayo satukan suara nyalakan api kita untuk mendukung pak anies rasyid baswedan jadi presiden amin",C1,1
"lanjutkan programnya bapak prabowo setidaknya kami masyarakat kecil punya dampak langsung( mbg ) dan memang tidak bisa di pungkiri ada sekitar 50 ribu siswa siswi yang keracunan , dari total jumlah siswa siswi keseluruhan 53.14 juta siswa siswi itu tidak etis kalau kita langsung menjust program ini gagal . kami masyarakat kecil melihat dan menilai program yang bapak buat ini sudah bagus dan bentuk nyata untuk kami masyarakat kecil.",C1,1
mending pki kata saya daripada kadrun,C2,2
"kan menurut kamu bgtu. anggap pki tidak ada. partai mungkin tidak ada, tetapi paham ada. anggap satu tidak ada, tetapi anggap yang satu lagi seolah2 besar sekali, itu yang bahaya. orang yang di tengah jadi keseret2 karena terlalu sibuk mengurusi yang dipinggir. sekarang bisa saja sasarannya orang yang disebut dari timur tengah, itupun entah yang mana yang dimaksud. nanti menyasar ke yang lain, ke yang tengah. sibuk urus yang kanan, tetapi membesarkan yang kiri.",C3,3
"siapapun yang mau jadi kandidat presiden 2029, jika pa wowo maju lagi, tidak mungkin kdm mau bersaing dengan dia, jika dijadikan wakil pak wowo, mending lanjutkan gub.jabar saja 2 periode, can waktuna kdm maju 😅",C0,0
pak amin dulu pernah lihat tidak foto-foto idola dia mustafa kemal ataturk di rumah presiden.. tidak mungkin bpak tidak tahu siapa dia & kemal ataturk yang sesungguhnya.. 🤣😭🤣😭🙏,C4,4
"kok ngeyel sekali sih pak,.",C4,4
sehebat apapun pembohong rakyat jangan takut ada allah tidak tidur maha melihat demi kemenangan indonesia rakyat adilmakmur sejahtera bangkit selamat kan nkri,C1,1
kacau asli,C1,1
​ mas gibran laku karena kerja nyata. kalau dia anak presiden itu hanya previlage saja,C0,0
"kalau sistem sudah salah,otomatis hulu-hilir,manusianya salah+mendarah daging-jadi budaya kebiasaan. 1_model sistem baru yang cocok mengganti sistem pemerintahan indonesia:""demokrasi terpimpin modern”(bukan orde lama).(catatan penting ini bukan otoriter,bukan militeristik,tapi:demokrasi dibatasi,kekuasaan dipusatkan,parpol dikerdilkan).artinya: *presiden sangat kuat(tapi diawasi).presiden dipilih langsung rakyat.masa jabatan 1x panjang(8–10 tahun).>hasilnya supaya fokus kerja bukan kampanye,tidak bisa dijatuhkan dpr kecuali:korupsi berat,pengkhianatan negara. *dpr tidak dominan.dpr tidak bisa sandera kebijakan,tidak ada bagi-bagi kursi menteri,fungsi dpr dipersempit(pengawasan anggaran,persetujuan terbatas uu strategis).>hasilnya dpr bukan pengendali negara, hanya pengawas. 2_transisi 10 tahun:“menetralkan parpol”.(ini bagian paling krusial). *tahun1–3:penjinakan.audit keuangan seluruh parpol,dana swasta besar dilarang,parpol hanya boleh terima dana negara.pelanggaran=dibekukan.> hasilnya 50% parpol akan gugur alami. *tahun4–6:kompetisi independen.calon independen dibuka luas.dpr diisi campuran(independen,parpol lolos audit).>hasilnya parpol bukan satu-satunya pintu kekuasaan. *tahun7–10:parpol sebagai klub ide.parpol tidak wajib ikut pemilu,tidak punya hak“jatah jabatan”,hanya berfungsi:pendidikan politik,rekrut kader.>hasilnya kalau rakyat tak percaya→mati sendiri. 3_birokrasi,teknokrat:jantung negara.negara tidak boleh tergantung politisi. *menteri & pejabat=profesional.(dipilih lewat:rekam jejak,uji publik,panel independen,parpol dilarang titip jabatan teknis). *lembaga kunci super kuat.kpk,ma,bpk→otonom penuh,gaji tinggi,hukuman pelanggaran=sosial+hukum.>hasilnya elite takut hukum,bukan sebaliknya. 4_demokrasi langsung terbatas(aman).bukan semua rakyat voting tiap hari(itu chaos).yg boleh referendum:amandemen uud,penjualan sda strategis,utang besar negara,pemindahan ibu kota.>isu besar=rakyat langsung. 5_kenapa elite takut model ini?,jawaban brutalnya:hilang ladang uang & posisi aman,tidak bisa sandera presiden & barter proyek.ingat parpol hari ini:bukan alat rakyat,tapi alat bertahan hidup elite. 6_risiko jika parpol dibubarkan total.saya jujurkan juga sisi gelapnya:jika parpol dihapus tanpa desain:militer naik,intel dominan,kritik disamakan makar,media dikendalikan.> sebab itu parpol jangan dibunuh, tetapi dikurung. 7_kesimpulan besar:parpol bukan sumber demokrasi,rakyat+hukum+birokrasi bersih=demokrasi sejati. masalah indonesia sekarang:demokrasi prosedural bukan demokrasi substansi. *solusi:kurangi aktor politik,perkuat negara,lindungi rakyat. *terakhir (ini penting).banyak orang merasa:apatis,marah,ingin sistem diganti total.itu bukan tanda bodoh,tapi tanda sistem gagal memberi harapan.teye",C3,3
hentikan mbg pak ini sudah jelas menciptakan koropsi contok 15 ribu per porsi itu kalau dihitung mungkin hanya 10 ribu per porsi memang mbg adalah janji awal kan yang penting sudah dijalankan tetapi bisa dirubah pak sesuai aduan masyarakat,C1,1
yang kriminalisasi pasti pejabat² kelas kakap bisa menggerakkan lembaga yudikatif tingkat tinggi. siapa ya?,C3,3
membuka peluang besar buat korupsi,C0,0
"mob smk tol ,mandalika,",C4,4
lah. mereka kan bisa jadi dpr juga karena pilihan klean sendiri?? pilihan kalian yang menjual suara harga murah obral 200rebuan. 😂🤣😂🤣,C1,1
"intinya mending mantan orang koruptor sudah tobat, daripada mantan orang baik tetapi kena ott kpk.",C1,1
"anak pki sudah nenek-nenek kake2 ,, apakah ada yang masih mau mendaftar tni ??",C3,3
"lama kelamaan paham komunis bisa ""menyusup"" ke dalam tni ingat panglima❗ tidak semua keturunan pki sadar, bisa juga ingin ""balaz dendam""",C1,1
"kalau calon memang betul "" terbukti ada keanehan bagaimana nantinya kalau jadi polisi? apa tanggapan anda?",C0,0
"percuma tidak akan didengar, nasi sudah jadi taik😮",C1,1
maka orang seperti bang fahri dan fadli zhon adalah masuk kategori orang berpikiran luas tidak muat ada diruang kolam yang sepit dan pada akhirnya terbawa magnet yang sama bertemu diruang kolam yang besar secara alamiahnya bersama partai gelora ( dipak prabowo ).,C0,0
"plongoh jadikan pemimpin bangsa ini negara bisa hancur, masih banyak calon pemimpin yang berkualitas,",C1,1
sok tau.. dikit2 pengalihan isu,C2,2
"setuju,,mayor arogan",C4,4
suryo memang sengaja membuka aib padahal itu tidak boleh meski pun itu benar apalagi kalou tidak benar apa yang di ceritakan nya kelihatan bteul dedam dan sakit hati nya pada pk jokowi benar-benar ini mas suryo lagi cari panggung sebener nya ini yang bikin gaduh itu kangmas roy suryo apa magsud nya mencari2 ke burukn orang lain wah2 ini bukan pro rakyat tapi benar-benar tujuan nya ingin menjatuhkan nama baik pak jokowi,C2,2
yang komentar tidak suka mbg otak mafia tidak bebas berlenggan smjk kepemimpinan zaman bapak prabowo mampus kamu,C3,3
"beginilah sebuah negara ditanggung jawabkan ke orang-orang yang tidak kompeten, yang ada malah rusak luar dalem, naudzubillah, tidak rela mereka cuma di siksa di akhirat nanti, ingin melihat di dunia juga🤬",C2,2
apakah bisa di pertanggung jawabkan bang,C4,4
"yang ini t nya berkonotasi ke waktu yang notabene penting banget, sedang t yang sono berkonotasi ke tempat orang ngumpul2 dan bersorak sorai…",C0,0
​ terbanyak tetapi minoritas karena dikuasai kim 85%😂😂,C4,4
"memang gagal sejak awal dan aneh dari lokasinya terutama, ada koperasi di samping kuburuan, ditengah sawah, dipegunungan jadi asal jadi, manajemen perekrutannya tidak jelas dan trasparan, hanya mementingkan kekerabatan",C1,1
"gaspol, bodoh kan jadinya 😂 . . .",C2,2
mudah mudahan pejabat di negeri ini yang tidak jujur secepatnya di kutuk oleh alloohusubhanahuwata ala apalagi yang koruptor dan mementingkan diri sendiri kutuk dan hancor,C2,2
ini buktinya anis lakukan pembohongan tidak beratika,C3,3
yang punya program sekolah gratis k.o.mau nya makan gratis bansos lancar. konoha bro,C4,4
nanti ada lagi kejadian aneh2. kayak mbg.,C1,1
"tak payah ada mentri2 degan eresiden buat susah rayat saja ,tegok sigapor apa pon semue die beli dari negara jiran ,rayat die semue ada keje",C2,2
"baru sekali beli gas harganya 240,,mau dk mau tetap beli padahal di agen,ah kacau",C1,1
pret,C4,4
tedi adalah mata-mata geng solo yang ditaruh dekat presiden untuk memastikan presiden tetap bisa dikontrol,C3,3
​ betul mulyono ogdj pki,C3,3
"😂 coba upload video bekas panggilannya, upload dichanel mu aja, pasti banyak yang bela kok kalau benar",C0,0
yang penting jangan ajaran kadrun,C2,2
"-nd8dl mencintai bahasa indonesia harus punya pengetahuan bahasa bukan asal blok.ngerti tidak yang namanya "" gaya bahasa"" menggunakan kata ""uang"" untuk bahasa formal namun penulis menggunakan kata "" cuan "" untuk kalimat yang berbau sarkas. mengerti apa tidak blok 🤣🤣",C2,2
"memang partai yang kalah selalu mencari celah kesalahan, itu memang nyata. karena yang salah tidak ingin jadi pecundang",C1,1
"palsu kayaknya yaa., 😁😁 sori saya jujur",C2,2
"penjelasan roy seolah menjawab pantaslah kekisruhan negeri ini tak berdaya tetnyata ada manusia yang menggunakan dan berguru dengan raja penipu dan raja pembohong yang bernama dajjal pastaslah manusia negeri ini yang tipis imannya walau bergelar prof tertipu dan tunduk dengan manusia yang tak memerlukqn ijazah tetapi bisa jadi walikota bekas gubernur bekas bahkan menjadi presiden bekas lalu siapa yang mampu menghentikan si penipu dan pembohong ini .. andai para pemimpin semua agama di negeri ini bersatu berdoa pasti raja penipu dan pembohong sirnah dan wowo mampu melihat dengan jelas siapa fufufafa sesungguhnya "" buah jatuh tak jauh dari pohonnya """,C3,3
3 hal tadi tidak konkrit?? mungkin tidak jelas karena suara tit tit tit dari mesin penghitung,C4,4
menyalahkan orang pada hal diri sendiri yang ingin .. dasar pembohong kok 🆘🆘 manusia tidak tahu diri 👹👹,C2,2
tidak bisa lah kocak judul nya ada pdp (podcast dengan pak menteri) sedangkan mas gibran bukan menteri.,C0,0
"mencari2 kesalahan orang baik, agar bisa disingkirkan tujuannya agar indonesia ini tidak maju dan bodoh sehingga mafia gampang mengobok - obok negara ini.",C2,2
rezim edan 😅,C3,3
"sehat terus bang, semoga mas ibam cepat dibebaskan juga. doa terbaik selalu menyertai orang-orang yang memang berada dijalur kebaikan. ijing share bang 🙏",C0,0
dalam pilpres kemarin prabowo tanpa di bantu jokowi mustahil prabowo bisa jadi presiden,C1,1
kaya introvert begitu yah.,C4,4
"urusan pilihan kembalikan ke suara rakyat, rakyat srek dengan yang mana. sosok nomor 1, partai nomor kesekian",C0,0
"yups,cuma pki yang bilang kadrun..dulu juga pki yang bilang bgitu.",C2,2
wereng coklat,C4,4
kepala negara keras kepala.gak mau pendapat orang lain .angel angel wes aturane. .😊,C2,2
"walau saya cebong, tetapi saya tidak tega nontonnya.😌 !!",C0,0
"memaafkan pki,yaa. melupakan, tidak. karena demikianlah smestinya sejarah itu ditulis. tetapi dengan cttn kalau eks komunis dan keterangan harus sgera move on untuk nkri . bukti: masa menonton film sejarah g30s saja dilarang,etc..",C1,1
semua partai juga tidak ada yang bener. coba saja perhatiin. mending tidak usah milih.,C2,2
tanpa dpr negara ini tetap lah nkri,C1,1
ini cara bicara santai sekali bapak anis baswedan,C0,0
hebat ya..kamu hanya dijarah rumahmu sudah merasa sedih.liat pakai matamu sahroni.uang rakyat kalian curi bertahun tahun..nyawa rakyat kalian hilangkan setragus itu.masih kamu bilang rakyat yang maling?,C3,3
tetapi banyak juga anak muda yang ilpil karena ruang politik dijadikan ajang pertengkaran dan dijadikan sarang maling,C2,2
yang turut mendo'akan dan mendukung orang² yang mencari kebenaran dan menyelamatkan bangsa dan negara . kumpul disini . allahu akbar. bismillah.. allah bersama orang² yang benar . aamiin❤,C0,0
mungkin itu hanya perasaan netizen saja 😂,C4,4
program mubazir. kasihan toko kelontong .gk menyelesaikan .tambah masalah..kacau kacau .bikin proyek ..buat alasan .semua ujung nya duwit,C1,1
buzzer ye,C4,4
waspadalah pada partai komunis sejahtera.. membawa entitas agama ke politik lebih berbahaya daripada komunis.,C1,1
anis tidak punya etik menyerang orang yang pernah membatu anis untuk menjadi guber mulai dari uang partai dan jasa tenga dan pikiran kok anis menyerang pak prabowo,C2,2
"benar sekali nih, jangan terbawa berita2 angin provokasi yaa. menurut saya juga gamungkin sih keluarga jkw berpaling. toh tidak ada sinyal yang gimana2 juga dari jkw ke capres lain. sabar aja, ojo kesusu 😅",C4,4
setiap kpk mengusut perkara korupsi besar selalu saja dicari kesalahannya dan dihujat apalagi jika menyangkut kader partai maka partai beserta jajarannya dan parai kroni2 koruptor berusaha menyerang dan menjatuhkan kpk. begitulah sejak kpk didirikan dan ssmpai saat sekarang payah,C2,2
partai 0 koma huahha 🤣🤣,C2,2
anda provokator jelas tidak tahu permasalhan asal bicara saja,C2,2
"iya abang pasti kecewa ya memilih anies di 2024, sudah tidak menang, nyalon gubernur ngemis partai tidak ada yang deal.. kasihan",C2,2
sekarang apa kabar?😅 kayaknya 11 dari 100 itu kegedean deh ya tidak si😂😅,C4,4
"hancurlah kita, negara yang telah di rebut dengan darah ternyata dengan mudah di jual oleh pemimpin yang bodoh",C3,3
bravo cie ina!,C0,0
ijazah sama saja tak bisa ditunjukan apalagi ijazah s1,C4,4
dulu pendukung pdip sekarang jatuh hati dengan psi.,C1,1
"menggosipkan teddy, tolong tempo dicari berita yang lebih berbobot. kalau dekat sama bos wajarlah kalau dapat promosi.",C0,0
efek ternak koruptor dan pengkhianat bangsa terlalu lama .,C2,2
"sosok h isam tak bisa lepas dari sosok jokowi, ini yang mungkin erat kaitannya dengan partai super tbk",C0,0
justru karena nadiem bukan orangnya jokowi makanya di kriminalisasi seperti itu..anda lihat lagi mana nasib orang-orang yang kontra dengan jokowi seperti tom lembong.hasto kristiyanto nadiem makarim,C3,3
​​ -w2w jokowi mendalilkan bambang tri menyebarkan kebohongan soal ijasah palsu. harus nya jokowi dapat menunjukan ijazah nya . jika benar asli baru wajib di penjara. nah ini aneh sekali. tidak dapat menunjukan tapi sudah bisa memenjarakan orang. di mana mata hati mu ? objektif dong,C3,3
"wkwk, dasar pak jokowi penghianat, dari jadi walikota, gubernur hingga jadi presiden pdip berjuang demi pak jokowi, cacian apapun pdip menjadi tameng, citra pak jokowi terbentuk karena pdip, tetapi akhirnya pak jokowi menjadi pengkhianat tidak tahu diri, sampai akhirnya kekuasaan dimanfaatkan untuk merusak konstitusi supaya anaknya bisa nyalon yang sebelumnya terhalang oleh umur",C3,3
kalau ugm yang mengeluarkan dimana palsunya? 😀 aneh cara berpikir orang yang sakit hati.,C1,1
"bisa tidur tenang punya panglima sehebat beliau. sangat objektif dan faktual. lagipula apa hubungannya keturunan pki, yang hanya memiliki background yang disangkutpautkan tanpa mereka bisa kendalikan, dengan mencoba untuk melayani negara. jika mereka ""keturunan pki"", itu adalah masa lampau dari orang tua mereka yang tidak bisa mereka kendalikan atau hapus, bukan berarti mereka tidak bisa berubah. apa gunanya pkn dan sekolah. dan sudah pasti yang daftar tni minimal lulusan sma.",C0,0
saya suka sama om fahri .dari pada garung😅,C4,4
"pemimpin psi saat ini kulturnya sudah terbentuk oleh partai, kerja dan tugasnya mengghibah di publik, sayang sekali grac",C1,1
"tetapi beroperasi persis warung. gagal bisa jadi beban desa. tidak gagal bisa perang dengan umkm (warung"" masyarakat). dua-duanya tidak baik.",C1,1
​ jokowi bukan negarawan tetapi orang gila kekuasaan untuk dinastinya makanya dengan cara culas pun dia tempuh tidak mikir dampaknya,C2,2
😁😁👍🙏,C4,4
sebaiknya ketika oranglain berbicara jangan dipotong!sebab orang berbicara mungkin akan berbicara panjang lebar agar pokok pembicaraannya bisa menggiring ke topik yang dimaksud!,C0,0
"betul betul mafia hukum.yg sesungguhnya adalah orang kejaksaan ,",C2,2
"harta dunia jokodog penipu tidak bisa menolong nya di akhirat saat diminta pertanggung jawaban atas penipuan jokodog kepada nkri dari mulai mobil esemka, ijazah bodong nya sampai janji si fufufafa gibran dari 19 juta lapangan pekerjaan yang fiktif! allah swt maha adil pada rakyat indonesia yang dibohongi keluarga jokodog penipu. amin amin yarobbal alamiin 🤲🤲",C3,3
kita rakyat.pada.tahu.arah otak.budiman.ini.akan melanjutkan.kerusakan.ketata.negaraan.kita.,C1,1
hancur .,C1,1
bukan jamannya lagi pakai politik identitas dan saya yakin rakyat jakarta sudah pada pintar semua untuk memilih pemimpin yang punya integritas dan peduli terhadap rakyat kecil.,C1,1
13:02 itu pengadaan tanaman hias sama perawatan aquarium di lantai 7 komdigi tidak niat di inspeksi?,C0,0
lebih terlihat sehat dari pada sebelumnya.. zaman surabaya adalah yang terbaik setelah reformasi,C0,0
"iya ya. kardus. kardus. kata andi arif, ketua bapilu partai demokrat, prabowo hanyalah seorang bekas jenderal kardus. 🤣🤣",C3,3
"partai pembohong, pemfitnah : giring , grace. formula e , debat cawapres.",C2,2
tidak ada bedanya dengan heaters. pintar dengan kata kata. jikalau dikasih sebuah jabatan.. pasti salah guna . bagaimana mau tahu orang punya prestasi. kalau tanpa duduk terlebih dahulu di bidang nya.. 🤭🥱🤣🥱 turu dek,C2,2
balik lagi ke mpr dan dpr berani tidak mengeluarkan undang undang dengan pasal bisa menjerat tukang kriminalisasi . kanan jabatan itu titipan suatu saat mereka akan menjadi mantan setelah 5 sampai 10th. bisa jadi hari ini terjadi di orang lain masa depan bisa menjerat pejabat yang punya kuasa sekarang tetapi memilih diam dan tidak mau membuat undang undang yang bener.,C1,1
penjahat terorganisir di negeri ini siapa ya?,C4,4
"jokowi sangat-sangat dicintai sebagian besar rakyat indonesia yang selalu menginginkan pemimpin yang jujur dan bersih seperti jokowi. yang tidak suka jokowi, pasti, dan pasti, adalah para koruptor manusia2 sampah masyarakat pencuri2 uang rakyat. we always cinta you pak de ku joko widodo.❤",C3,3
ini gagal paham juga ni..,C4,4
walikota drs..presiden lr.loncatnya keliatan..😂😂,C4,4
​hidup browo,C0,0
kaset nya rusak wkwkwkwwkw,C2,2
"jika jika tidak ada maksud dibelakang layarnya..seharusnya yang diucapkan itu agar roi suryo dipenjarakan beserta rekam dan bohirnya,bukan malah menyudutkan jokowi. masa sebagai negarawan tidak tahu bahwa memperlihatkan ijazahnya didepan umum itu adalah suatu penghinaan..dan tidak sesuai dengan etika untuk seorang mantan presidenn..!!? h.",C4,4
"pki itu fpi,hti",C3,3
"iya tidak waras2, dan kebanyakan yang non muslim dan cina. kalau prabowo orang muslim2",C3,3
memang bajingan tuh jokowi.banyak usaha yang bangkrut saar jaman jokowi,C3,3
"setuju mas bro, saatnya anak-anak muda dan nasionalis berjiwa muda duduk di legislatif dpr mari kita dukung dan satukan suara untuk psi agar bisa masuk ke dpr tahun 2024 nanti. demi terwujudnya pemberantasan korupsi, pengesahan uu perampasan aset para koruptor, indonesia maju dan sejahtera salam solidaritas",C3,3
opn,C0,0
kayaknya selama masih ada geng solo di negeri ini,C4,4
​ hanya orang idiot yang tidak bisa menilai pencapaian anis,C3,3
logikanya kok sekolah di luar angkasa bahasanya belepotan apa iya ssekolah di luar angkasa masih pakai bahasa jawa😂😮,C2,2
"alasan saja, supaya tentara2 bisa korupsi!",C3,3
"tidak lulus sama tidak apa-apa yang penting bisa jadi wapres, rakyat cukup tahu saja",C4,4
"saya cuma bingung, yang dimaksus analisa atau asumsi kebencian itu seperti apa mksdnya, karena dari yang saya tangkap, ipda verren cuma menyampaikan hasil dari analisa wawancaranya yang ditambah dengan contoh untuk menjelaskan analisa yang didapat, dan memakai sense bagi gw. selain itu kalau dulu memang gagal masuk tni lalu sekarang dipecat dengan data2 yang disampaikan ipda verren ya wajar dong. kecuali orang tuanya punya hasil analisis dari beberapa psikolog di rumah sakit berbeda untuk mematahkan tudingan npd atau psikopat itu tadi",C1,1
"​ lalu kenapa ngemis meminta dukungan partai , kenapa tidak lewat independen katanya anis banyak dukungan dari rakyat , kenapa bos , kok diam",C2,2
"betul, di desa saya jalan jelek semua setelah ada kmp ini",C1,1
"orang jahat selalu di benci, contoh nya maling kalau ketangkap di gebukin",C3,3
bukan duduk2 saja mbak tidur gajinya sangat fantastis,C1,1
kata-kata terus wkwk kok bisa ya hasilnya fakta buruk,C1,1
betul sudah di memberikan azab juga (sakit kuraf)msh juga belum sadar sadar.tp.menurut yang ramal bakal kena penyakit yang lebih parah lagi .klu tidak sadar juga tinggal tunggu waktunya saja tabur tuai ada karma ada ya hati hati ya pa jokowi,C3,3
luar biasa apanya ..!?? 2 orang ini dendam sakit hati sama pimpinan kpk sekarang ..!! 2 mantan kpk ini kan yang menggelapkan barang-barang bukti sitaan di kpk ..!! mantan kpk .. mengerdilkan kpk malah mendukung maling .!!,C4,4
"kamu putar ulang videonya, ada tidak pernyataan pak anies yang menyalahkan angin, tetapi justru yang gagal paham bicara menyalahkan angin kocak asli parah2",C1,1
"tni dan polisi tidak boleh ada di ranah sipil..kalau perlu tni dan polri dbawah naungan kementrian,,merekalah yang paling merusak sisten dinegeri ini",C1,1
"saya kalau mendengar kejaksaan sampai mual bahkan enggan ngikuti beritanya sejak kasus bu ira dengan pak tom, terakhir sitepu karena memang ramai bgt. sekarang muncul lagi dengan parahnya koruptor jadi saksi kebodohan dipertontonkan berulang kali saking seringnya sampai malas buka sosmed karena pasti ada berita bodoh kaya begini lg.",C3,3
jawa tengah dukung kdm❤,C4,4
"kalau orang itu tidak punya salah,ya tidak mungkin dihukum lah!.coba lihat orang-orang tidak pernah dihukum!,knp?,krn mereka tidak buat salah! untuk menghukum orang tidak mudah harus dibuktikan dengan macam-macam alat bukti,ket ahli2,tdk ngawur.tdk alasan disingkirkan karena ini itu seperti kata mbak diatas,ini neg hukum.",C1,1
tempo 👍,C0,0
pilihanq tuan guru bajang dengan surya paloh.,C4,4
si rocky berkata maka harus mendengarkan doa padahal hanya allah yang dapat mendengar dan mengabulkan dari isi otak si rocky memaksakan kehendak harus mengabulkan permohonan 01 03 itu artinya tidak siap kalah maunya menang saja ini sifat berbahaya seandainya dikabulkan malah hukum dan lembaga negara akan kacau balau rakyat akan ribut itulah di isi otak si goreng,C2,2
tertawa .keputer lagi. mas anis ..mas anis😢😢,C0,0
kamu banyak cakap sebenarnya tidak ada hubungannya dengan ijazah jokowi asli atau palsu ini hanya ingin menghancurkan citra pak jokowi di mata publik mangkanya kalau punya mata di pakai melihat dan kalian harus tahu apa saja prestasi pak jokowi selama jadi presiden untuk indonesia,C2,2
konteks?,C4,4
"sejak pdip maksa mentri nya harus 8 atau lebih, sedangkan jokowi ingin lebih banyak yang profesional di mentrinya, awalnya gibran dan kaesang tidak ingin masuk politik, dan jokowi juga bilang gibran belum cocok masuk politik, tetapi pada akhirnya karena pdip semakin liar, jkw terpaksa majukan gibran bahkan bukan ke pdip tetapi ke sahabatnya prabowo",C2,2
miris,C4,4
"harusnya menteri terpilih menjalankan tugas dengan baik, dari 250jt penduduk indonesia menteri hanya satu padahal ada ribuan atau jutaan yang mungkin lebih baik dari dia untuk jadi menteri",C1,1
"10 :40 lah ngapaen di anies membicarakan tanah pribadi nya org,, itu hak nya semua orang loh dan itu juga tanah dari hasil jerih payah sendiri masa iya capek² beli tanah di kasih ke org.. kalau soal buat perumahan tni itu uang dari pemerintah buka dari tanah pribadi sendiri,,",C3,3
"wkwkwk kurang wawasan, mungkin dulu pak jokowi membolehkan ex korupsi nyaleg, karena memang ada hukumnya menurut undang"" atas dasar ham. tapi yang dipermsalahkan adalah ketua umum yang menyetujui ex korupsi ikut nyaleg. seperti tidak ada orang lain lagi dipartainya yang bagus tidak korupsi",C2,2
"di debat terakhir paslon 02 mulai setuju dengan perubahan yang dibawa oleh 01, dari awal paslon 03 sepakat oleh 01, jadi semua kontestan debat memihak ke 01. kesimpulannya para paslon setuju dengan gagasan 01. masak pendukungnya enggak setuju sih, sedangkan para calonnya saja mulai setuju semua",C1,1
anda waktu itu pk prabowo tidak ditipu pakai ijazah palsu.sepertinya prabowolah pemenang pemuilu waktu itu.kpu harus bertanggung jawab.klo terbukti palsu.karena secara kualitas pk prabowolah yang pantas presiden.,C4,4
ini asli preaiden,C0,0
"presiden yang tidak berdaulat, patuh dan taat pada printah si mak banteng, apalah daya walau beliau presiden tapai beliau cuma anggota partai",C3,3
nisnis tahu apahh kamu nis🤣🤪,C0,0
iya belum tentu anaknya maling sapa tahu jadi rampog 🤣,C2,2
ingat! jejak digital sangat kejam ya? hari ini kalian berbohong. tetapi di masa yang akan datang kebohongan itu akan terbukti dan jejak digital inilah yang nantinya akan berdampak buruk untuk kalian. tidak ada kebohongan yang sempurnah,C1,1
itu juga pasha ungu itu kenapa bisa jadi ya pedahal dari kalang anak band aduh hacur negara ini 🤦‍♀️ mana rakyat sudah susah tambah di bikin susah 😢,C1,1
"kalau rakyat masih menginginkan beliau tetap sebagai presiden gimana? uu itukan buatan manusia yang bisa diubah, bukan buatan tuhan. secara logika tidak mungkin rakyat maui memilih lagi kalau p. jokowi tidak punya prestasi apa - apa",C2,2
saya juga tidak suka ribut tapi kalau sudah kafir2 orang dan brkta kasar suka nyinggung orang saya juga tidak bisa tinggal diem..mengkritik tnoa dasar..itu perlu diksih peljrn ..kita bukan orang hebat tapi kita harus saling mnghargai..bukn kfir2n orang dan mengatai bangsat terus mengatai sift2 orang yang belum tentu yang mengatai punya kontribusi yang positip.,C2,2
partai sentimen 🤭,C1,1
paling rusak,C1,1
bukti nyata capres dari partai pk ferdinand pilpres yang lalu kalah telak karena jokowi ada ada pihak lawan. legowo saja bos,C1,1
selalu begitu.pintar merangkai kata kata 😀🙈,C4,4
dpr dari artis makax resikox negara jadi hancur begini karena kepedulian terhadap masyarakat tidak ada ini to.,C1,1
kalau tentara tidak di libatkan uang di berikan ke kades bisa habis dan keamanan pembangunan juga bisa hilang semua alat2 / besi nya,C0,0
dpr bubarin saja tidak guna,C1,1
"jadi semakin menambah keimanan dan haqqul yaqin kalau akhirat itu dipastikan ada. suatu hari kita akan tiba dihari perhitungan dan pembalasan dimana setiap perbuatan kita selama didunia, sekecil apapun akan dimintai pertanggung jawaban. logikanya, dunia dengan segala ketidakadilan dan kedzolimannya memfitnah orang yang tidak bersalah dan meloloskan orang yang jelas jelas bersalah. definisi pengadilan bobrok ya cuma ada didunia yang saat ini kita tinggali. negara kita, indonesia. bersenang senanglah kalian didunia manusia manusia dzolim menjijikkan..",C1,1
capai juga ya jadi orang yang justru ingin mendedikasikan untuk negeri malah banyak penjahat dari dalam.,C1,1
saya juga bosan dengarkan suara info bang ferry. kapan kapan kita mabar di dpr yuk.. mendengar komando.. bukan sekedar info. dikarung karungin saja cocoknya koruptor dan penegak hukum korup di negara ini.,C2,2
anies baswedan bisa,C4,4
"di morowali hrga tabung gas melon 35.0 untuk warga lokal, buat pendatang 50.0. kalau pas lagi susah barang bisa sampai 70.0 - 80.0. menyala harganya",C3,3
"kalau anda pintar pasti anda ada di forum tersebut, dan anda tidak ada, berarti anda lebih dongok dari yang anda lihat.",C2,2
lah iya. sebagai seorang pejabat tinggi negara .sekelas wapres nkri . negara yang punya karakter & eksistensi di dunia internasional. tidak pernah bicara .kerjaanya hanya senyam senyum di pasar.bagi - bagi kaos .bagi bagi sembako. duuh.gimana ini,C1,1
"idiologi komunis memang benar sekarangpun masih ada contohnya cina,rusia,tetapi pemberontakan pki dan komunis itu beda,karna komunis adalah idiologi yang di terapkan suatu bangsa dan sedangkan pki itu organisasi yang memberontak dan terlarang di negara kita jadi bukan berarti keturunan pki itu pemberontak,apa mau saya beri contoh yang mudah.",C3,3
penjelasan yang sangat detail.pendengar bisa paham,C0,0
"pernah menonton rjl 5 disitu juga mengungkap seorang anis baswedan juga melakukan ritual ke ratu laut pantai selatan saat pemilu lalu, tetapi kalah juga tuh. mana di ujung tebing, jalannya susah dan serem. pengakuan dari juru kuncinya langsung saat di wawancarai oleh bang fajar saat itu. coba saja di cari podcastnya pasti ada. orang jawa tidak aneh pakai ritual dan saya yakini banyak pejabat bahkan bukan hanya pejabat, pedagang, buruh pabrik, dan lain banyak ya pakai penglaris, pesugihan dan semacamnya.",C1,1
"sangat betull!!, untuk 2029 jangan pilih partainya si paman gembull, program receh tanpa kajian2,, tinggal tunggu apbn tekor tidak ada duit nya",C2,2
kw pki,C4,4
"setuju lurr. memang bangsandi dan pasangan nya sangat kompak romantis seperti pengantin muda. saling menutupi. kalau yang sebelah sikakek banyak ngowoh nya, banyak diam persis boneka pajangan di toko baju",C2,2
saya yakin setelah di resmikan kdmp akan kukut.knp?karena program ini syarat dengan kontradiksi dengan program-program desa yang telah berjalan cukup lama😢,C0,0
"kpk atau komisi pemberantasan korupsi yang di awal""pembentukanya srmpat jadi tumpuan publik karena gebrakanya""cukup bertaji kini telah berganti nama jadi komisioner pemeras koruptor yang mulai meredup dan tak lagi di percaya publik karena rekam.jejak ketuanya pun sangat di ragukan dan tak lagi konsentrasi pada isu""pembetantasan korupsi tetapi malah sebaliknya.",C2,2
gibran menguasai masa depan ekonomi? dasarnya apa ? pengalaman disuntik 77m cuma buat es teler tetapi baru 2 tahun tidak berbekas? pls lah.,C0,0
"karena dulu dia juga kan di tni anak emas karena mantu presiden, jadi enggak heran enggak mengerti aturan tni",C4,4
grace natalie kamu sedang membuka jalan untuk orde baru bangkit lagi,C2,2
apa bedanya dengan pks hanya jadi partai pembenci jokowi.,C2,2
apa nya yang masih aman pak prabowo? 😅,C0,0
"kalau oak owo action nya selaku seorang pemimpin, lebih dominan, punya cakar, kurasa tidak perlu ada setiran orang lain, dan juga kalau punya pemikiran waras.. tidak akan keluar kata² aneh dari mulutnya.. itu pendapat saya sih, jadi kalau presidennya lurus, tegas, berita² kritik sesuai kerja nya (co, seperti pak purbaya, bu susi, pak jonan). namanya jurnalis, pasti menempel ke pejabat publik. apalagi pak owo adalah ri1 bukan pribadi lagi, seorang pejabat publik, yang setiap langkah, setiap nafas, menentukan jalan negeri ini. maaf kalau tidak sesuai, tapi ini pendapat sya.",C1,1
-qd5gz dia pki,C4,4
najis roy suryo,C4,4
mbg jatah polri dan koperasi jatah koperasi.,C0,0
"salut buat psi, maju terus sembari menata partai sampai menjadi tempat rakyat berjuang bersama, mewujudkan indonesia maju, damai tentram dan sejahtera",C0,0
hebat analisa okky madasari.namun tolong bagaimana jalan keluar untuk mengatasi pengaruh jelek dari wapres ini.,C0,0
menangis sekali ketika ahok mengungkapkan pembelaannya pada bu mega dan pdip,C4,4
"​ -r2e pertama, kasus tom lembong dan hasto jelas beda. tom lembong kena kasus karena membuat kebijakan tidak sesuai peraturan, namun tidak menimbulkan kerugian negara dan tidak terbukti mendapat keuntungan dari kebijakannya. hasto jelas terbukti bersalah, ada bukti""nya, ditambah apa yang dilakukannya jelas menunjukkan ada niat buruk. nadiem, mirip tom lembong, sampai saat ini tidak terbukti merugikan negara, dan tidak ada niat merugikan negara dan juga tidak mendapatkan keuntungan dari kebijakannya. tom lembong kontra jokowi, mungkin. hasto kontra jokowi, jelas, orang dia sekjen pdip. nadiem kontra jokowi, tentu tidak, orang jadi mentrinya jokowi full 5 th.",C1,1
bin jadi alat termul untuk mematai matai orang orang berlawanan politik dan mengkritik rezim.,C2,2
"itu nenek bilang kalau bukan anak buahy pergi,jngn ngerusak dari dalam 😀",C4,4
mengurus jakarta yang kecil saja kamu tidak bisa nis..gimana mau urus nkri.. aneh-aneh saja kamu nis ..ngawur ..ketinggian mimpi nya,C2,2
​ penipu,C3,3
​ kamu tentara pasti,C0,0
​ mau ada soros kek. mau tidak kek. kalian terima uang jasa buzzer dari pemerintah konoha kan? 😂,C1,1
"​ kamu nya saja yang kurang pintar, gampang dimanipulasi kepentingan org.",C2,2
undang wapers kayaknya lebih seru pak gita,C4,4
"""indonesia surganya koruptor"" sepertinya mustahil kak ferry, korupsi bisa hilang di indonesia raya ini, hanya kiamat yang bisa menghapusnya",C2,2
kdm fokus saja di jabar. kan belum beres juga.beresin dulu kerajaan pajajaran sebelum mengurus orang lain,C4,4
-l3f kamu juga makan duut haram dari buzzer 100m,C2,2
kamu ada panggil kadrun saja ya,C2,2
"baru tahu sipat bapak presiden kita ternyata watak nya keras egois,bkn mendengarkan suara rakyat malah mempertahankan egonya,parah parah,katanya dari rakyat untuk rakyat,omon omon doang,g jokowi tidak prabowo pada bae,hadeuh🤦🏼🤦🏼🤦🏼🤦🏼",C2,2
sudah waktunya umat islam harus bersatu tidak usah memandang kelompok ini kelompok itu bersatu kita teguh bercerai kita runtuh gas pol jangan kasih kendor sikat sampai ke akar akar nya maju tak gentar membela yang benar maju serentak geruduk dan seret pembohong dan perusak negara ini merdeka,C1,1
"celios khususnya bhima ini, alih2 dianggap antek asing..justru dialah aset negara, daripada pihak lain yang menuduh pihak lain antek asil padahal jangan-jangan liabilities untuk bangsa",C3,3
"​ yang bangga cuma prabowo dan teman-teman tololnya ya, rakyat sudah ingatkan!!",C2,2
yang bersangkutan menyelesaikan dari mana soal ijazah belum diperlihatkan. ugm pendidikan tipu² jangan ada yang mau kuliah di rektor ugm sudah membodohi anak bangsa yang sedang jalani cita² dinegri kita ini.kasihan para orang tua yang sedang menguliahkan anak² nya direndahkan. yang tidak punya ijazah bisa jadi bejabat. dan koruptor.!,C3,3
"kalau demo tidak anarkis saya ikut, tetapi kalau merusak, maaf, itu bukan solusi apa lagi merusak fasilitas umum, yang rugi kita sendiri,",C0,0
"saya senang mendengar penjelasan grace natalie. semoga pilihan psi ganjar pranoowo. masak orang pintar macam natalie tidak tahu rekam jejak prabowo. kalau psi merasa terpukul dengan sikap pdip sebetulnya itu bukan sikap pdip lebih disebabkan sebagian kecil kadernya yang tidak elegant. prabowo tahu perassan psi, justru itu dia coba mencari ke beruntungan doang. bukankah pdip terang terang an mengatakan prabowo melakukan politik ""pecah belah?"". jokowi. ilik rakyat keseluruhannya, makanya tidak boleh terus terang menyatskan pilihan ke ganjar pranoowo, persoalannya, sebagian relawan ""salah baca"" mengira jokowi dukung prabowo. tetapi relawan yang membaca rekam jejak prabowo tidak akan salah membaca rekam jejak prabowo. kita juga mengaprisiasi kunjungan psi kepada pdip via mbak puan maharani. perassan kami adalah perassan bangsa indonesia yang mencintai psi dan pdip, mengharapkan figur yang tepat untuk mengambil alih tongkat estafet jokowi, sebagaimana harapan grace juga yang sering kami dengar dari mulut anda, grace natalie ❤",C1,1
kamu saja yang contoh mengapai suruh orang.bagus samamu sama orang belum tentu,C1,1
"presiden prabowo tak mau dengar keluhan dan suara rakyat.biar saja pak prabowo ,nganggab suara rakyat tak berharga.yg di pikir hanya jokowi ,pupu papa,dan pejabat titipan jokowi ..ingat nanti kita rakyat balaskan 2029.sudah ingat ini..lihat pak prabowo mengulangi kesalahan ms lalu pak soeharto jatuh,karena tidak mendengar jeritan rakyat ,yg didengar hanya bisik,suara pejabat2 pembohong2.sayang jadinya paksoegato itu bagus jadi presiden ,hancur oleh orang-orang pembohong dan penipu2",C3,3
harry siagian lah saya kan ngomentari egga figur..situ yang nyamber.yang saya tahu juga baik divideo maupun yang sedang booming saat ino semua beragama..cuma salahnya kita minoritas aja.semua masalah iman saja..saya tanya anda..anda percaya nabi isa ada tidak?nah yang jadi masalah kan kita kaum nasrani mengganggap nabi isa itu tuhan..sedangkan anda tidak..sebenernya kan masalahnya itu..tp anda juga percaya nabi isa itu ada.jadi intinya semua juga punya agama..tp tidak baik juga merasa paling benar dan merasa palinh sempurna.karena benar dan sempurna itu punya tuhan.dan tidak perlu menghakimi..karena hakim terakhir itu tuhan..sorry ya pak bos kalau salah,C0,0
"dpr periode ini bagus sudah banyak kemajuan yaitu cepat suarakan aspirasi masyarakat, tinggal revisi uu anti korupsi biar hukum berat para koruptor",C3,3
memang dari dulu indonesia kalau ada orang yang jujur disingkirkan difitnah makanya tidak maju dan isimya parakoruptor,C1,1
"bisa jadi orang yang ada di dalam kementrian tersebut yang selama ini jadi ""benalu."" yang sudah mengakar disana..siapa tahu kan?",C4,4
2 buzzer di atas dibayar per komen.semakin banyak komen makin banyak cuan😂,C2,2
harus nya guru honorer gaji itu 25 juta,C4,4
mungkin lagi sakit' ggi atau lagi mules,C4,4
"​ reformasi yang gagal & kebablasan 👎 melenceng jauh dari cita-cita awal. saya sendiri ngalamin langsung, disaat awal-awal reformasi, optimisme dan harapan masyarakat menguat melambung tinggi terhadap era baru tsb. pemerintahan habibie diisi orang-orang kompeten dan kkn nyaris tidak ada tidak terdengar. kondisi sosial-ekonomi negara sudah mulai pulih, membaik & tertata lagi. ketika habibie digantikan gusdur, arah reformasi mulai melenceng. pada bermunculan lagi kkn dimana2. - pemerintahan dan istana sangat pekat berbau perkoncoan. para pejabat2 negara banyak diisi konco2 satu geng nganu atau kerabat sanak saudara sendiri (ponakan2 gusdur pada menjabat mentri atau pejabat tinggi negara). istana negara jadi mirip warung kopi atau balai rt. banyak orang-orang gakjelas pada ngegembrong nongkrong di istana sambil gakjelas pada mengapai dan pada mau apa tuh orang-orang tsb. - kasus2 korupsi & pungli pada marak bermunculan. dari tingkat pusat, hingga ke keroco2nya di daerah2. kalau ingin urusan lancar dengan orang-orang pelat merah, harus siapin amplop coklat dibawah meja. - premanisme dan ormas2/lsm gakjelas pada marak bermunculan dimana2. saya ingat bener, saat di era tersebut mulai muncul tradisi baru tiap mau lebaran atau akhir tahun : pada nongol mengantri preman2 berseragam ormas nyodorin ""froposal"" permintaan dana thr dan tunjangan operasional buat ormas mereka. - cukong2 & boss2 kayu ilegal dan pembalakan liar sda hutan, marak dimana2. hutan2 lindung & kayu2 jati perhutani dijarah habis2an oleh gerombolan yang mengikuti omongan gusdur ""..ambil saja kayu itu, toh dulu yang menanamnya moyang kalian.gitu saja kok repoot"" 😂 polisi hutan /jagawana tidak berdaya karena penjarahan tersebut dibekingi oleh ormas loreng abal-abal berkopiah. kerusakan alam paling parah dalam waktu paling singkat (dua tahun). hutan2 pada gundul, banjir & longsor dimana2. - kemaksiatan dan kemerosotan tatanan moral & sosial dimana2. pada marak pentas2 dangdut seronok, dengan segala macam kreasi goyang seronoknya. dari mulai goyang ngebor, goyang gergaji, goyang patah2, goyang dombret, segalamacem gakjelas. majalah2 dan koran2 cabul pada marak beredar di pinggir jalan atau dijajakan di lampu merah. era pemerintahan paling aji mumpung kampungan. memalukan dan kemunduran di berbagai aspek berbangsa. .",C2,2
50 periode pun pasti jadi jika tiap pilpres jadi pencuri&maling tengah malam&bohongin rakyat,C4,4
"makin sesat hukum di negaraku, gila😢 demi uang harga diri hilang😢",C1,1
ternyata bung pigai jauh lebih pintar daripada rg dan refly harun😂😅.bung pigai cocok jadi ketua kpk.✌️🇮🇩❤️,C0,0
"bursa caketum p: 1. amran sulaiman 36,16% 2. gus yasin 19,88% 3. sandiaga uno 15,54% 4. gus ipul 9,60% 5. dudung abdurachman 4,92% 6. arwani thomafi 2,87% 7. marzuki alie 1,35% 8. agus suparmanto 1,02% 9. lainnya 8,66%",C0,0
bangsa ini butuh pendidikan gratis sampai bangku kuliah bukan mbg yang kelolanya kacau balau guru digaji dengan layak yang penting supaya para guru bisa mengajar dengan tenang 2proyek mbg dan kopdes itu mengkuras +-20% apbn ini akan buang sia2 tanpa hasil,C1,1
ayo. mari bersatu gol kan uu perampasan aaset para koruptor yang sudah berpuluh tidak jalan jalan untuk di ttd di dpr.,C3,3
"anies juga ngehamburin duit lebih parah pas jadi gubernur program balap2an yang kelebihan bayar atau bahasa halusnya korupsi juga tidak dipertanggung jawabkan.. masih lebih berfaedah program makan gratis daripada ajang balapan, wlpn 1 anak dapat 1 potong tahu dan tempe stdknya masuk ke perut rakyat dibanding ajang balapan yang di nikmati elit2 saja dan dulu anggaran banyak di markup wajar dulu teman-teman kamu pada apatis sama anak abah karena memang sudah melihat kualitas pimpinannya. yang pulang mending ya cuma ganjar pranowo belum ada rekam korupsi kalau prabowo dari dulu sudah kelihatan korupsi pesawat tempur tetapi pada tutup mata😂😂",C3,3
adik nya yang mana ya kalau boleh tahu,C0,0
"bos mbg ngantuk,proyek maling",C2,2
​ jokowi dan kawan2nya yang merusak citra bu mega secara halus sampai pdip sandri tidak sadar.,C3,3
as adalah sosok anggota dpr musuh rakyat,C3,3
"lanjut atas, gusdur sendiri saat jadi presiden itu untungnya cepat-cepat digusur diturunkan mpr pimpinan amin rais. pelengseran gusdur di tahun 2001 itu memang wajar dan sudah seharusnya, untuk mencegah ri makin terpuruk nyungsep ke dasar jurang. persis seperti kejadian pelengseran sukarno tahun 1967. sukarno dan gusdur itu 11-12 : - sama-sama merehabilitasi & mencabut pelarangan pki (sukarno tahun 1952, gusdur tahun 20 tetapi gagal) - sama-sama membubarkan parlemen yang sah, hasil pemilu demokratis (sukarno lewat dekrit presiden 1959, gusdur gagal karena tidak didukung tni & masyarakat, kecuali pkb). - sama-sama diturunkan kekuasaannya lewat sidang istimewa mpr ri. -sama2 dikultuskan. dianggap sebagai wali atau manusia setengah dewa. orang-orang yang ngalamin sendiri masa-masa itu tidak akan lupa soal bagaimana carut marutnya kondisi sosial-ekonomi ri, saat gusdur menggantikan habibie. kondisi sosial ekonomi yang sebelumnya sudah mulai membaik & tertata lagi di era habibie (era habibie tercatat sebagai satu2 nya era kepresidenan dimana tidak ada skandal kkn di lingkaran istana), mundur kembali acak2an parah. nilai dollar yang sebelumnya berhasil dikendalikan habibie (dari rp16.800 ke rp 6.0 an) dalam waktu singkat, malah jadi melorot lagi terus-terusan hingga ke angka belasan ribu rupiah per dollar. skandal memalukan & kasus2 kkn kembali bermunculan (bulog gate, brunei gate, skandal asusila dengan binor ny. aryanti sitepu). baru juga setahun menjabat, sudah terkuak kasus korupsi di bulog. seorang suwondo, tukang pijit presiden bawaan gusdur dari kampung, bisa membobol duit negara puluhan miliar rupiah dengan melibatkan pejabat bulog. duit2 bulog tersebut mengalir ke orang-orang dekat gusdur. saat situasi ri dalam kondisi saling bunuh2an dan perang saudara berdarah dimana2 (ambon, poso, sampit-sanggau ledo, opm papua & aceh), gusdur malahan bikin geram rakyat dengan mengundang boysband top dunia dari irlandia ""westlife"", untuk konser di istana negara, memeriahkan acara pesta sweet seventeen anak bungsu nya dan teman-teman alaynya, yang berdandan heboh ala wibu shinjuku, pada pecicilan di istana negara . anak bungsu nya tersebut sekarang sudah dewasa dan di era jokowi sudah menjabat sebagai komisaris independen pt unilever indonesia. menyusul kakaknya yang jadi komisaris garuda indonesia. tambahan di era jokowi lalu, ketua pbnu bid inovasi strategis : yeny wahid & suaminya (yg seorang kader partai psi) pada menjabat sebagai komisaris tambang emas terbesar kedua setelah freeport : tambang tujuh bukit ""tumpang pitu"" di banyuwangi. tambang emas raksasa tersebut pemilik sahamnya mrpkn sindikasi oligarki2 kakap & keluarga taipan 9 naga. diatas kertas, seharusnya kota banyuwangi & prov jatim sekarang sudah jadi provinsi yang kayak dan kota yang ultra modern seperti dubai atau minimal seperti balikpapan. tetapi yang ada, hingga saat ini yang ramai di sana malah kelakuan2 sdm rendah ala prindavan lokal : dari mulai sound horeg, maling sapi, ""wisata religi"" ngalap barokah ke kuburan keramat, konser2 sholawat koplo, hingga tawuran antar bonek atau ormas/perguruan silit.",C3,3
azab allah swt itu pasti. perlahan tetapi pasti.di dunia pasti.. akhirat pasti. alhamdulillah. kebathilan itu pasti hancur.yg haq pasti juga menunjukkan kebenaran nya.,C0,0
makanya diserang haruss terima..kita disini masih kekurangan makan,C4,4
sulit cari orang yang paham dengan ilmu kehidupan yang di praktekkan ahok.,C4,4
"bukan gila dan psikopat tetapi arogan , sombong , gengsi . berbahaya juga sifat begini . harusnya jangan dinilai jujur saja . jangan dilebih2kan sakit jiwa dan psikopat . yang paham ilmu kejiwaan koreksi kalau salah .",C2,2
jeff barnet kata belio korupsi di indonesia sudah stadium 4 .. 😂,C1,1
i'm with you guys ✌👌🙏,C0,0
"saya kok lebih ke anies ya,lebih cerdas dan santai orangnya,di olok² prabowo di debat pertama,tapi tetap tenang.",C2,2
lebih baik makan masakkan orang tua sendiri seratus persen terjamin dan mbg merusak pedagang kecil merusak perkonomian anak bangsa begitu,C0,0
"waahh si manusia minus . ingat ,kita bisa memberikan hadiah tanpa menyentuh anda .",C2,2
"memang mafia kok si isam , sudah tahu orang kalimantan sini",C2,2
"beda kelas bro, prabowo prajurit sejati, anis baswedan oportunis .",C2,2
panas kuping dengarkan ini🔥,C0,0
"kenapa diberi peluang anak keturunan pki masuk tni ya, dendam kesumat tetap ada, lambat namun pasti akan kembali kepermukaan, belajarlah dari sejarah 65 . penghianatan pki .",C3,3
"😢berat pergumulan dunia pendidikan bangsa kita. berdoa untuk para pemerhati pendidikan, para pejuang ..tuhan menyertai dan memberkati perjuanganmu..demi tanah air tercinta..generasi unggul bangsa🇮🇩",C0,0
"memang bisa kah tanpa partai bisa ada pemilihan ,coba sebutkan di negara mana ,kalau kamu bisa memberikan contoh kamu bisa berbuat apa.",C2,2
pak bahlil 👍👏 pdp selalu di ❤,C0,0
"​ saya asli kalimantan selatan dan dari tanah bumbu..speak terjang ini mafia sudah jelas ..pembunuh guru..penyorobot lahan adat, dan penguasa lahan tambang yang jika tidak sesuai sikat umpankan ke buaya piaraannya..dan itu sudah jadi rahasia umum.ini juga preman berkedok pengusha",C3,3
"kayaknya beliau handal dalam bernegoisasi, coba kirim ke papua dengan maksud bernegoisasi dengan kkb",C4,4
brown yang bilang pki sudah mati terindikasi sebagai simpatisan pki atau anak keturunan pki,C2,2
menonton ini lagi jadi ketawa sndri😂🤣🤣 nis nis 🤣😂😂,C4,4
"keturunan pki sudah lama tidak dilarang. buktinya di ktp sudah tidak ada lagi tulisan keturunan pki. tidak ada masalah. kalau keturunan pki bisa diasingkan, semisal bapakmu maling begal koruptor atau pemerkosa, mau kamu dipenjara? kan buah tidak jatuh jauh dari pohonnya. pret! orang mau ideologi komunis tidak perlu keturunan pki. sama mirip orang beragama islam tidak perlu keturunan bapak ibunya islam. kebalikannya, orangtua islam belum tentu anaknya punya kepercayaan yang sama. agama saja begitu, apalagi ideologi.",C2,2
tolong dokter kejiwaan presiden periksa jangan sampai presiden kita sufah pikun atau odgj,C0,0
judulnya tentara jadinpolisi sudah begio kayaknya ini,C1,1
​ itukan muncul lagi,C2,2
penjahat 2 yang berlindung di baju polisi 😂,C2,2
"11:33 betul bang., izin mohon maaf untuk bapak-ibu di pemerintahan, yang membuat kami benci itu bukan karena influencer yang menjelek-jelekan bapak-ibu tetapi memang kelakuan kasus kayak begini yang membuat kami semakin benci🙏",C1,1
memang eak,C4,4
"tetapi dia pro pdip, bro. artinya statementnya berbahaya sebagai kaum munafikun. kenapa dalam lslam munafikun masuk ke dalam neraka jahanam paling bawah level 7 di bawah neraka jahanam kaum yahudi nasrani, karena seolah dia membela kelompoknya padahal menusuk dari belakang, menggunting dalam lipatan artinya musuh dalam selimut, bro. contoh nyata, misalnya istrimu di bawah satu selimut sedang pulas tidur tahunya anda digorok sampai kehabisan darah, ngeri tidak dampak dari kelompok munafikun terhadap rakyat, bangsa dan negara ??!! atau prajurit munafikun, suatu negara akan porak poranda, bro. contoh negara2 di timteng diobrak abrik yahudi dan kafir, sdanya dirampok, pejuang2nya dikriminilisasi dan dilabeli teroris. tetapi allah maha kuasa, dengan menyebarnya pandemi, orang-orang kafir ketakutan dan menyaksikan cara muslim beribadah yang dampaknya selalu sehat, berdasarkan penelitian secara ilmiah dengan menggunakan teknologi canggih, ternyata saat adzan berkumandang, virus yang melayang di udara mati berjatuhan.",C3,3
"kalau untuk impor minyak, gas dan pesawat, ada atau tidaknya perjanjian itu tetap akan impor juga..mungkin cuma beda dari mananya.. yang jadi masalah adalah kesepakatan dengan negara lain harus ijin dulu ke as..! dulu negeri ini digadaikan ke china..sekarang digadaikan ke as..😢",C1,1
"pidato ini telah membuktikan kalau mega itu anti agama, penganut komunis seperti pki dan murtad dari negeri pancasila karena anti pengamalan sila pertama. saya yakin dia tidak bodoh, orang yang membela karena dia bodoh agama itu salah, itu lebih bodoh dari mega karena ia pernah menjadi presiden, masak orang bodoh bisa jadi presiden, berarti rakyatnya bodoh semua terlebih orang yang membela pidatonya itu. kita harus tetap waspada dan kritis terhadap paham komunis seperti itu. allahu akbar semoga allah cepat mematikan orang-orang yang menistakan agamamu. amin.",C3,3
orde baru jilid ke 2. polisi dan tni di tarik masuk sipil semua. semangat reformas sudah di rusak,C1,1
"biar tidak fitnah petruk diminta klarifikasi, kalau berani",C4,4
"teddy jika dilihat di tv . memang blagu , sekarang pertanyaannya kenapa doi begitu berkuasa ? misterius",C4,4
pigai blukutuk kenapa jir,C3,3
kalau suara fahri sekarang terasa sejuk dan masuk akal. tetapi yang membuat saya masih membekas dalam ingatan sy. bagaimana dan apa sebab fahri buat orasi untuk turunkan dan penjarakan ahok dengan alasan yang belum jelas yang ditulis seseorang yang akhirnya dipenjara juga. apakah ini bukan dosa yang telah menzolimi seseorang demi tujuan dan kepentingan tertentu. ingat tak ada sesuatu yang bisa kita sembunyikan didepan tuhan.,C0,0
semoga para pembuat kecurangan dan penipuan pada rakyat segera terbukti,C0,0
"dari pemaparan grace natalie kita bisa lihat bahwa partai nya sangat logis dan rasional, tidak munafik.",C0,0
"ya allah ya rabb lindungilah para satria pahlawan muda yang m'wakili rakyat seluruh indonesia berdemo m'nuntut k'adilan oleh penjahat bumi pertiwi ini, oleh oligarki & oknum pemerintah yang mendzalimi rakyat kecil. lg² akibat k,rakusan oknum pejabat .. rakyat dan aparat dibenturkan jadi korban ..!.allahu akbar³.💪",C0,0
"yang waras selamatkan diri masing-masing aja.biar org"" tolol punan dengan sendirinya.",C2,2
-h3k sekarang pki sudah berdasi,C1,1
sublhanalloh. terus berjuang untuk kebenaran. pikiran pikiran pki semakin nampak. . sujudku. hidupku untuk alloh..,C3,3
"kalian 58% tidak paham, saya sudah prediksi. prabowo pasti suka-suka. dia tidak pernah hidup susah, dia selalu dianggap raja di gerindra. negara ini dianggap seperti kerajaan dia.",C3,3
.a.dgaming3835 kayaknya kamu deh yang cocok,C0,0
gila aing.,C2,2
keluyuran untuk merusak negara.,C4,4
"bismillah, panjang umur perjuangan",C0,0
?,C4,4
"setuju lae, horas 👍 mari kita dukung dan satukan suara untuk psi agar bisa masuk ke dpr tahun 2024 nanti. demi terwujudnya pemberantasan korupsi, pengesahan uu perampasan aset para koruptor, indonesia maju dan sejahtera salam solidaritas",C3,3
"itu sebagai contoh bos, maksud dia jangan asal nuduh, nanti jadinya fitnah, macam kasus ratna sarumpet😂",C4,4
kan kaliyan sendiri yang memilih ketua mafia.. 😅,C2,2
"kalau kamu paham, indak mungkin mau menyerang jk. cuma kamu indak punya adab",C4,4
pilih pak gp-ssu koruptor dan kaum radikal pasti semua ketakutan. save ganjar pranowo.,C2,2
berarti benar termul mayoritas ya. irama padang pasir cuma minoritas.,C2,2
​ santai saja,C4,4
ini muncul lagi provokator..tunjukan jokowi asli coba kayak,C2,2
diserang kanan kiri langsung di ulti kalau tidak suka ya tidak usah pilih kami😂 dan tidak takut tidak punya jabatan maaf ya sorry ye😂 terbaik pokoknya✌️✌️✌️ santai tidak ambisius,C0,0
"mungkin terbalik,, ini ibu menyindir guru guru dipelosok,, dana pip siswa sudah cair, saldo nya nol rupiah, namun yang cairkan guru guru, di mengambil persennya. bahkan ada yang tidak sampai di siswa, masuk kantong nya gurunya.",C1,1
"aamiinn semoga allah ta'ala memenangkan perkara ijazah palsu & semua dokumen palsu ,membuat semua rakyat menderita miris & terstruktur,✊️✊️✊️💪👌👊👆",C0,0
satu kolam boss..hadeh,C4,4
"mana tidak hancur ini negeri, anak yang salah di bela waktu jadi coklat dia kejam terus rakyat bilang coklat kerja tidak benar (logika ya kawan masih siswa mintak fasilitas yang high class apalagi kalau sudah jadi perwira tinggi.?)",C1,1
"om pasha,sedang merenungi bagaimn rakyat indonesia sedang susah,tp teman-teman nya pada senang joget2",C2,2
anginnya pusing,C4,4
bahasa jawa bombongan 😭😭,C0,0
lidik kemendiknas dan jajarannya gudangnya mafia.,C3,3
negara konoha memang se enak jidat yang dia mau,C4,4
"jokowi di pilih oleh rakyat,jokowi pilihan rakyat dan rakyat memilih jokowi.rakyat bersama jokowk.",C4,4
istrahat saja mak main bareng sama cucu,C0,0
anak lulusan sampai suruh mimpin negara..kacau balau negeri ini entah berantah hukum dan uu di acak2 bapaknya.,C4,4
"yang menjadikan jokowi presiden adalah partainya baru rakyat yang memilihnya, buksn jk. jika memang waktu memang partainya apa.",C2,2
anis manusia paling muaping,C4,4
"ibu ini sudah habis uang,, jadi bikin sensasi omong kosong biar di kasih uang tutup mulutnya",C3,3
iya bu.di negeri ini banyak yang meruksak.contoh harun masiku.. .merusak tatanan demokrasi dengan suap menyuap.,C1,1
"​ tidak jelas, orang ini siapa maksudnya, si jokowi atau pak zulkifli?",C4,4
mbg dan kop merah putih program yang dipaksakan anggaran yang begitu besar sistem yang amburadul.banyak anggran lain untuk menutup mbg.yg tidak berani menaikkan bbm bersubsidi meskipun endingya akan dilakukan+ rupiah yang semakin melemah.,C1,1
ini kenyataan termul idiot,C2,2
​ terus kenapa ? tolol amat 🤣,C2,2
"kejaksaan sarangnya mafia hukum. orang benar bisa jadi salah di mata kejaksaan. kejaksaan mengejar target temuan kasus korupsi. karena semakin banyak kasus korupsi yang ditemukan, prestasinya semakin naik. makanya semua proyek di pemerintah dicari-cari celah kesalahannya, dan terkadang dipaksakan yang benar jadi salah 😢",C2,2
"aturannya sudah benar ,, di dalam aturannya itu melarang paham komunisme, bukan melarang anak cucu pki.",C3,3
"sulit amat bahasa nya bre 😂. mesin partai harus digerakkan pakai duid, kal tidak ada duid maka pasti tidak gerak. simpel sekali kalau urusan demokrasi ini bre",C1,1
"menuduh sipa nih,😁",C4,4
kalau saya ya sadar diri lah kalau tidak sampai di dorong pakai kereta ya tidak sampai,C0,0
"-x5g wkwk maling teriak maling, komentar kamu itu ada dimana mana, sudah mirip nepuk air di wajan besar yang kena muka kamu sendiri",C2,2
megalodon tidak punya otak. siapa yang tidak marah kalau pemimpin negara dikatai mirip begitu di depan banyak orang lagi.😢😢,C2,2
"negara maling penjabatnya ya maling,.pimpinan nya saja ijazah kawe",C2,2
ya seperti kalian membenci pak harus habib bahar,C4,4
"cari persiden ini cendikiawan ,pandai berbicar baik bahasa ingris nya prilakunya baik,sekurang 2 nya titel nya ada 2,gagah ber agama yang kuat,jgn cari presiden yang jelek,malu2in indonesia",C0,0
"anda, saya dan kita harus mencintai negara ini yang telah memutuskan menjunjung bhineka tunggal ika! enggak perlu di tarik2 lagi ke issue itu.",C2,2
"istilah belajar itu digunakan untuk proses menjadi tahu. kalau dalam kasus seperi yang dibahas ferry ini kecil kemungkinannya para jaksa tidak tahu perbuatan mana yang melanggar hukum dan mana yang tidak. perbuatan yang dilakukan jaksa tersebut bukan hanya terjadi karena ketidaktahuan, tetapi bisa jadi karena niat.",C1,1
"inilah resiko presiden ijazah palsu,selalu saja dibodohi bawahannya",C3,3
kalau begitu laporlah ke dpr dan mpr supaya indonesia tidak terburuk bagi bangsa indonesia.,C0,0
awas kamu di polisikan,C4,4
masy saja sudah pada tahu bang.bahwa pimpinan kpk dan lain2 itu sengaja dipilih yang tidak punya integritas yang bisa dicocok hidungnya untuk kepentingan kelompok tertentu.jadi jangan heran yang tampil itu yang tidak punya moralitas karena tujuannya untuk tuannya.masa anda tidak tahu 😁,C3,3
kewaspadaan terhadap kadrun pemecah bangsa..,C3,3
jokowi ingin indonesia apabila ada konfrontasi dengan negara luar ikn sekali di rudal langsung ambruk. dari segi pertahanan ikn tidak layak di situ. jokowi memang pengkhianat konstitusi,C3,3
​ -8055 mengambil tanah rakyat. kamu tidak melihat sawit mereka ada berapa banyak. jet pribadi banyak. tetapi tidak kena pajak. aneh semua hasil hartanya. menggelapkan pajak,C1,1
seluruh ojol seluruh indonesia bersatu bela anak muda yang menciptakan lapangan kerja..kasian bos ojol di kriminasi..ayo bergerak..pak presiden mana janjimu..bereskan semua pengkhianat di negeri ini..rakyat sudah prustasi..,C3,3
bicara yang cerdas..sejak di era bapak suharto..anak leturunan pki tidak boleh masuk militer..sbagai pemilih calon siswa tni harus lebih cerdas dan extra hati hati..,C3,3
kok tidak leh..bongko.,C4,4
"kerjanya maling teriak malaing, harusnya orang yang duduk di bpip orang-orang yang sudah tidak bituh yang neko2, benar-benar hatinya dekat dengan allah, bukan tukang jilat2. kemarin tidak di kasih jabatan bicara nya begitu. setelah dikasih jabatan begini. mungkin mereka lebih pandai beragama, apa itu munafik apa hukumnya kelak orang munafik, gk. cukup nanti gampang toubat, allah tahu rencana jelek manusia, mending kalau matinya khusnul khatimah, belum toubat mati? kasihan anak dan keluarga tuh yang jadi korban. macan mati meninggalkan ? gajah mati meninggalkan ? manusia mati ? orang hutan mati?",C3,3
"maaf sebelumnya hanya dasar keturunan saya rasa sudah tidak belaku paham itu untuk sekarang kenapa kok bisa mengambil contoh simpel saja kasusu teroris me di papuan itu ada juga bekas mantan anggota militer yang berontak juga ada penyelundup amunisi dan persenjataan dari pihak militer yang mendukung padahal mereka saja sudah di tes dulu sebelum masuk tbi dengan tes lolos tiba-tiba membelot dengan mudah dengan ini bukan kah jeles faktor utamanya bukan dari keturunan melainkan pemikiran yang idealis dan jiwa belanegara kalau mereka niat melayani pasti mereka akan melawan segala macam godaan dan kalau mereka terancam (keluarga,anak istri) keselamatan saya rasa mereka akan melaporkan tindakan itu kepada para anggota lain tapi ini tidak dan sudah jelas ini adalah tindakan pemberontakan (idealis mereka sendiri) untuk tujuan pribadi.. dan sayarasa pki itu bukan timbul jadi suatu badan (partai) melainkan timbul sebagai prilaku kepada sikap manusia majalankan tugas dengan benar atau tidak. tanpa ada ikatan darah keturunan pki",C0,0
​ baru sekarang ada wapres yang benar benar luar biasa kerjanya kalau wapres yang terdahulu hanya jadi ban serep itulah kalau kebencian sudah meracuni pikiran mu yang ada hanya kejelekan di otakmu,C1,1
"harusnya jumlah partai tidak perlu banyak, dan jumlah anggota dewan juga tidak perlu banyak. jumlah partai ideal adalah 5 partai, sesuai butir panca sila.",C0,0
"kalau orang punya etika pasti sudah down, berhubung anis tidak punya etika, jadi tidak punya malu dan tidak punya perasaan.",C0,0
itu kan milik partai,C4,4
"otak pemerintah prabowo-gibran ini sampainya hanya untuk urusan makan, bagi bagi korupsi dan genteng. rejim ini rejim bodoh, dungu, memalukan, rendah dan tebal muka !. revolusi adalah solusi bagi bangsa & negara ini. tidak ditemukan solusi lain, sudah sangat rusak !.",C3,3
"madilog keren terima kasih pencerahannya untuk kami rakyat yang tak bisa berbuat banyak, hanya doa yang kami bisa panjatkan untuk indonesia kembali berdaulat dari tangan tangan serakah. ayo seluruh rakyat indonesia bersatulah menjaga nkri yang cintai.",C0,0
sudah banyak pengangguran sekarang makin parah judol lagi,C1,1
"tolong lah adek armando adalah sebuah ""story telling"" ""yg sik gensi banget"" untuk meng-ikon-kan grace natalie, raja juli dan isyana"" termasuk adek armando, tsamara dan lain seolah jadi ""founder psi"" c'mon ade, memang syapa ""investor cokro tv"" :) ""pendiri"" psi atau lebih tepatnya, silah cek dan ricek, tanya langsung ke the real founder psi orang principal whichis jeffrie geovanie lagi ""psi"" ""dikenal"" ya karena goenawan mohammad, abdillah toha bahkan rocky gerung dan lain yang diklaim dan mengklaim ""partai gen ya psi :) "" silah cek dan ricek dan psi jadi cepat sekali besar kepala yang diakui jeffrie geovanie suruh grace natalie dan raja juli yang jadi sudah jadi jubir jokowi dan raja juli jadi wamen untuk nangis2 meminta jokowi, paling tidak darah jokowi aka anak-anak jokowi untuk jadi ketum psi sombong dan makin arogannya psi setelah dalam 2 hari bisa jadikan kaesang ketum ujug2 partai jokowi aka psi sombong, arogan, ambisius menyerang pak jika si jeffrie geovanie tahu tidak tindakan sok tahu kualat kader2 psi yang secara tsm memframing pak jika itu jahat dan tidak memiliki moral etika. bahkan jokowi dan bestari barus tega2nya menceritakan mereka berdua ketaea2 bahkan terbahak saat pak jika menyarankan jokowi untuk memperlihatkan ijazahnya ke publik dan 9 april 2025 secara kurang ajar tsm memframing pak jika kalian psi seperti kesurupan yang sok-sokan menabikan jokowi dengan jokowisme dan berpikir bisa menghantam siapa pun karena ngrasa jokowi bisa mengangkangi hukum seenak jidatnya. silah cek and ricek!!",C3,3
terutama yang tidak percaya ijazah.. mungkin sd nya tidak lulus🤣🤣,C2,2
parah.,C1,1
wkkwkw,C4,4
indonesia. butuh .orang jujur.orang jujur langka ada negeri ini .kebanyakan. para maling negara..,C2,2
alhamdulillah.. kuncinya satu azza.. yang penting hentikan memerintah indonesia dengan cara2 sistem dinasti feodalisme kali ye. negeri ini adalah negerinya kita semuanya. jangan mau untuk dibodoh2in dan dikadalin terus. kali ya.. apa adakah yang tidak betcuus dan mumpuni kerjaannya kali ya.. dan apa ada pulakah yang bocor alusnya keliling (termasuk kejebak utang2nya sehingga tidak bisa menjadikan diri2 kita semuanya warga masyarakatnya untuk menjadi bisa berswasembada berdikari di kaki sendiri kali ya).. ataupun adakah yang masuk angin kali ya (bermain2 politik tersandera menyandera.. termasuk kkn-nya kali ya) .. (n ataupun apa ada pulakah yang sudah terpapar paham komunis china) kali ya..🤔🤫🤭😅🙏,C1,1
siapa mau percaya dengan maling 😂,C3,3
-m7r pintar bahasa inggris relasi banyak kalau tidak bisa kerja buat apa juga bang,C4,4
golpul.nengok pemimpin jokowi tidak konsisten.memilih calon dari partai sendiri,C2,2
𝐊𝐔𝐀𝐋𝐈𝐓𝐀𝐒 𝐓𝐃𝐊 𝐏𝐄𝐑𝐍𝐀𝐇 𝐁𝐎𝐇𝐎𝐍𝐆..‼️⁉️ #𝐉𝐆𝐍𝐁𝐎𝐃𝐎𝐇,C2,2
"yang harus ditertibkan itu buzzer, karena tidak menyuarakan suara nurani rakyat tetapi malah mendukung kebobrokan penguasa.",C2,2
"sama-sama penjahat & mafia..!? yang satu sebagai petinggi/pejabat,memeras bawahannya untuk kepentingan jabatan.??! yang satu memeras tsk karena posisinya sebagai penegak hukum.!??!! dua duanya tetap haris di prosea hukum & di pecat dari jabatannya..!! kalau bisa dua-duanya dimiskinkan & dipermalukan.!?",C4,4
"ini pemerintahan lanjuttan mulyono..yg sebelum nya rusak,bertambah lebih rusak.🥺",C1,1
ini sudah season 2 pdp kayaknya kamu tidak sering menonton ya 😅,C4,4
pak prabowo mudah-mudahan menonton porkes abraham samad biar jelas pendidikan gibran .tidak pantas anak sampai jadi pemimpin bangsa yang besar ini.,C1,1
harus itu ..wajib.di masukan..,C4,4
"pemimpin budeg, tuli, picek , mbg sarang korupsi masih juga dipertahankan, apa mungkin karena banyak timses, dan kroni2nya.",C4,4
"huda @ kalau menurut anda begitu .brrti itu tanda ya pilihn mu prabowo oon .kna prangkap . jokowi plunga plongo otak ya cerdas.bicara nya lmbut .jokowi sebelum bicara brpikir dlu.tidk asll ceplk ..seprti junjgn mu prabowo .asal ceplk ingn trliht seperti cerdas.tpi pas masuk prangkp jungjungn mu itu bisa nya 💃 poco""",C3,3
​ sok tahuu.🤔🤣,C2,2
"ternyata anak itu punya history sakit jiwa ngeri juga ya punya pimpinan negara seperti itu, ngeri.",C3,3
"indonesia apa sudah habis orang-orang yang pintar dan yang punya kemampuan. politik memang aneh, tujuannya cuma untuk menang dan berkuasa dan inilah yang terjadi. kita punya wapres yang minim kemampuan dan pengalaman .",C3,3
"""berantas korupsi sampai ke antartika"" translate : ganti koruptormu dengan koruptorku 😂",C1,1
yang dilarang kadrun2 beseragam gamis yang suka takbir jual agama kwkwkw,C4,4
"rakyat sudah sangat cerdas tetapi sayangnya masih lemah dan masih dianggap bodoh . entah negara ini mau dibawa ke mana, negara sepertinya dipakai mainan para penjahat.",C1,1
"ya harus pintar dan cerdas dong, kalau tidak pintar dan cerdas ya tidak bisa mmbikinkan ktp buat angin dong 😂😁🤭✌️👍",C0,0
"pahami biar jelas ada kata ""*"" memungkinkan ,,*"" kata kunci yang perlu di analisa.",C4,4
"apapun partainya kalau ujungnya dikasi duit pasti di coblos,,memang itulah karakter sebagian masyarakat tercinta ini",C2,2
mimpi negeri wakanda ambyar 😅dah rusak semua,C1,1
"bisa di jelaskan rakus yang seperti apa? nepotisme yang seperti ap? korupsi seperti apa . belajarlah menilai berita dengan bijak bung, dikit"" termakan berita begini sudah . sok pintar .",C2,2
ikhtiar setiap pengungkapan kejahatan keluarga ini boleh jadi sampai negeri ini ganti rezim dalam beberapa dekade akan selalu lolos seolah dinasti gila kekuasaan ini menang dengan finansial luar biasa backup aparat bahkan buzzer tidak kaleng2 jangan lupa kuasa allah diluar kekuatan apapun si petruk akan terus berusaha tanpa dia sadari sangat lelah walaupun sekeluarga ini mengidap psikopat tak ada empati apalagi rasa bersalah semua akan berujung pada kebinasaan wallahu alam bishowab,C3,3
"di pihak sana menyodorkan data dan analisis , di pihak sini hanya menyodorkan narasi dan ketentuan hukum , sedangkan skala kegaduhan kasus ini sedang menuju internasional",C2,2
"sekali keras kepala dan ngeyel ya tetap keras kepala dan ngeyel,kayaknya mau melindungi para koruptor.",C2,2
roy suryo cs dan rakyatnya makin panik,C4,4
palaknkau.. itu si amin yang rusakin.. sudah jelasjatuhkan gusdur.,C3,3
"​​ banyak orang-orang hebat yang masuk penjara, bukan karena buruk tetapi karena berjuang untuk kebenaran dan keadilan yang tidak disukai rezim bobrok yang berkuasa, seperti soekarno, para pahlawan yang dipenjarakan oleh penjajah belanda, nelson mandela yang dipenjarakan rezim apatheid yang sedang berkuasa di afrika selatan, dan masih banyak lg. penjara bagi orang-orang hebat dan lurus adalah resiko perjuangan, dan di mata rakyat mereka adalah para pahlawan yang luar biasa. beda dengan para termul yang sebagai pengkhianat yang cuma berpikir untuk mendapat cuan tidak perduli negaea jadi rusak karena cara2 busuk dan liciknya.",C3,3
amat sangat..,C4,4
"​ itu hanya omon omon doang, buktinya polda metro jaya katanya sudah menyita ijazah jokowi lah kemarin penyidikan oleh saksi dokter tifa rismon sianipar mereka tanya ijazah jokowi apa benar sudah di polda? nah pihak penyidik menjawab ijazahnya jokowi di bareskrim aneh kan, itu semua hanya drama kebohongan. kalian termul itu seharusnya sadar karena kebohongan tidak ada yang sempurna ada² saja kejanggalan berbohong untuk menutupi kebohongan lainnya, masalah simpel kok jadi ribet?",C1,1
= 🐶 pki,C2,2
tenggelamkan partai kuning,C2,2
betul buzzer hati,C2,2
sebenarnya apa yang dipertontonkan kejaksaan selama ini dengan pajang uang hsl penyitaan tetapi koruptornya tidak tahu siapa takutnya ini juga hanya pencitraan,C1,1
parah,C1,1
"lah orang dpr mayoritas partai pendukungnya, mana berani 😂",C0,0
ada lagi ini anak nya tidak punya ijasah sama kemarin ramai bp nya ijasah palsu ini yang salah para aparat negara ke bobolan rusak mental penjabat nya kpu dan kpud sama dprri wakil rakyat sama pembiaran,C1,1
betul kawan,C4,4
"alhamdulillah untung manusia ini diberi kesempatan dunia ini hanya sebentar. kalau mereka rata rata diberi umur diatas 100 th. para orang orang yang terkena tipudaya dunia ini tentu tindakannya jauh lebih gila.!! colong , jupuk milik atau hak orang lain itu amat rendah, . dan remeh dihadapan orang orang benar. jadi orang jujur. jadi orang yang berakhlak baik.. jadi orang bisa dipercaya. jadi orang yang amanah. jadi orang yang menjaga perut perut keluarga ya dari api yang membakar. itu. memang sulit.",C3,3
"tolong disadari bahwa kekuatan para pengkhianat didlm negeri ini berasal dari kucuran dana dari tiongkok taipan 9 naga , bubarkan segera tka china dan putuskan hubungi diplomatik antara 9 naga tersebut . degn begitu kekuatan para penjilat akan pupus perlahan lahan . mari kita buka mata dan telinga .perngkat 2 dinegara ini sudah diperalat satu persatu",C3,3
lobih baik pilih sama pak anis baswedan..dari pada ganjar sangat berbahaya seluruh daerah pertambangan akan di kuasai oleh negara china..kalau tidak percaya siapa yang taruhan dengan sy.aku tunggu.,C0,0
"keturunan teroris atau komunisme.ysnh yang lebih penting wawasan kebangsaan harus benar dan dihafal semua, camkan itu!",C0,0
salah fokus boneka nya jatuh sendiri,C4,4
negara ini bisa jadi musnah bila generasi serakah terus liar ..mengatur negara secara amburadul dan hukum diacak acak,C1,1
dulu pk jokowi punya janji dengan pk prabowo.makanya keluarga pak jokowi dukung p prabowo,C0,0
p akan di golkar kan kayaknya deh😂,C4,4
"kalau mau ke dpr jangan rusuh, bagaimana mau di ijinin masuk, yang ke dpr pada rusuh, tidak tahu mau bicara apa ke dpr",C0,0
"tenang,mas wali tidak haus kekuasaan. dia tegak lurus. cuma orang-orang pada bodoh tergiring opini menyesatkan😂",C2,2
mengapai bangga dengan orang yang penuh kedengkian suka menjelek2an orang sementara bagian dia jeleknya seluas lautan di tutupi dengan selembar ocehan tidak bermutu,C1,1
kan yang ditanyakan polusi ? sedangkan debu dihembuskan oleh angin,C0,0
"saya percaya dengan ugm, yang tidak percaya adalah barisan sakit hati atau buzzer yang anti jokowi. yang ribut dengan ijazah jokowi semua adalah pembenci jokowi itu jelas. kecuali yang tidak percaya adalah orang yang neutral dan tidak berpihak.",C2,2
saling tukar pikiran baik dan buruk nanti akan ada hasil nya. mana yang baik mana yang buruk pasti ketahuan,C0,0
kebalik,C0,0
"kecebong hadirlah. awal capres maruf amin di pilih setelah capres selesai maruf amin di ganti.. nah maksudnyaa maruf amin jadi wapres itu apaa? kok belum selesai waktu jabatannyaa sudah di ganti, apa hanya syarat saja biar jkw di pilih karnaa wakilnyaa kiyai",C3,3
bravo bung roy suryo💪,C0,0
kdm dicintai oleh banyak orang di seluruh indonesia,C0,0
begog,C2,2
masalah yang berat ini.,C4,4
meskipun program sudah di desain sebagus mungkin agar bisa diterima tetapi ketika eksekusi bisa berbeda 180 derajat,C4,4
​ 😂,C0,0
sudah bubarkan saja partainya sekalian.mesti bikin ribut terus,C1,1
"grace natali adalah salah 1 wanita dengan pikiran cemerlang. saat ini, dialah satu2nya wanita indonesia sangat berani mendirikan partai baru dan mendapat kepercayaan rakyat karena dia tidak mewarisi sebuah history kebesaran masa lalu. dia sangat visioner terhadap bangsa dan rakyat indonesia. kagum sekali..",C2,2
selama dipimpin prabowo lebih parah rakyat menderita menjerit rakyat bertambah miskin pengangguran di mana 2 seluruh indonesia,C1,1
dan yang lebih lucu dari orang mirip anda adalah membenci kok pilih2. ahok di anggap salah kata dan menista agama. coba bandingkan kesalahan ahok dengan orang-orang yang korupsi. berjamaah atas nama tuhan dan agama . dan menipu menyengsarakan rakyat. malah didukung dan diem2 aja. ada yang bohong dengan janji. malah diam aja. padahal bawa-bawa tuhan tetapi kalian bersuara dan demi keras? tidak juga tuh. udha jelas itu politisasi mobilitas demi menjatuhkan ahok itu demi. coba cek dimana tuh pentolan para pendemo. setidaknya buka mata udha bertahun-tahun masih sama jaa tuh pemikiran tidak kebuka2. . benci kok milih2 bilang saja rasis udha begitu saja,C1,1
"dulu saya sanjung sama bang refli,,tapi sekarang saya anggap refli itu munafik pedang bermata dua,,salam dari ternate malut.,,refli munafik",C2,2
"kalau boleh jujur khawatir gaya baru""paham komunismunculnya?",C3,3
"ternyata ""ordal"" banyak menjadi pengkhianat2x bangsa, titipan kepentingan amerika.negara telah tergadaikan, rakyatnya makin susah.",C3,3
bacot nya sudah kemana mana roy panci😮 sudah unsurnya fitnah apakah orang ini kebal hukum?? bicara nya semaunya dia mulutnya kotor itu keluar dari isi hati nya terbayang hatinya orang ini seperti apa?😮,C3,3
"saat ini kami sedang mengenalkan psi di daerah kami tretes pasuruan, terima kasih grace penjelasanya sangat menginspirasi",C0,0
"rakyat seindonesia pemilu tahun 2029 harus cerdas & pandai dalam memilih wapres, dan baru kali ini negara dipimpin oleh wapres yang otaknya rusak, bejat & jorok, terus jadi apa ke depan negara ini🙏🙏.",C2,2
"moel juga dongok, nurun ke anaknya. jadi, kalau mau dipaksakan jadi presiden, rakyat indonesia juga dongok semua bila setuju dia jadi presiden nanti. saya pribadi, menolak & ogah dipimpin mns dongok ! indonesia tak kurang orang pintar & pandai untuk memimpin..😊",C3,3
biasanya diusia seperti ini memang sedang lucu lucunya 😂,C2,2
sip 🤟✊,C4,4
usaha saya selama lebih dari 15thn di penyedia barang dan jasa pada pokir dewan kab.tangerang dan sudah nganggur sejak 2026 ini karena diminta setor dana dulu pada anggota dewan yang memberi proyek minimal 10% dari nilai pekerjaan sebelum pekerjaan itu ada.itulah karena kita hidup dinegeri sikabayansdh2 sngat rusak,C4,4
​ -y8r teman atau termul 😅,C2,2
"iyupp. para pemuja gusdur pada dendam kesumat gegara panutannya dipecat dari kekuasaan oleh mpr pimpinan amin rais. ""gelandangan politik"", kata cacian yang disematkan gusdur kepada orang-orang yang berseberangan dengan dirinya, terutama amin rais. konon katanya waliyuloh, tetapi kok ahlaknya rusak & toxic ; ""cocot bosok mata picek"". gelandangan politik benar itu : 1. bikin partai dengan tokoh2 nu yang lain, tetapi malah dibikin jadi mirip partai asset milik keluarga pribadi. - tokoh2 nu yang ikut mendirikan pkb dari nol, pada disingkirkan satu persatu (alwi shihab, matori abd jalil). - kena batunya pas menyingkirkan muhaimin, gus imin melawan balik dengan menggugat pemecatan sepihak tersebut dan menang di pengadilan. - ujung2nya: giliran gusdur & pembisik2nya yang didepak keluar dari pkb. 2. jadi presiden dikasih amanah memimpin negara, malah aji mumpung seenak perut dan tidak becus, hingga negara makin carut-marut. - ujung2nya : dipecat digusur turun secara tidak terhormat dari kursi kepresidenan oleh sidang istimewa mpr. 3. bolakbalik mencoba lagi peruntungan daftar jadi capres di tahun 2004 dan 2009. - tetapi bolakbalik gagal maning2 ditolak kpu, karena tidak memenuhi persyaratan kesehatan. - ujung2nya: gusdur uring2an curhat kesana-kemari merasa dizolimi orang-orang 😅 bikin konfrensi pers menyerukan boikot & melarang pkb muhaimin untuk berkampanya dengan memakai foto dirinya. . .",C1,1
"efek bodoh efek buruk efek mental dosa azab nanti rakyat yang tanggung ""mereka yang bentindak seenaknya bodoh"" lagi jalan-jalan boleh ln (au ngapain)",C3,3
bu jangn sombong.partai mu besar karena rakyat..rakyat cinta jokowi ..,C2,2
"-g5l saya sudah tahu bakal begini bre, dari awal saya dukung pak anies baswedan, saya cuma mau menonton lagi saja buat mastiin omongan pak prabowo dan penilaian pak anies teryata sesuai sama nilai nya pak anies",C0,0
pak prabowo dibikin buta tuli oleh pendamping dan menteri2 nya yang korup..m korup .. korup.. korup,C4,4
蛭,C4,4
"kalau tidak boleh bubarkan dpr, pecat dan satroni rumahnya atau kontrakannya biar penyewanya yang harus bayar kerusakan yang timbul akibat kegaduhan",C1,1
saya warga jabar sebaiknya kdm..jgn di capreskan.mungkin lebih baik mengurus dulu jabar.dunia politik di luar sana terlalu kejam..utk orang sebaik kdm,C0,0
akun palsu buzzer mending mundur saja sana,C2,2
"anies baswedan calon presiden ri periode,?? 😅 tidak akan terwujud",C1,1
"seolah ada dendam politik, walau tidak ada bukti-bukti yang sah. sepertinya dipaksakan atau kriminalisasi anak bangsa bpk. nadim makarim. secepatnya dilepas dari tuduhan dendam bukan hukum yang sebenaranya.",C1,1
hu,C4,4
hanya kadrun yang buat indonesia tidak aman😂.,C4,4
"ikr, i don't understand why the hell ppl still support him, like..",C2,2
sejak sigit jadi kapolri,C4,4
"hha shopee tiap tahun meraup triliunan,mungkin membantu bos termul terlalu mudah gelontorkan uangnya dan kira-kira bos termul berapa t tiap tahun dapatnya dari pundi2 yang dirawat selama menjabat.",C4,4
"menurut saya bang yang salah “sistemnya” terutama praktik kkn dalam lingkup politik dan perekrutan asn atau bagian dari pemerintahan, pengadilan, kepolisian, tni dsb. kuncinya meritokrasi kok bisa hal menjijikan ini masih terjadi, ya sumbernya itu sdmnya tidak kompeten 😊",C1,1
"salah satu partai, perusak konstitusi.!",C1,1
negara asing tidak bisa ikut campur langsung.kecuali lembaga independen nya.,C0,0
hancur lebor menjadi angin,C1,1
"agresi militer belanda bagian kelam sejarah bangsa ini.dan kini pemerintah dengan sadar menyetujui agresi ekonomi di lakukan terhadap bangsa ini.. perjanjian 1 kontrak karya freport saja sudah sangat merugikan dan menyengsarakan bangsa.,,ini harus secepatnya di batalkan dengan segala konsekuwensinya.bubarkan semua kabinet kementrian.para mentri yang ikut terlibat meandatangani perjanjian itu harus di hukum seberat-beratnya,, kacau kalau negara di kelola pemimpin seperti ini",C1,1
betul mbak pada asal bicara,C2,2
"ya itu pecat semua dari atas hingga bawa kasih pesangon ,lalu kalau ganti jangan 1 2 3 orang saja kalau ingin bersih ,ntar nmanya di ganti isi nya tak ganti ,yah setali tiga uang .smpe kini",C1,1
​ setuju bro. partai plinpan. tak punya loyalitas dan integritas. tukang catut dan mie istan,C2,2
sudah tahu program mbg gagal.masih saja ngeyel pak.klau sudah tidak sanggup mending mundur saja pak.uda bikin malu masyarakat indonesia aja.,C1,1
"hancur sehancurnya hukum di indonesia ini, aparat2hukumnya bobrok mempermainkan hukum terang2an didepan rakyatnya",C1,1
"ini videonya yang ngelag, atau apa sih kocak, mengomongnya jadi belepotan 🤪",C0,0
"dari dulu bu mega juga sudah sering bilang,kalo pak joko itu petugas partai",C2,2
kok ada benernya. ya benerlah! pemimpin pengkhianat gitu.,C3,3
"menurut ku tidak amburadul rakyat merasakn jalan nyaman ada yang dapt program bedah rumah, 17.5 juta hai kelompok kadrun saja yang gagal nkri mau di buat kilafah akirnya berusaha jegal pemerintah, allah hu akbar",C3,3
seraam negeri ini.sang omon2 hanya jadi murid pengkhianat..,C3,3
tai2 lembok😂😆,C2,2
yang jelas kalau bicara katanya ketua partai aduh ! kata mereka maksudnya siapa ?,C1,1
para kadrun lagi glantungan otaknya,C3,3
yang jelas sekarang alam kalimantan hancur.itu yang saya tau.,C1,1
mas roy ❤ myhero,C0,0
gila tempo berani ngusik mafia kalimantan,C0,0
test aklaq. kalau panci asset negeri yang diangkut rs diteliti pakai ela bakal lebih seru kayaknya. ❤️❤️❤️nkri🇲🇨🇲🇨🇲🇨,C4,4
gila disini komennya pada adem tidak mirip a1 yang satunya wkwkwk,C2,2
bayangkan kemarin uu hukuman mati koruptor diluluskan dan sudah bisa berlaku.mungkin pak ahok tom lembong nadim ira puspadewi sudah divonis mati jadi tumbal dari kesalahan yang tidak mereka lakukan😂manakala pria kebal hukum masih aman saja di solo.apalagi anaknya sosok no2 besar negara cuy😂😂,C3,3
"walaupun ada kemungkinan berubah, tetapi jangan sampai ada celah sekecil apapun yang berakibat pancasila jadui berubah atau ada yang berubah. pancasila itu kesepakatan besar dan mahal sebab pancasila ya sebuah idialisme terbaik dan fleksible dalam penataan negara dan masarakat hingga zsat ini. pernyataan bung roki itu memang tidaklah salah; tetapi menakutkan bung! kalau buku bung roki dibedah, pastideh, akan terjadi pertarungan diskusi yang sengit di forumnya dan akan menyebabkan perseteruan di kalangan tokoh2 yang biasa gemar berseteru. nau dzubilahi.",C4,4
dicontoh ke pembohongnya & suka nipu ?😂,C0,0
ini politik boss. ya saling jegal lah. bisa jadi si anita ini ingin gantikan si nediem bos ojol itu. 😅,C4,4
diakui atau tidak sejak mulyono s. ada sekarang etika pejabat dan politisi benar benar terdegradasi bahkan hanya flexing aja.,C4,4
"sangat itu berapa persen bos ,noh lihat institusi tni yang kamu banggakan banyak kasus juga ,km kok diam .dasar buzzer dan penjilat",C3,3
beginilah rezim jokowi begitu juga dpr. makanya kpk semakin jelek. berkembangnya jiwa jiwa koruptor bahkan mengkaderisasi koruptor itu sungguh celaka. hancur bangsa dan negara ini jika ditangan orang yang salah.,C1,1
"gibran sudah bilang kuga umur nya juga belum cukup,ga usah tolak juga ya kan tidak masuk umurnya . tidak kan mungkin bisa",C4,4
pecaat .,C1,1
"stop provokasi, jangan membuat natizen bigung, ayo kita ciptakan narasi bersahabat",C0,0
"luar biasa gagasan bung fahri dalam menyampaikan pemikiran dalam melihat kpk, dpr, partai yang harus mempunyai kader untuk menjadi pemimpin",C0,0
"asisten saksi kunci lari!,, kurikulum merdeka ladang korupsi!19 menteri era jokowi maling h.",C3,3
"korupsi walaupun secuil , tetap saja korupsi pak .. masa iya sudah maling masih di percaya wakil rakyat lagi , rakyat mana yang masih menghendaki mantan koruptor buat jadi wakil rakyat .. rakyat cuma butuh kejujuran dan bersih , bukan keterampilan lebih dalam korupsi .. 😯",C3,3
"pada saat psi muncul.. saya punya feeling ini partai akan menjadi partai besar.dan rasa"" nya sekarang feeling saya akan menjadi kenyataan.maju terus psi !, kami titipkan suara kami kepadamu, semoga suara kami bisa menambah energimu untuk memperbaiki negeri kami yang tercinta ini.selamat berjuang !",C0,0
orang baik tidak laku dipemerintahan,C1,1
salah partainya karena dari awal menerima sahroni sebagai calonnya yang ikut di pileg. akhirnya jadi blunder dan nama partai tercoreng,C1,1
partai pendukung pemerintah .tak pernah konsisten dengan bicaranya.lihat saja suara rakyat.saat ini semua bicara para lingkaran pemerintah tak bisa di percaya.,C2,2
setuju sekali dengan bung fahri..harusnya dewan dan semua pejabat pejabat publik begitu mereka menjabat statusnya di partai harus dilepaskan sehingga mereka terbebas dari tekanan/ kepentingan partai jadi kerjanya tertuju hanya untuk rakyat dan negara semata..,C1,1
tidak mungkin buktinya didepan masyarakat tetapi nanti dipersidangan digelar polisi nanti akan bawa bukti-bukti nya,C4,4
ceo tetapi uang rakyat,C0,0
golput juga tidak apa-apa bang tidak penting juga😂😂,C0,0
"karena itu mampu membayar para buzzer laknat pengkhianat bangsa, sekalipun sudah tidak lagi menjabat, ex pemimpin konoha lain mana mampu. bahkan masih bisa mengendalikan konoha sesuai kepentingannya. keuntungannya merusak konoha selama 10 tahun tentu sangat besar dan kemungkinan sudah menjelma jadi oligarki yang paling kaya.",C2,2
​ saya dari salatiga kak.tepatnya di kelurahan kauman kidul.apa yang anda sampaikan bertolak belakang dengan realita di lapangan.kdmp menjadi kompetitor warung kecil. kdmp tidak berani menyerap hasil panen dengan kompetitif. tidak suka kok dihakimi antek asing adalah komentar dungu sudungu dungunya,C2,2
gara-gara grace natalie ini pada pileg 2019 saya sumbangkan pilihanku pada calegnya untuk tingkat ii kotamadya medan yaitu erwin siahaan yang notabene dia tidak saya kenal. pilihan itu saya persembahkan untuk grace.,C2,2
tedy kewenangannya sama seperti perdana menteri. indonesia kenapa jadi seperti inggris ya😂😂,C4,4
kdmp dipotong tiap tiap pencairan termin.lebih parah,C0,0
"yoi dia saja anak akbp, jadi bukan anak biasa-biasa aja, bapaknya dia punya power, jadi ini cuma kasus polisi gigit polisi tidak penting lah sampai harus di bahas di dpr, ini cuma masalah bapaknya akbp punya anak bermasalah sakit kejiwaan tetapi memaksakan bisa lolos masuk polisi, kalau tidak ada bantuan bapaknya tidak mungkin ini anak keterima 😂",C4,4
pandangan saya kalau pak prabowo masih sehat untuk maju . wakilnya kdm. karena satu partai .,C2,2
kerja ! memang mirip kamu komen doang😂,C4,4
"kalau orang sudah bisa bikin bisnis sendiri apalagi sudah sekelas gojek, mengapai juga masuk politik. kayaknya motto #kaburajadulu makin kuat di kalangan anak-anak muda yang punya otak encer. nanti yang tersisa untuk mengisi pemerintahan hanya tinggal anak-anak keledai 🤦",C0,0
"peran baik teddy indra wijaya dalam pemerintahan menurut saya seperti karakter zang hai dalam serial mandarin berjudul the legend of zang hai ,yaitu memberikan sedikit masukan baik untuk kepala pemerintahan walaupun mungkin dalam serial tersebut masukan baik hanya menguntungkan kepentingan pribadi/kelompok tertentu .",C0,0
"fh dilkeluarkan dari pks, menurut saya karena ambisi besarnya bubarkan kpk. padahal seharusnya dia prakarsai dan psksaksn hukuman mati & potong tangan sebagai sanksi hukum terhadap koruptor. baru dipasang firli saja kpk sudah drop. prabowo kalah dari jokowi karena wawasannya untuk poros maritim yang minim, padahal dia tni. baru separuh nonton. pak renald tanyakan tidak ya pada fh soal kualitas polri yang menurut saya harus direvolusi. karena penyakitnya sudah stadium 4. bagaimana mungkin menyurih orang sakit parah untuk bekerja optimal ? bekerja standar saja dia tidak mampu ! saya lanjutkan hingga akhir. ternyata pak renald tidak gali gagasan fh soal perbaikan polri. kenapa pak ? bagi saya polri harus #direvolusi dengan cara bentuk lembaga tandem dengan rekrutmen baru yang betul-betul dari abak bangsa yv masih bersih. setelah berjalan dan makin beaar lagi kuat barulah keqnggotaan polri yang ada dipensiunkan semua (atau dibubarkan). lalu lembaga tandem tadi di jadikan lembaga kepolisian baru.",C3,3
uang 80 triliun buat mengatasi polusi jakarta engkau kemanakan pak anies?😅tapi nyatanya jakarta masih jadi kota yang tertinggi polusinya didunia.lalu engkau menyalahkan itu salah dari tiupan angin?,C1,1
awas ada buzzer joko menyusup..,C2,2
"terlepas dari politik , saya suka cara pak ahok mengatasi masalah, cermat dan memperhitungkan semua aspek",C0,0
anis diminta kalau ahok meminta itu bedanya.,C2,2
tangkap para koruptor itu syahroni kenapa pendemo ditangkap jangan-jangan kamu komplotan koruptor,C3,3
​ anies kalah kuat buzzernya dan kurang licik politiknya 😂 sudah itu saja faktor kekalahan,C3,3
ketololan penegak hukum indonesia sudah tidak berdasar,C2,2
kalau ada kecurangan tidak usah didebatkan.lihat saja hasilnya berjalan tidak ada tidak ? ini kan banyak hasilnya.negara lain mengakuinya mnghirmatinya kenapa bngsanya sendiri malah mnjelek2innya menyalah2kannya ?? ada apa sebenarnya? lebih baik jangan dilayanilah orang-orang yang begitu mah cape2..pusing2 biarkan saja mengoceh sendiri. kalau sudah ktrlaluan tinggal tangkap sj.,C1,1
rayat cuma ada jadi kan modal.. untuk memilih..,C1,1
"datangi rumahnya jika masih budeg.terkena macet akibat salah nya sendiri uang rakyat banyak yang dikorupsi.gak percaya saya kalau tidak dapat lagi mulai oktober.. sudah tidak bisa dipercaya omongan nya, sudah terlalu munafik,tdk ada bukti.omon2 manis, itulah yang tidak bisa dipercaya tanpa bukti konkret seperti mengesahkan uu prioritas terutama uu perampasan aset koruptor dan lain",C4,4
"kita berakal sehat bos. bukan memilih pemimpin yang mau di berikan jatah $500, dan merusak pemikiran generasi anak bangsa",C1,1
"​ mbah mu melemah, kalau lemah rohingya sudah ada di seluruh wilayah indonesia, yang banyk di aceh karena asal usulnya dulu tuh daerah yang menerima rohingya, tidak mungkin ada yang mau asal tahan lagi, mana mau nanti kayak pak jokowi di tuduh anti islam, harus viral dulu, biar pada ngerti, coba tidak viral main tahan rohingya, pasti berita jelek jelek sudah nongol, anti islam kah, anti kemanusiaan lah, kan biasa indonesia begitu orang nya, kayak dulu jokowi",C3,3
ingin masuk psi saya bersemangat,C0,0
"ya benci pak gatot karena dia memusuhi komunis china? ingat ya bukan memusuhi china, tetapi musuh komunis",C1,1
pak,C4,4
sekarang bagaimana rasanya di pimpin sama si omon omon bang,C2,2
"yakin anda kalau komunis sudah musnah,partainya memang sudah bubar tapi fahamnya sampai kapan pun tetap ada,bahkan di era ""planga plongo"" yang sekarang ini justru paham komunis itu semakin kentara terlihat,trs soal kadrun bilang tdi,pak de kita cari investor dari negara kadrun supaya berinvestasi di calon ikn,apa ada yang salah dengan kadrun yang anda hina tdi,dulu rumah yang di pakai saat proklamasi diucapkan oleh bung karno,itu rumahnya milik seorang kadrun,negara pertama yang mengakui kemerdekaan indonesia juga negara kadrun yaitu mesir,ada yang salah dengan mereka,anda harusnya malu sebut kadrun2 karena hanya karena itu kalimat hinaan untuk ulama saat jaman pki nyoto dulu.",C3,3
"​ mungkin dia belum pernah lihat asap terbawa angin.. jadi, percuma dijelaskan juga, tidak bakal paham..",C4,4
"the king of mentri ""opung luhut"" kalau opung ada waktu ya mas hehehe kalau opung tidak bisa mungkin pak basuki mentri pupr bisa hadir hehehe",C4,4
andai saya melihat rapat ini ketika usia saya 16 tahun.mungkin semangat dengan cita-cita saya dan kukuh jadi tni tetapi sekarang saya sudah 26tahun😁 semangat adik2 yang bercita2 jadi tni syarat mu jadi tni sekarang di permudah oleh jenderal andika perkasa,C4,4
"jokowi di dukung naga 9, prabowo memilih pengusaha bumi putra ( pribumi asli), mungkin pertimbangan nya minimal jika terjerat kasus tidak ada riwayat pengusaha pribumi yang kabur keluar negri, sudah menyengsarakan rakyat, menyusahkan aparat pula 😂 ingat semua mega koruptor yang kabur itu para warga naturalisasi kali 😂",C3,3
prabowo kadrun khilafah nkri dalam bahaya di tangan-nya amati bro jejak digital prabowo 😭,C3,3
saya rakyat pilih pak jokowi bukan karena partai,C0,0
forum yang asik 😂,C4,4
"mirip bentor ini orang, hanya katanya2, bentor juga kata deni iskandar, deni ditanya langsung tidak begitu, nanti orang mirip begini dilaporkan berita bohong & fitnah dibilang kriminalisasi. bicara itu harus pakai bukti & saksi soheh drun kadrun😂",C2,2
-j3s sudah dicatat kamu tercatat pencuri panci kantornya😁😁,C3,3
partai yang paling banyak disalahpahami. partai yang di under estimate. partai yang melampaui zaman. partai yang visinya bagus tetapi tidak memiliki jubir yang mumpuni. mendengar grace membuat saya merasa partai layak untuk dibesarkan,C1,1
bongkar terus dinasti perusak negeri!,C3,3
ibu yang saya cintai tol ng keadaan rakyat sekarang susah politik silakan saja tetapi rakyat pikirkan mau makan apa,C2,2
mahasiswa membawa aspirasi dan merasakan penderitaan rakyat sedangkan dpr / mpr itu mewakili partai yang sudah berkoalisi dengan pemerintah. hidup mahasiswa perjuanganmu adalah perjuangan rakyat.,C1,1
"​-wx1cciyaa betul, meni hese ngesahkeun pearampasan aset korupsi oge si gehel teh",C2,2
"apa yang disampaikan pigai itu benar, tetapi seolah2 ngawur karena orang melihat bahasa penyampaiannya sebaliknya apa yang disampaikan refly dan gerung seringkali ngawur tetapi seolah2 benar karena mereka menyampaikannya dengan gimmick serius jadi mode begini cara untuk mengalahkan opini2 para pembenci 😄",C1,1
"bebas kan nadiem, usut jaksa penuntut dan biang kerok kriminalilasi nadiem",C3,3
kayaknya saya harus bayak belajar dari orang ini,C0,0
"semoga pak ahok kembali menjabat posisi strategis di pemerintahan indonesia : baik itu menjadi gubernur dki jakarta, ketua kpk, menteri, dan jika bisa menjadi presiden/wapres. sangat jarang ada pemimpin yang sangat jujur & sangat mencintai rakyat indonesia seperti pak ahok. berotak pintar , jago berhitung , rajin , amanah dan pintar menyusun strategy . god bless you pak ahok. 🙏 amen.",C0,0
"mungkin, pak prabowo akan mengambil letkol teddy jadi wapres, unt disiapkan jadi penggantinya di 2034.",C1,1
"saya pernah dengar cerita pak roy suryo ini dari abdi dalam, ternyata memang benar. semangat pak roy suryo..",C4,4
saya dari maluku dukung kdm ri 1,C4,4
memang ada aturannya anak pki dilarang masuk tni?,C0,0
maksud bu mega bilang apa maksudnya,C4,4
si eko tertawa bahagia saat rakyat masih susah makan,C1,1
"anak kaesang kemenangan pak jokowi di pulau batam, rempang galang semasa kampanye pak jokowi calpres 2019-2024 menjanjikan sertifikat tanah kepada masyarakat yang tinggal ratusan tahun mendiami tanah ulayat adat melayu di rempang tetapi janji pak jokowi belum terlaksana sampai akhir jabatannya, yang menyakitkan bukan sertifikat yang di berikan tetapi masyarakat di paksa pindah/digeser (kata halusnya🤔) ke tempat lain dari tanah ulayat adat melayu masyarakat rempang oleh bp batam gegara si bahlil alias bahlul anak kaesang.. tolong datang ke rempang kalau ada waktu dan jumpai ""masyarakat asli rempang yang menolak"" bukan jumpai orang pendatang yang sudah di bayar yang mau direlokasi atau orang yang rumahnya tidak kena relokasi itu saja informasinya yang kami sampaikan atau jumpai yang bernama ferry kesumah sebagai relawan, kerjanya membantu orang-orang miskin dan orang-orang yang terlantar di jalanan dan nasib masyarakat rempang lihat youtube dengan nama ferry kesumah, orangnya jujur dan idialis, jiwanya nasionalis anak kaesang bisa mendapat informasi lebih akurat daripada orang-orang bayaran bp batam🙏 demi allah dan rasulullah kami 2 kali memilih pak jokowi menjadi presiden✌️ atas yang dialami nasib saudara kami yang terjadi di rempang, sebagai sesama suku melayu sumatera, kami sangat kecewa walaupun demikian, cinta kami tidak pernah bisa hilang kepada pak jokowi karena beliau sudah bekerja keras membangun bangsa ini sangat membanggakan semoga pak prabowo dan anak gibran menjadi presiden dan wakil presiden dan melanjutkan apa yang sudah dimulai pak jokowi sekali lagi jumpai ferri kesumah dan mohon anak muda itu jangan di tekan atau diancam karena ferry kesumah, putra terbaik yang dimiliki negeri ini. 🤝nkri🇮🇩",C3,3
mbg memberi kesempatan untuk korupsi. mbg? tidak bermanfaat. hentikan mbg!,C0,0
"menurut saya psi itu partai yang punya masa depan yang bagus karena terbentuk di era yang sangat relate dengan milenial dan hampir dekat dengan gen saja karena nilai-nilai yang dijunjung sama dengan apa yang dipikirkan oleh milenial dan gen z, dimana generasi tersebut bakal jadi calon pemimpin dan perwakilan rakyat di masa depan menggantikan tokoh2 di masa lalu yang menurut saya lagi sudah mulai tidak relate dengan jaman skrng.",C0,0
"betul bang dpr itu bukan lembaga politik lagi tetapi lembaga negara,lembaga politik itu adalah parpol",C0,0
"tidak jaminan juga, bisa jadi malah kemaruk.",C4,4
indonesia ahli dalam strategi apalagi strategi maling uang rakyat memang indonesia jagonya. hidup pejabat.💪,C2,2
-fk5ne pasti marah-marah dia.marah sama yang kasih penugasan ke medan operasi 😁,C0,0
walaupun pak jokowi tertawa tetapi hatinya sedih tetapi tidak dendam . justru rakyat yang sudah tidak bersimpati kepada partai pdip,C1,1
"anggota dpr ikut ikutan gemoy , berarti era sekarang era gemoy dan omon omon, yang gemoy para pejabat di sela sela rakyat terhimpit bapok yang melambung harga barang beras 1kg 15 rb, sedang tunjangan beras dpr 12 jt/bln dimana letak keadilan sosial bagi seluruh rakyat indonesia, pensiunan pns sedih beli beras tidak bisa, naikkan gaji pensiunan pns seperti era surabaya tiap tahun naik agar bisa mengimbangi inflasi, mohon revisi fiskal, agar gaji pensiunan pns naik. jangan yang bahagia cuma para pejabat.",C2,2
"semenjak adanya pemecatan dengan dalih tidak lolos twk, sejak itu tidak percaya lagi sama kpk. institusi ini sudah dirusak.",C1,1
wah tidak mungkin diskip inimah.,C4,4
egp lah yaw. 🤣,C4,4
seperti orang edan.ikut gila saja yang masih mau nanggepi si roy suryo itu,C3,3
"bang fery, saran, video ini akan lebih powerful & mudah dipahami jika disertai abang nulis2 di papan tulis. seperti saat abang jadi dosen.",C2,2
"pak bahlil sangat cerdas dan berintegritas, tidak aneh kalau pakde sangat percaya.",C0,0
"yang cepat naik biasanya cepat jatuh. lihat anas urbaningrum, nadiem makarim, dll. orang mirip teddy, gibran, bobby, dan lain itu sedang menikmati puncak hidupnya yang terlalu dini sebelum terjun bebas diluar kendali.",C1,1
tetapi keluarga gagal 🤭,C2,2
mc: tolong penonton harap tenang. gibran: *menyemangati orang bersorak supaya ramai mc: oalah anak temp.,C2,2
"banyak rakyat indonesia yang tidak paham, mana marah-marah dan mana nada tegas dalam berbicara. negara kita sudah amburadul selama ini termasuk jaringan koruptor (yg menggerogoti sumber daya negeri kita yang seharusnya adalah menjadi hak demi kemakmuran rakyat) yang melibatkan banyak para petinggi negara, memang dibutuhkan sosok pemimpin yang tegas dan berani bertindak",C2,2
"betul kalau terkait komunis itu sangat berbahaya, bahkan saya juga pernah seorang dosen mungkin di ex komunis juga mengurangi pelajaran terkait wawasan kebangsaan, apalagi dengan tni salah satu pilar penting dan seharusnya memang wajib seorang tni bisa renang, karena saya juga pernah tes dan menurut saya tidak ada alasan mau rumah nya jauh dari alat renang lucu kalau tni tidak bisa renang",C3,3
: tanya ke kepala ladusingnya .😅,C4,4
nasionalis sejati itu maksudnya apa..? karena islam hanya mengajarkan cinta tanah air..,C0,0
tetapi yang aneh nya setiap sekolah hampir semua murid keracunan makanan kenapa apa masalah mbg.,C1,1
ya sudah jangan dilihat blog..! sudah dilihat malah pakai comment pula. kocak kamu ah..! :face-blue-smiling::face-blue-smiling::face-blue-smiling:,C4,4
ganti presiden tahun 2024 diharapkan indonesia punya presiden jadi baik eh malah sama saja 🤣🤣payah punya presiden sudah kakek kakek kalau pidato berapi api meledak emosional tetapi hasil kinerja nil,C3,3
maaf salah jkw bohong ya tidak jetulungan,C2,2
"thanks sd bantu kita ungkapkan rasa marah kita kepada pejabat jelek negara ini. saya malahan bingung dengan tumpang tindih kerja kejaksaan dan kpk dan belum lagi yang lain. seharusnya dengan banyaknya lembaga lembaga ini, mereka lebih teliti, punya dasar hukum yang jelas agar keadilan masih dipercaya. kok malahan jadi begini.uda begitu walau saya juga ng mengerti hukum, namun kasus kasus teralhir ini membuat kita makin muak dengan manusia manusia jelek di kejaksaan maupun kpk.bapa presiden, batalin saja kasus ini. kalau presiden juga diam, presiden di negara ini adalah kejaksaan.",C1,1
"anies baswedan lebih cocok pimpin p, tidak perlu biaya fantastis.. bagus untuk jangka panjang, intinya p akan jadi naungan kembali buat muhammadiyah dan nu supaya soliditas tumbuh..",C1,1
karena dia pakai data pribadi palsu makanya jadi konyol foto di buku nikah sama ijazah bisa sama. aneh.,C4,4
mungkin beliau sudah biasa masak kepala babi jadi langsung reflek jawabnya begitu ditanya😅.,C2,2
hidup p si i hidup grez lanjutkan perjuanganmu bersama kaesang semoga psi jadi partai yang besar ❤,C0,0
​ yuk opo maneh😅,C0,0
bonceret caprux apakah ada tanda2 kebangkitan pki ? terus yang sering memegang bendera pki juga oknum togel 212 tetapi ketika mereka ditanya dimana pki mereka tidak bisa buktikan.atau anda salah satu dari mereka ?,C1,1
"semoga psi dapat min 10 kursi di senayan, uu anti korup, perampasan kekayaan koruptor dirampas u/ negara dikebalikan ke negara",C2,2
​ 😊😢 35:00,C1,1
​ 32 tahun dipimpin militer hasilnya koruptor 1 di dunia,C2,2
sesuai nama akunnua terlalu pendek anda memahami gambar besar tentang indonesia yang sebesar ini bung.. jangan sesederhana itulah anda ini.. akal sehat anda di taro di mana?,C3,3
yang aneh kenapa dia tidak mau di verifikasi coba verifikasi 2 2 nya berani tidak itu dpr wkwkwk,C1,1
naik heli,C4,4
"manusia apapun jabatan, status atau apapun kalau bicara duit harus dawasi kalau tidak bisa jadi iblis,!",C2,2
100% dukung pak prabowo,C0,0
ya harus mau. lah dia hanya petugas partai.😆😆,C0,0
sama saya sendiri jga.berpendapat?,C4,4
satujangkat,C4,4
"​ setuju mas bro 👍 saatnya anak muda dan nasionalis berjiwa muda duduk di legislatif dpr kita dukung dan satukan suara untuk psi agar bisa masuk ke dpr tahun 2024 nanti. demi terwujudnya pemberantasan korupsi, pengesahan uu perampasan aset para koruptor, indonesia maju dan sejahtera salam solidaritas manula 60 tahun berjiwa muda di jakarta",C3,3
naran sumber itu hanya menjelaskan aturan dan prosedur pendidikan tetapi tidak menuduh gibran . profesor itu sendiri tidak tahu apakah gibran berkuliah singapura satu tidak,C4,4
d.sairkan sama sukma mungkin,C4,4
baju saja salah disen. jelek ya .. apalagi kebijakan. tinggal tunggu saja de.,C4,4
setuju bu smagat dalam memperjuangkan suara rakyat..💪,C0,0
"saya rela dpr naik gaji , tetapi sahkan uu perampasan asset dan hukum mati koruptor",C3,3
"rezim terakhir dimana kritik sangat bebas , tidak ada buzzers pemuja .",C1,1
"setuju jokowi yang terbaik yang dibuktikan dengan begitu mudahnya pemerintah saat ini mengatasi persoalan yang dihadapi. tanpa warisan yang kuat, pemerintahan prabowo-gibran pasti mudah limbung. jadi bicara ekonomi indonesia saat ini maka tidak bisa lepas dari apa yang sudah ditinggalkan jokowi. yang dihasilkan prabowo sebatas ini baru sebatas langkah2 populis seperti mbg, sekolah rakyat, koperasi merah putih yang justru bisa jadi bumerang bila ttak bisa dikelola dengan baik.",C1,1
kemungkinan ini jelas² proyek karena sekian besar dana mbg tetapi peruntukannya unt makan gratis sangat kecil,C0,0
pemerasan atau penyuapan?,C0,0
"habis oowi terbitlah teddi, parah segera tendang teddy dan suruh ikutan ""be a man""",C2,2
"kenapa malas sama pdip? pdip itu partai ideologis dikala yang lain pragmatis-oportunis, memang partai mana yang lebih bagus dari segi meritokrasi, punya ideologi yang jelas, konsisten taat konstitusi selain pdip? semua partai busuk, penuh intrik dan korup tetapi pdip masih jadi terbaik dari yang terburuk",C3,3
hahaa,C4,4
"suka gaya bicara anies, bisa menyampaikan ide secara efekktif efisien",C0,0
masih bingung yang bilang cerdas dari mananya,C4,4
sama kayak kasim kerajaan,C4,4
​ -f2f .woy 😮‼️ kamu berani sekali membawa2 al-qur'an buat kemunafikan ⁉️. tsuma na'udzubillahimindzalik.,C2,2
​ pada waktu kasmujo bicara begitu dibawah sumpah hakim atau dibawah tekanan orang gila sehingga asal omong saja sekedar menghindari orang gila tsb?,C1,1
"sumpah tidak mengerti lagi cara otak nya bekerja.. rakyat susah payah cari uang..jangkan mpe jutaan..sehari cari 100 ribu saja susah nya meminta ampun..harus berpeluh""dlu. kok mereka memikirkan rumah..gk usah dikasih kompensasi pun..mereka punya rumah sendiri..gk usah dikasih rumah jabatan. tidak mengerti lagi sumpah yakin..makin memperkaya diri sendiri..",C1,1
dewan perwakilan partai,C4,4
sejarah mencatat yang melakukan kudeta itu pki bukan kadrun bro.. nglantur lu.. 😅😅,C3,3
"mungkin itu cara nya pak tedi, ya semoga indonesia lebih baik, merdeka 🇮🇩🇮🇩🇮🇩🇮🇩",C0,0
"disini kita bisa liat, cara beliau bicara bukanlah cara politikus bicara. tetapi kita sedang mendengarkan seorang akademisi berbicara. pak. rindu dipimpin bapak 🥲",C2,2
"​ anda jangan menyamaratakan pendapat saya dengan yang lain, tadinya saya juga pendukung jokowi dan gibran, tetapi saya merasa tertipu dengan kesederhanaan jokowu dan keluarga nya, yang ternyata setelah menjelang akhir jabatan, terlihat jelas bahwa jokowi adalah pembohong, penipu dan pengkhianat #, pembohong= sudah ada pemesan mbl smk 6rb unit (zong) sudah ada dikantong 11 triliyun untuk ikn ( zoong) tidak akan menggunakan dana apbn ( zoong ) tidak akan mendukung gibran, maju pilpres"" karena umur dan pengalaman belum cukup"" akan tegak lurus bersama pdip ""zoong"" dan mengaku lulusan ugm ""zoong""",C3,3
"​ wkwkwk. reformasi yang gagal & kebablasan 👎 melenceng jauh dari cita-cita awal. saya sendiri ngalamin langsung, disaat awal-awal reformasi, optimisme dan harapan masyarakat menguat melambung tinggi terhadap era baru tsb. pemerintahan habibie diisi orang-orang kompeten dan kkn nyaris tidak ada tidak terdengar. kondisi sosial-ekonomi negara sudah mulai pulih, membaik & tertata lagi. ketika habibie digantikan gusdur, arah reformasi mulai melenceng. pada bermunculan lagi kkn dimana2. - pemerintahan dan istana sangat pekat berbau perkoncoan. para pejabat2 negara banyak diisi konco2 satu geng nganu atau kerabat sanak saudara sendiri (ponakan2 gusdur pada menjabat mentri atau pejabat tinggi negara). istana negara jadi mirip warung kopi atau balai rt. banyak orang-orang gakjelas pada ngegembrong nongkrong di istana sambil gakjelas pada mengapai dan pada mau apa tuh orang-orang tsb. - kasus2 korupsi & pungli pada marak bermunculan. dari tingkat pusat, hingga ke keroco2nya di daerah2. kalau ingin urusan lancar dengan orang-orang pelat merah, harus siapin amplop coklat dibawah meja. - premanisme dan ormas2/lsm gakjelas pada marak bermunculan dimana2. saya ingat bener, saat di era tersebut mulai muncul tradisi baru tiap mau lebaran atau akhir tahun : pada nongol mengantri preman2 berseragam ormas nyodorin ""froposal"" permintaan dana thr dan tunjangan operasional buat ormas mereka. - cukong2 & boss2 kayu ilegal dan pembalakan liar sda hutan, marak dimana2. hutan2 lindung & kayu2 jati perhutani dijarah habis2an oleh gerombolan yang mengikuti omongan gusdur ""..ambil saja kayu itu, toh dulu yang menanamnya moyang kalian.gitu saja kok repoot"" 😂 polisi hutan /jagawana tidak berdaya karena penjarahan tersebut dibekingi oleh ormas loreng abal-abal berkopiah. kerusakan alam paling parah dalam waktu paling singkat (dua tahun). hutan2 pada gundul, banjir & longsor dimana2. - kemaksiatan dan kemerosotan tatanan moral & sosial dimana2. pada marak pentas2 dangdut seronok, dengan segala macam kreasi goyang seronoknya. dari mulai goyang ngebor, goyang gergaji, goyang patah2, goyang dombret, segalamacem gakjelas. majalah2 dan koran2 cabul pada marak beredar di pinggir jalan atau dijajakan di lampu merah. era pemerintahan paling aji mumpung kampungan. memalukan dan kemunduran di berbagai aspek berbangsa. .",C3,3
alhamdulillah saya tidak salah pilih .. dan saya bangga tidak memilih prabowo,C0,0
"bisa tidak ya, suara komen di youtube terdengar sama kpk?? saya ragu",C0,0
"alangkah teriris-iris hatinya anies rasyid baswedan gelandangan politik ini tak dapat jabatan dari presiden indonesia. koneksi bukan prestasi pantas dipecat.tunggu saja pelantikan menjadi sekjend pbb, entah kapan ini !",C3,3
apa yang akan kamu lakukan jika melihat penjahat di depan mata? koar2 saja di medsos? atau bertindak?,C0,0
partai nasdem.pecat saja dari dpr sahroni..kami rakyat tidak suka dengan anggota dpr yang satu ini pecat saja dari dpr.,C2,2
"percuma saja, koruptor saja di hukum enak,negara ini hukum sampah",C2,2
"​ -74 memang kamu tahu kiprah saya ? daripada kamu diam bae, merasa negeri ini sedang baik-baik saja",C2,2
hadirkan host rossi atau aiman.,C0,0
just a theory bang kejaksaan sedang transaksional dengan pejabat untuk praktik tukar kepala. gampang aja. audit silent saja sermua rekening anggota kejaksaan. dari situ ketahuan.,C3,3
tulah apauh di harap kan apa lagi yang di baanggakaan .benar ibu oki.,C0,0
"semoga allooh yang maha kuasa melindungi orang yang berniat baik dan membinasakan dengan sangat pedih para pengkhianat dan perusak negara ini, amin",C2,2
"gugat gribran wapres plonga plongo . ini namanya penipunan . kejaksaan ,mk fan bawaslu yang meloloskan gibran pas mencalonkn capres harus dituntut memalukan para pejabat bangsa ini",C3,3
​ broo.. kalau beli non subsidi itu harus beli tabung nya juga dong dan otomatis harganya mahal. sedangkan penghasilan orang beda². besok-besok langsung turun lapangan biar tahu penghasilan rakyat kecil. terimakasih,C0,0
segitiga bermuda gunanya bang,C4,4
"rakyat yang mana?? saya salah satu rakyat yang pilih prabowo dan tidak kena getah apa-apa .. mungkin anda perwakilan rakyat 24,9% yang gagal move on yang selalu membuat opini & narasi sesat ..",C2,2
syukurnya sudah balik lagi channelnya,C4,4
​ angin duduk bekerja sama orang maling panci,C2,2
"kalau tidak ada pdip .siapa yang mau ngusung jok., partaikan melihat kwalitas orangnya jg, kalau pdip kan punya maksud pilih jok.ada maunya supaya bisa diatur.mknya diblg petugas..",C1,1
"sepakat dengan uncle pram bahwa harus ada evaluasi program mbg ini. pembiayaannya lumayan besar sampai puluhan t jika tak ada pengawasan ketat dan evaluasi yang mendalam bukan tak mungkin yang bertambah ""gizinya"" justru para ""koruptor"" karena adanya lahan basah. semagat memasak, tempo. pastikan bahan2 masakannya tetap berkualitas dan kayak nilai gizi untuk merawat akal sehat masyarakat indonesia.",C2,2
"saya daftar jadi angota psi tidak ribet ini itu dan itu gratis , tidak harus pakai orang dalam untuk masuk partai 😂 dan waktu datang ke kantor cab wilayah saya datangin dan di sambut ramah sama kader anggota lainya. ini di luar dugaan siih..",C2,2
ini era penculik dan penipu oke wo,C4,4
ini yang saya maksud,C4,4
memaafkan iyaa. melupakan tidak. karena memang begitulah smestinya sejarah itu ditulis.,C4,4
"ayo para odgj silakan mengikuti dokter gila ini😅 mana ada manusia punya 2 sidik jari 😅, sidik jari pak jkw di skck saat menjadi karyawan bumn tahun 1986 tetap sama dengan saat ini. pakai otak warasmu drun jangan kamu terjerumus",C2,2
gimnaa indonesia akan menjadi negara yang merdeka. berwibawa di mata dunia internasional. kalau negara sebesar indonesia..harus di pimpin wapres yang plonga plongo.,C2,2
saya sebagai rakyat malaydia bangga dengan bapak andika..agar membawa kebaikan pada negara indonesia,C4,4
survey yang mengatakan kepuasan gibran 70% adalah munkin kekeliruan .. berarti anak sd saya,C0,0
"aneh ini presiden dibohongi, nyenyel dengan maunya sendiri. sudah tahu masalah banyak di mbg ngotot2 saja",C1,1
yang perlu dicek itu coba para kepaladinas,C0,0
"di saat merayakan hari kemerdekaan itu hak seluruh bangsa bergembira tidak cumarakyat biasa tidak terkecuali tidak melanggar hukum,kecualisaat kerjadikantor atau sidang,itu baru tidak boleh,kenapa harus geram aneh,apakah anggota dpr bukan orang yang berhak gembira disaat merayakan hari kemerdekaan,ini namanya irihati tidak berdasar.",C1,1
benar mungkin indonesia 2030 hancur,C1,1
makin parah.loe kira tni lebih baik dari polri?😂,C1,1
lagi mengurus ktp,C0,0
cara menarik nya itu loh,C0,0
presiden prabowo di kasih saran yang terbaik malah ngeyel malah melindungi koruptor.,C1,1
"​ justru dengan prabowo ketua partai, tetapi kondisinya malah kacau begini menandakan power dia patut dipertanyakan?! masa lebih jago jokowi mainnya. prabowo terlalu gampang nurut dan didikte asing.",C2,2
"apapun itu saya tetap mendukung mas gibran, saya yakin negara di pegang anak muda usia produktif akan maju.sory saya bukan buzzer, pengalaman di dunia kerja..",C0,0
"itu namanya pembenaran,yg namanya pejabat publik jangankan ijasah isi dompetpun masyarakat berhak tahu.ijasah jokowi kan di pk untuk pencalonan presiden,dan presiden itu pejabat publik",C1,1
fix korupsi itu tujuannya tidak ada yang lain.. pemerintah memikirkan rakyat omong kosong,C1,1
"..kan dari dulu juga memang sudah adek kan nyang nama'nye kud kenapa sekarang ngebuat baru lagi haah, kan tinggal meneruskan dan berdaya'in itu kud nyang lama, jadi kan kagak terlalu banyak makan dokat anggaran"" siluman chuuy, kacau ini republik lama"" jadi blangsak🙄🤔😲😠☹️🫤🫤👎",C1,1
"sudah 2025 bukannya makin benar malah makin kacau, ya begini akibatnya kalau angkat menteri tanpa pandang kualitas dan kuantitas,",C1,1
"sebaiknya belajar karya tulis ilmiah biar bisa menganalisis data, menguji data, dan menarik kesimpulan. mkmkmk. cekakak. ketahuan tingkatkan nya.",C2,2
tenang tenang matamu!! kami rakyat butuh makan!! siapa yang setuju kalau harta rumah dan mobil pejabat disita semua untuk rakyat makan!! gila aja!,C2,2
kaesang sudah dibeli cina mantp bro markotop.@,C3,3
hendraiqbal // komen mu nggilani cox..,C2,2
"wih "" terbongkar anak tidak luluss sampai jadi wakil presiden.."" hanya jamannya legacy jokowi",C3,3
kalau presiden dipilih mpr tidak demokratis yang demokratis pilihan rakyat,C4,4
😊🎉tepuk tangan pok ame ame.maluin sekali,C4,4
"​ -rw9qj7kl8i tni tugasnya kok mengurusi gas 3kg. kalau memang ada tengkulak nakal, pelaku oplos dan lain lain, si bapak bilang, pemerintah punya alat, punya senjata. masak nangkepin tengkulak nakal saja tidak bisa. nangkep koruptor tidak bisa, nangkep pengoplos juga tidak mampu. yang namanya pemerintah harus mengambil keputusan yang terbaik. kalau misalnya saya pengguna gas 3kg, saya juga bakal pilih beli dengan harga 24rb dari pada 19rb tetapi harus antri berjam jam bawa ktp .",C3,3
ray rangkuti kalau tidak tahu tentang termul tidak usah komentar,C1,1
seluruh rakyat indonesia mengharapkan pak jokowi 3 periode apa bila partai2 dan dpr/mpr. membenarkan.,C0,0
"lintang alfi syahrin lah ini yang begox kebngetan, yang jelas memprtaruhkan nama besar partai dan pimpinan, bukan maslh pilih tidak pilih.",C2,2
bagaimana peran 2 antek asingnya?,C3,3
"nyalon presiden sendiri saja gagal, mendukung anies baswedan nyalon presiden gagal, begitu kok mengaku 😮",C1,1
"​ bilang kadrun, abah, yaman itu musuh bebuyutan saya, paham",C3,3
"pak wo wo igin anak, anak kita habis tidak ada generasi penerus, habis rakyat mu pak wo wo,",C4,4
apa ada kadrun yang memberontak nkri? jangan-jangan kamu keturunan pki.?,C3,3
sok tahu.,C4,4
stop pembangunan di pik 2 dan seluruh pesisir lainnya pak..disana banyak sekali penjajah oligarki yang merebut pesisir pantai di negeri ini,C2,2
"dimaklumi ya bu, ketololan menterinya prabowo ini.",C2,2
saya 100% percaya ugm karena punya bukti yang kuat & institusi resmi. tidak seperti anda cuma modal bacot & katanya katanya.,C2,2
langsung bubar indonesia yang ada,C0,0
"anda berkomentar 1 tahun yang lalu dan jawaban dari komentar anda trjdi saat nie,",C2,2
tidak bermutu dan jangan - jangan banyak buzzer nya,C2,2
"indonesia di reboot ulangsperti halnya smartphone. rebootnya.tanpa dpr dan partai politik cukup 1 saja sesuai kesepakatan rakyat,hukum dan undang2 yang di ubah+di tambah dpr untuk keuntungan dpr semata di hapus ..saya yakin indonesia bakal menjadi tertata,ekonomi rakyat,pengangguran berkurang 80%.kebijakan pemerintah tidak memberatkan rakyat,hukum tidak tajam kebawah saja,korupsi/mencuri hukumnya potong tangan, menghabisi nyawa orang ya di hukum mati tanpa belas kasih atau keringanan apapun.",C1,1
faldo jangan maling teriak maling lah.. justru masalah jika ini datang dari salah satu tokoh partai anda psi bahkan orang itu sanak anda sendiri adek armando yang sering memancing di air keruh,C2,2
"wkwkwk mling aym atau bgal kalau ktauan bonyok pun hampir mati.udh ada bui kurang lebih 7 tahun saja masih bny kok yang keluar bui tidak tobt malah mling lg.sgtu beraty loh resiko mling kelas tri itu kalau ketngkp.tp masih bny yang tidak kpok dan tidak jera.gmn dengan koruptor yang sudah trtnggkp ..dn masih melmbaikn tngn dan melontarkan senyuman mnisy ke kmra,dn dengan hukum ringan belum juga bny yang sudah trungkp.npi korup mendapat fasilitas kelas hotel bintang 5 .hm ykin keluar pnjra sudah tobt dan tidak korup lg.kty koruptor ada miskinkn fktay koruptor masih kaya aj.prnh kan ke sidk sama njwa ada lps korup mnemukn uang ratusan juta ada laci kamar npi korup..hm",C1,1
jangan disalahkan jika ada rakyat yang menginginkan bapak presiden jokowi mencalon kembali .,C0,0
adalah jokowl & hkum matl atas kerusakan negeri ini,C0,0
"waktu bang fahri hamzah jadi anggota dpr sampai jadi wakil ketua dpr sama bang padli zon jika ada sesuatu yang dianngap tidak beres apalagi sampai dibw ke dpr yang ditunggu 2 cukup dua orang ini, tinggal berhadapan dengan siapa . karena 2 orang ini yang dianggap anggota dpr punya argumentasi yang kuat dan keberaniannya sepaket dengan kecerdasannya yang mampu melihat lorong gelap dengan kritis jadi dianggap mewakilinya. jadi jika rakyat bicara tentang dpr yang dingat fahri hamzah dan fadli zhon atau sebaliknya ( 2 orang ) ini. yang lain dianggap mewakili suara partai yang lebih dominan shg mati rasa yang kemudian mati suri karena setengah melek-setengah meram = ( tidur).",C1,1
"korupsi di indonesia itu sudah ada dari jaman penjajahan belanda, bukan orang-orang belanda (voc) yang korupsi tetapi pejabat daerah yang berkuasa seperti demang dan bupati yang asli orang-orang pribumi. bahkan uu korupsi di jaman belanda pun orang-orang yang korupsi di hukum mati karena sangat merugikan pihak voc sebagai pemerintahan yang berkuasa pada saat itu. hanya di rezim ini lah yang korupsi dilindungi. bahkan uu perampasan aset tidak akan pernah di sahkan.",C3,3
ternyata jejak rektor ini mantan koruptor 😅😅,C3,3
aneh triakan nta sing aseng lah yang keliling dunia terus menemukan semua presiden di semua nagara kan dia sendri.. kok malah membalikan pakta..?? baru bberapa hari ini duduk bareng jabat tangan sama si bule donal trum.. piye sih pikun ya.. blunder..,C2,2
"kekuasaan ini tidak akan.pernah di bentuk dan diisi oleh putra2 terbaik bangsa, tetapi di isi dengan para petualang politik, rampok uang negara, tukang catut, tukang bagi-bagi bancaan korupsi, tukang bikin proyek2 menghabiskan uang rakyat hanya untuk tujuan kolusi korupsi dan dinasti. sadar atau tidak sadar itulah kenyataannya. mereka balut dengan kalimat hebat , koalisi partai, namun di balik itu semua ternyata hanya kongsi2 5 tahun untuk menggarong uang negara. mereka yang punya ambisi mau menjadi pejabat yang tidak punya pengalaman politik, mending tolaklah dan jauhkanlah, kekuasaan tidak butuh orang pintar dan jujur, tetapi butuh orang yang serakah dan nurut , pintar menjilat dan siap memberikan setoran korupsi",C2,2
"kita doakan untuk seluruh rakyat indonesia agar tambah pintar dan semakin cerdas, tidak bisa dipecahbelah dan diadu domba oleh buzzerrp dan pki. dan semoga roy suryo sehat selalu dan panjang umur dalam mengatakan kebenaran amin",C0,0
kok begini amat iya. amanat rakyat kok di sepelekan.. di keriti dan di suruh seadil2nya kok tidak menerima woh woh. rusak2 si kidung,C1,1
periksa lbp juga,C4,4
kalau di calonkan sama partai nya.. kalau tidak dicalonkan bagaimana kita mau pilih kdm..?,C1,1
kakeknya menyatukan.. eh anak cucu menghancurkan,C1,1
"ya allah..bener2 dirusak negara ini..negara lain sudah pada lomba teknologi, negara kita malah dipimpin anak sampai 😢😢",C3,3
kurang ajar megawati dan pdip. jangan pilih calon kepala daerah yang didukung pdip. jangan pilih pramono - rano di jakarta. jangan pilih andika di jateng,C3,3
saya pilih partai pdi perjuangan (partai yang di perediksi peraiah suara terbanyak 2019),C0,0
"tan malaka menangis melihat pod cast ini,,nilai - nilai dan ajaranya (madilog) di bawa bawa untuk menghadirkan maling panci odgj",C4,4
sorry yee.tetep 02.oke gass,C0,0
negeri ini sudah kecolongan dua kali dalam memilih pemimpin,C2,2
"sudah jangan diurusi pak prbowo sebab mbg sudah tepat ,masa rakyat okut makan mbg diusik terus yang diusik koruptor triliyun mbak makan uang sendirian . dan kalau dikasih uang rakyat jadi malas tidak mau kerja",C3,3
terwakili kadrun? haram bagiu diakili kadrun,C2,2
"tidak sehat gimana, kalau kesempatan jadi cawapres didepan mata mengapai patuh kepada partai.",C2,2
"pemerintahan presiden prabowo subianto memang ngawur, semenjak kemenangan prabowo dengan cara tipu2 akal' an jokowi akhirnya total keseluruhan cara pemerintah an presiden ini memang amburadul bin kacau bin hancur lebur",C1,1
setuju 💪💪,C0,0
"boleh nyalon dan di usung dari partai manapun ..tp ya mengundurkan diri dulu dari kader,aku tidak kasihan sama pdip di tinggal keluarga joko.justru saya benci dengan budaya mu sebagai orang jowo.datang permisi minimal pergi ya pamit.",C2,2
dari sekian banyak komen sepertinya cuma komen ini yang cerdas. yang lain tidak menyimak masalah kasus asal komen dengan kebencian pada polisi. itu siswa juga kalau jadi polisi besar kemungkinan bakal jadi polisi songong. salut buat oknum ipda varren 💯,C4,4
asal. jangan ikut partai bisa ndak?,C2,2
yeay.🎉❤,C4,4
"kadrun memang tidak suka kecerdasan , pikirannya bagaimana rakit bom",C4,4
"tegakkan dulu hukum dengan tegas,biar manusia manusia itu berkurang dan menutup niat dan kesempatan mereka untuk berbuat jahat lagi. apapun programnya,akan selalu ada manusia jahat yang mencari keuntungan/merusak pembangunan,",C1,1
perkuat iman kita tidak tahu apa yang terjadi selanjutnya.,C4,4
logikanya gampang siapa yang pintar bicara itulah yang paling buruk dalam tindakan,C1,1
"mana saya tahu tempe , jawaban partai kebo tanduk",C2,2
ya kuncinya satu genz jangan terpolarisasi pasti aman dari isu isu itu,C4,4
"bukan rabowo, memang pantas prabowo harus turun sebelum indonesia dirusak prabowo",C1,1
​ .013 bisa jadi 😅 banyak rakyat yang sudah terdzolimi 😢,C4,4
"akherat pasti ! sebelum di akherat di dunia dulu harus di hajar,!",C2,2
orang berpikiran busuk karena bisa jadi aktualnya dan kenyataan juga busuk.hahaha,C2,2
akal sehat 👌👍,C4,4
ketika ada orang yang bertanya apa kerusakan negeri ini? apa yang sudah dirusak jokorup? valid yang tanya seperti begitu orang dungu.,C3,3
​ -f2h lisa sedang di hack kroni kroni panci 😅,C2,2
itu nyanyi2 byar pki uang rakyat ya..mantapp😂,C2,2
saletres,C2,2
"al kisah, seorang raja di jaman abu nawas, salah satu pengawal sang raja di pilih untuk mendampingi disaat tugas bahkan saat santai. pada suatu saat ada rakyat yang mau lopor permasalahan yang sangat genting menyangkut keadaan kerajaan yang akan dikudeta tetapi sayang laporan itu tidak sampai kepada sang raja, akhir nya sang raja benar benar di kudeta sehingga kacaulah keadaan kerajaan. sekelumit cerita ini jangan sampai terjadi di indonesia. tetapi tidak menutup kemungkinan juga bila terjadi sebab pengkhianat nya sangat dekat dengan presiden bapak prabowo",C2,2
pelaku sejarah panci y.. jadi ingat sejarah yang pura-pura lumpu pas mau jadi tersangka arca 🤣🤣,C4,4
"jangan hanya berbicara disaat akan pilpres, tetapi nanti para kadrun anti toleransi bermunculan yang sering buat keributan .",C4,4
"daya beli masyarakat rendah malah buka toko,didesa saya 1 indomart saja sepi lah ini ada 3 kopdes mungkin lebih 😂",C1,1
kegagalan kdmp akan jadi alat sandera penguasa pada para kepala desa untuk memenangkan kembali kontestasi politik 2029.,C1,1
aman perubahan?😂,C4,4
​ -dq9yw minimal daya rusak nya tidak separah geng mulyono,C2,2
apapun partai nya..orang baik-pintar & cerdas..pasti pilih capres-cawapres ri 2024..ganjar-mahfud..yang sudah jelas terbukti & teruji..anti kolusi & korupsi..yang sanggup melesat membawa indonesia maju 🇮🇩👍,C0,0
"valdo, kok kamu tidak mengerti ada dulu vigur calon bupati, gubernur dan presiden baru ada relawan tidak mungkin ada duluan relawan baru ada calon tetapi ada dulu kandidat calon baru lahir relawan dan yang di sampaikan oleh jika adalah saat jokowi jadi walikota maju gubernur",C0,0
masalahnya kursi pdip enggak cukup untuk ngusung.tp kira-kira partai mana yang mau bergabung ya??mudah2an tuhan gerakkan satu partai mau bergabung dengan pdip.agar ahok bisa lolos.amin.,C0,0
dia kan pilihan bang brewok di partainya.,C2,2
sekarang siapa yang kasihan,C0,0
"lihat berita di indonesia makin hari makin menakutkan, menakutkan karena terang2an hukum sudah semakin timpang. memikirkan jauh bagaimana nasib indonesia ke depannya bagaimana nasib rakyatnya. melihat berita dari sabang sampai merauke sedih sekali karena rakyat banyak yang masih belum sejahtera, banyak kebijakan yang tidak pro rakyat..sementara sda negara terus di geruk dan begitu pula mereka-mereka yang ada di atas masih bisa menikmati dengan nyaman dan santai. kenikmatan dunia yang membuat mereka menjadi orang-orang serakah 😢😢 ya allah semoga rakyat yang di dzalimi mendapat balasan suatu hari di surgamu dan mereka-mereka yang sudah berbuat dzalim pada rakyatnya juga mendapat balasan setimpal dari engkau 🤲",C1,1
top,C4,4
pantas saja ada virus yang disebabkan tikus yang lagi viral sekarang tidak tahunya gudang tikus tikus itu yang membawa virus dari negara kita sendiri dan tikusnya itu terlahir dari pejabat pejabat kriminal hukum yang lagi mendzolimi nadim dan ibam. semoga tangan allah segera mengangkat menyelamatkan mereka berdua. biarlah banjir bandang yang menggulung mereka yang dzolim dan buat mereka yang dzolim musnah ditelan bumi. amin 😇,C3,3
harta presiden presiden ri sblumnya bila ada kumpulkan jadi satu.masih besar hartannya jokowi selama menjadi penguasa 2 periode ..gila benar ya.(emang betul apa yang ada sampaikan occrp/sbg koruptor nomor 2 ada dunia ),C3,3
logikanya bahlil memang kontradiktif parah kamu bahlil mending orang ini di pecat saja,C1,1
omong fakta begitu bagus pak wahri penasehat hukum bagus pak prabowo subianto presidenku wibawa merakyat mengayomi warga indonesia pendukung demokrat golkar partai negara besar ojo kuatir demi kebaikan bangsa indonesia pak prabowo subianto presidenku oke bersatu nkri oke seluruh indonesia babinsa mahasiswa bisa tugas negara oke buktikan pak prabowo subianto presidenku wibawa merakyat mengayomi warga indonesia oke wibawa widodo jagal sapi mandor asrama ada batalyon brigif mvantri bulungan tanjungselor samarinda era bapak presiden surabaya belum dibayari negara sabar trimo pak prabowo subianto presidenku,C0,0
"panci panci, anak buah sama juragan sama koplaknya",C4,4
kapan pencuri panci di penjara?.,C4,4
​ -f6v 🤣🤣 jelek mainnya,C2,2
jika aneh sekali,C1,1
bagi mereka komen begini sangat lucu.karena banyak dari mereka sudah tidak punya rasa malu.ibarat bodo amat yang penting kenyang😆,C0,0
yang berkuasa ibu mega. aneh ya.,C3,3
astagfirullah. katanya wakil rakyat tetapi kelakuan maling kundang & dzolim sama tuannya (rakyat).,C2,2
ini hasil semua nya kan pak prabowo jadi presiden alhmdulillah.,C0,0
kalau boleh usul saya perjuangkan semakin maraknya praktik kkn dari semua lini bangsa terutama di elit elit partai,C2,2
dpr dihuni oleh orang yang diotak nya hanya bagaimana caranya hidup seenak mungkin tanpa kerja keras. perampok tetapi berdasi. urat malunya sudah pada putus,C2,2
"- masuk tahun 97, indonesia diguncang oleh krisis ekonomi & moneter yang parah. - tahun 98 suharto akhirnya jatuh dari kekuasaan dan digantikan baju habibie. - tahun 19, baju habibie memerintahkan pengusutan skandal keuangan blbi yang angka nya rekor paling besar saat itu : rp 150 an triliun. - sejumlah oligarki raja2 uang dibekukan bank & asset2nya, sambil dilakukan pengusutan kejahatan keuangan mrk. - pemerintah tegas menghentikan kucuran dana2 talangan ke bank2 bermasalah tsb. - habibie mengancam akan menyeret oligarki2 koruptor ke pengadilan, dihadapkan dengan hukuman maksimal: vonis mati. - gusdur dengan menggandeng cukong oligarki kakap; edward suryadjaja, berencana memborong saham2 sejumlah bank sitaan negara di bppn (bps, bank ficorinvest) yang nilainya sedang di titik terendah, murah meriah. - langkah gusdur tersebut terganjal pres habibie yang tidak memberikan izin, karena partner kongsi gusdur mrpkn orang blacklist dot (daftar orang tercela) di bi. - tahun 19 habibie jatuh dan digantikan oleh gusdur. - tahun 20 gusdur membuka kembali keran dana untuk rekapitalisasi bank2 blbi, yang menyebabkan negara bocor lagi sebesar 80 triliun. - gusdur juga ngotot ingin memecat secara tiba-tiba gubernur bank indonesia syahril sabirin, dengan sejumlah alasan yang gakjelas. syahril sabirin sendiri seorang pejabat kunci keuangan yang kompeten dan jadi tangan kanan pres habibie dibalik kesuksesannya mengendalikan nilai dollar dalam waktu singkat (dari rp 16.800 jadi rp 6.500). - belakangan ramai terungkap oleh kalangan lsm dan aktifis2 pergerakan 98 (yg kecewa karena reformasi telah dibajak dan belok dari cita-cita awal), kalau syahril sabirin sebelumnya menutup bank papan sejahtera (bps) yang terlibat skandal blbi, sementara bps sendiri ternyata salahsatu pemilik & pemegang sahamnya itu presiden gusdur sendiri, berkongsi dengan taipan h*ry t*noe. .",C3,3
di pangkalan masih kosong sampai saat ini .,C0,0
​ yang memilih algoritma,C4,4
betul bingitz,C4,4
panci gembreng saya akan bela kamu mungkin demo kalau kamu sampai masuk penjara karena kalau kamu masuk penjara tv jadi sepi….ngak bisa lihat pas kamu debat seperti orang kesurupan 😅,C4,4
dia itu bandit dan mafia baru di dpr.bro,C3,3
wkwkwkwkwk,C4,4
kalau kdm tidak ada partai saya siap ktp keluarga dan tanda tangan untuk kdm 2029,C0,0
-jv2tf setuju. sudah sulit membenahi pikiran orang seperti ini.tp anehnya banyak yang mendukung.,C2,2
kacau sangat bangsa ini penuh dengan orang orang pembohong.,C2,2
sombong sekali omong ngan nya nenek tuwa ini rakyat indonesia masih mencintai pak jokowi 70 80% jadi jangan sok mega wati rakyat bukan cinta sama partai pdi tetapi cinta sama jokowi ingat nenek tuwa kalau bicara jangan mancla mencle,C3,3
a saya suka dengan psi karena punya gebrakan yang mantap belum ada partai lain sama,C0,0
iya up lagi sudah terlupakan oleh banyak isu-isu pengalihan,C4,4
hey genteng genteng asengg,C3,3
waktu debat capres saya memang sempat meremehkan gibran dan menaruh expektasi rendah tetapi ternyata cara dia berdebat sangat sesuai apa yang saya harapkan padahal saat itu saya masih bingung soal pilihan.,C4,4
"inilah provokator yang pasti sudah disiapkan dan dibayar mahal, kenapa ketua partai pengusung diam saja",C2,2
"persis kejadian adik ku dhonk. bedanya ia daftar tni. dia daftar sendri.. mlakukan test ini dan tu.. tak ada masalah. kocaknya diakhir crita, kalau adikku bisa lolos disuruh bayar 130 juta kala tu.. jika kami tak sanggup, maka akan di lempar ke orang lain( bahkan ada yang berani bayar lebih katanya 😂.. karena kita tidak punya duit.. ya sudah.. adikku cuma menangis dan pupus harapan. 😔😔",C1,1
"fungsi relawan itu apa sih,memangnya masih musim pilpres.",C4,4
setelah expose . didiamkan.yg ikut expose harus juga di bap .ada kemungkinan (diduga) ikut kebagian 🤔,C4,4
"sejauh dia tidak mewarisi gen komunis atau tidak memiliki keyakinan terhadap komunis maka itu aman. justru masalahnya sekarang banyak bermunculan praktik komunisme yang justru dilakukan oleh mereka yang paling nyaring teriak saya pancasila, padahal kelakuannya komunis.",C0,0
sebentar lagi muncul komentar antek soros dari buzzer konoha😂😅,C2,2
​ komen kamu nunjukkin kalau kamu tlol rkyat kebanggaan mulyono dan wowo yang cuma mau kemkan narasi buzzer,C3,3
"jangankan pendidikan ..kesehatan gratis.bisa bikin murah saja sudah syukur,.kayaknya pesimis harapan kita,.siapapun presidennya 😭 cuma php😇👍🤣",C4,4
fix.termul yang kepanasan 😂,C2,2
pidato cinta negri&rakyat.jauh pangang dari api.gambaran prrsiden saat ini.,C4,4
episode yang perlu tak download untuk 15 tahun kedepan info ke anak cucu. ini lho dulu bobroknya negerimu.,C4,4
"teddy bear juga kurang ajar, berasa presiden,negara di samakan sebuah organisasi",C2,2
"yang sangat bahaya untuk saat ini adalah pengkhianat bangsa, mereka bisa bersembunyi di balik jabatan, seragam bahkan sorban, penjahat2 ini sulit terdektesi, karena selalu berteriak nkri harga mati, tetapi mereka mati2an meraup kekayaan dan menjualnya ke asing dan aseng. kami memohon kepada prajurit2 tni yang jujur dan masih setia berada di barisan depan benteng nkri ini, berjuanglah sebagai ksatria sejati, walaupun kini mereka membom dengan harta dan jabatan, selalu pegang teguh, istikamah dalam memperjuangankan kedaulatan bangsa ini.",C2,2
maksud pigai. kalau ada kecurangan laporkan dengan bukti. maksud roki dan refli. mau membuktikan kecurangan dengan siapa. sedangkan maka menurut roki dan refli bagian dari kecurangan. itu isi dalam dialog ini,C0,0
yang kayak makin kayak yang miskin makin miskin itulah negara kita indonesa karena harta kekayaan negeri ini hanya ada rasakan para elit anggota dewan rayat sisa tidak mungkin rayat bisa subur makmur kalau para pejabatnya tidak mau dekat sama rakyatnya,C1,1
"anak sekolah dasar saja tahu pepatah, berani karena benar, takut karena salah. dalam kasus kriminal ini, berani tunjukkan ijazah karena benar asli. takut tunjukkan ijazah karena pasti palsu. pasti palsu.! sekolah tinggi tinggi sampai bergelar kompresor hukum, sekolah tinggi tinggi sampai punya 4 bintang. tetapi isi otak kalah sama anak sekolah dasar.",C2,2
itu mungkin yang disebut penciptaan lapangan kerja ( untuk kroni dan pendukung). namun dinyalirjuga membuka ladang korupsi.,C1,1
"kalau jadi ferry, saya juga marah sih. jelas sangat menjijikkan dan kebodohan kejaksaan. rusak sudah negeri ini. semoga allah masih lindungi negeri ini,,",C1,1
jeky anggara diskusi saja bro santai toh mereka capresnya juga santai2. debat itu adu pikiran saja bukan berarti kita harus baku hantam,C0,0
"kota serang sama kota bogor gagal membina krakatau steel , coba kita percayakan kepada kota bali dan papua untuk memipin perusaahn krakatau yang vendor perawatan utamanya dipegang pt bukaka",C0,0
"kamu itu cocoknya ngurusi saja kasus pencurian pemb*n*han dll, jangan membahas presiden. nyatanya kasus sambo di negeri ini mirip apa.ada berapa psikolog yang hadir mungkin bahkan lebih senior dari kamu.nyatanya hukum mirip apa disini? tidak semua orang genius bisa bicara lancar, justru menurut saya banyak yang terkesan pendiam, karena dia kerja sesuai kemaunnya. contohnya pak putin tuh apa buanyak omong? disini juga jokowi menurut saya aslinya juga pendiam.jarang banyak bicara yang aneh2..jadi menurut saya kamu itu kurang tepat ngurusi pilpres.malah jadi salah kaprah. juga jangan pakai bahasa enggress buat nunjukin kamu punya strata, itu dalam psikologi kan juga ada hahahaha",C3,3
tidak ada harga dirinya ininya prabowo idiot,C3,3
integritas ahok itu pasti pilihan partainya pdip.,C2,2
"lah ya kalau keturunan pki asal dia nya waras ya sudah lah kenapa harus di larang? dia saja cuma keturunan tidak ada sangkut paut nya diluar juga ada mantan napi bebas masuk tentara. ya benar lah asal orang nya waras dan tidak akan mengikuti/mengulangi hal tersebut ya silakan masuk tes dulu, toh semua di test di cermati baik baik tidak langsung masuk",C2,2
jeda waktu itu digunakan facebook untuk negosiasi dengan syl tetapi mmd sudah tahu jadi dia umumkan tersangkanya syl karena ada kemungkinan kpk mempermainkannya. itu mungkin jawaban dari pertanyaan mengapa mmd sebagai menkopolhukam menyampaikan syl tersangka biasanya itu disampaikan oleh pimpinan kpk,C3,3
"bapak prabowo kalau jadi presiden pasti hevi,krna suka ngelucu,jadi tidak akan asa bosan sama bapk prabowo ini😊",C0,0
"ya allah kenapa bisa jadi rakyat indonesia nyeseknya sampai anak cucu, nagis sekali ya allah",C4,4
kalopun ada.. palingan hanya beberapa persen yang benar-benar sholeh/ah mungkin selebihnya hanya casingnya saja,C4,4
contoh ny.?,C0,0
the real orang munafik ya sianjing itu.nggak tahu balas budi,C2,2
orang ini pengkhianat bangsa salah satu penerima dana dari antek asing,C3,3
h. gila,C4,4
"​ coba sebutkan partai mana yang tidak meme tingkah paetainya sendiri, kamu kira gerindra memikirkan ?, sedangkan ketumnya saja sangat ambisius jadi president, kalau begitu jokowi tidak memikirkan rakyat dong , sedangkan jokowi sudah nengabdi ke pdip selama 20thn , 😂😂",C2,2
setuju..karna kemungkinan besar artis tidak pernah tahu bagaimana kesusahan rakyat..apa lagi rakyat miskin.,C0,0
jangan mudah terpropokasi. melihat hasil akhir saja nanti. kita boleh membangga banggakan calon pemimpin kita. tetapi jangan sampai kita menjelek jelekannya. damai bung. bung karno kalau melihat kita pada bermusuhan sedih. buat apa negara di besarkan. di bela belain. tetapi ketika besar kita malah mau manghancurkan satu sama lain.,C0,0
"kamu sangat terlalu maju sehingga bisa memilih presiden yang tak punya ijazah asli.. tetapi kok saya yakin ya kalau di negara maju pun orang yang tidak berijazah asli tidak akan bisa jadi pejabat, bahkan akan masuk penjara atas dugaan kasus penipuan",C3,3
"mantap jawaban mas gibran. soal isu dinasti toh bukan keinginan keluarga presiden jokowi tetapi rakyat yang sentimen yang mengeluarkan isu ini. yang pastinya presiden jokowi menginginkan penerus beliau adalah orang yang bisa menjalankan program - program beliau, mencitai rakyatnya untuk memajukan bangsa dan negara indonesia, untuk mencapai indonesia emas 2045. presiden jokowi tentu akan memilih penggantinya orang yang mencintai , bekerja keras dan bisa menjaga kedaulatan negara tercinta indonesia. 🇮🇩❤🇮🇩",C0,0
presiden harus turun langsung ke masyarakat supaya tahu langsung dari sumber nya,C4,4
terus berikan suara kebenaran jangan ada yang di sembunyikan..supaya rakyat jelata paham,C0,0
"kalau guweh malu tuh, saya pun tidak menyangka kalau 03 tenggelam kalah saing dengan 01🤣",C1,1
"​ lah 2 teman nya bukan adhi makayasa tetapi sudah naik letkol juga tuh, malah setahun 2x naiknya🤣",C4,4
malah buka toko klontong si mentri komprasi payah 🤦‍♂️,C3,3
"iya ih, dia tuh sehat tidak ya kejiwaannya¿¿ orang anak sampai banyak yang belum bisa baca, iq anak perguruan tinggi indonesia setara iq sampai di negara maju",C2,2
para pemuja orang aseng dan kadal gurun pada ngumpul😂😅,C2,2
"orang kampung aji mumpung, jadi walkot berkat fx rudi bawa ke megawati, gubernur dibawa jika & hashim. jadi presiden pelihara buzzerrp / relawan matikan lawan politik & bangun dinasti : kaesang 3 hari di psi jadi ketum, gibran jadi walikota “bypass” ke megawati, gibran wapres berkat “mahkamah keluarga”.",C1,1
seharusnya menyadari para pemegang amanat rakyat,C0,0
"​ buzzerp biasa kak, isi komentar begitu semua",C3,3
hebatnya pak prabowo. pemberantas koruptor binaan rezim lama,C0,0
kalau tidak punya power perubahan percuma.penguasa cuek dan semakin menekan negara sedang tidak baik-baik saja.,C2,2
"berbicara sambil membawa data, detail, runtut tidak pakai aa ee aa ee membuktikan ceritanya bisa dipertanggungjawabkan 👏👏",C2,2
tetap teddy yang terbaik !,C0,0
itu kan menurut kadrun 🤭?,C2,2
pak jokowi mendirikan partai sendiri. saya yakin pendukungnya pk jokowi lebih besar..,C2,2
-xx7 gila,C2,2
dulu orang kampung itu banyak yang tidak pki tetapi di cap sebagai pki . kasihan keturunanya kamu . hebat pak andika . 👍,C0,0
"yang suka demo 98 baik pelaku, pendukung, adalah pengkhianat sesungguhnya, mengorbankan nyawa, harta saudara2nya, berdalih ingin menghilangkan keburukan orde baru tetapi lewat keburukan yang lebih buruk, hasilnya sampai sekarang korupsi lebih dahsyat nilainya, nepotisme dll, kalian harus tanggung jawab dihadapan tuhan atas hilangnya nyawa,harta, keamanan, fitnah akibat perbuatan kalian!",C3,3
"mengejar dunia mati matian, ujung ujungnya mampus menghadap tuhan",C0,0
"profesor ini yang komen, atau pengamat politik dari jauh😂 mantap sangat om,kalo tidak komen begini gamungkin,sebagian orang tidak paham kenapa haji isam masuk politik😂😂 ternyata ini jawaban nya dan masuk akal😂",C4,4
awasi teruss. anda semua luar biyasa. terimakasih dan gbu,C0,0
kalau prabowo maju kdm bisa apa. orang anak buah nya.. paling mungkin 2034,C4,4
"partai yang bagus,semoga tetap terus seperti ini.",C0,0
"bagus lah si teddy disingkirkan, agen ganda si jokowi",C0,0
karena indonesia menganut sistem presiden sial.yg sialnya.indonesia dipimpin oleh .si jokowi si raja pembohong.😡👎🏿👎🏿👎🏿👎🏿👎🏿🇲🇨🇲🇨🇲🇨🇲🇨🇲🇨,C3,3
dari beberapa kasus radikalisme tidak ada satu orang pun yang terlibat berasal dari keturunan orang tuanya pki. orang yang penerimaannya bersih ternyata dikemudian hari malah terpapar radikalisme. komen kamu terlalu melambung ke langit bro,C3,3
"komennya isi buzzerp gini🤮 salah logika mirip begitu dikasih narasi kalimat pembelaan bangga sebagai perwakilan timur(?) apalah orang punya kapasitas dompet dan usahanya ketika usahanya terlalu sedikit, tetapi isi dompetnya terlanjur disusupi penuh diberikan orang, alias tidak sesuai nominal antara 2 itu, dia akan sangat berusaha keras mengoceh tidak jelas, mengaburkan logika, membela hal yang dungu miris🤢",C2,2
benar sekali,C4,4
akun buzzer,C2,2
yang periksa dpr sp? dpr kan sampai sekarang belum juga mensahkan uu perampasan harta koruptor dan hukum mati koruptor. kok bisa nya tuding sana sini sementara tidak lakukan hal penting amankan keuangan negara dari koruptor.,C2,2
peraturan presiden n0 98 (perpres) yang berlaku pada bulan oktober tahun 2018 yang initinya penghapun surat pengantar dari rt/rw lurah/camat cukup datang ke dinas kependudukan untuk membuat ktp/kk/akte kelahiran keterangan nikah dllnya ini memang stateginya untuk pilpres tahun 2019 dan benar anak saya jadi ketua kpps banysk warga yang tidak jelas bisa nyoblos di tpsnya juga persiapan wna dari china bisa jadi wni tanpa susah payah dan punya rumah di pik1 pik2 dan di daerah tegal/pemalang wna arab tidak bisa bahasa indonesia bisa punya ktp kata chanel youtube al waha wallohuaalaam bhisohawwab tegal jateng,C3,3
betul betul betul.selagi wowo masih dikuasai orang²nya wiwi negeri ini akan semakin hancur.,C1,1
"kukira macan asia, ternyata kucing dalam kurungan.",C4,4
"​ sudah cair belum komisi buzzer,.mayan buat thr 😅",C3,3
"oke oce.ogah kerja, ogah cape.wkwk",C2,2
status indonesia jadi indon,C0,0
"dibubarkan saja lah institusi polri, tidak ada gunanya.. isi nya cuma pungli pungli dan pungli., duit duit duit terus.. aduh lah bagaimana tidak rusak, mau masuk sekolah akpol saja bayar sogokan.. rusak rusak.. 🤮",C1,1
maju saja nanti warga yang menentukan kata gusdur #gituajakoqrepot,C0,0
"ayo dong anak anak bangsa yang masih berakal sehat berjuanglah untuk kemerdekaan bangsa dan tanah air,kalo begini terus habislah putra putri bangsa yang berkualitas di kriminalisasi,",C3,3
takutnya yang direkrut klompok kadrun kilafah,C3,3
pakprabowomemanglayakjadipemimpinbangsatidakegoismenurutikeinginanpribadidalammemutuskankebijakandisesuaikandengankeadaandansituasinegara,C0,0
"nah ini, tipikal kadrun sudah menghilang bertaun"" dibawa lagi di mari. tong orang mendemo sama orang datang ke demo itu artiannya saja sudah laen. mau bahas artinya orang mendemo? terus yang dilakuin wiranto sama presiden jokowi waktu itu? mendengar tidak apa pernyataan mereka terhadap kasus itu?",C3,3
pki jongos.atheis,C2,2
mungkin mbg itu harus di hentikan karena di daerah saya itu tidak ada sih anak sekolah balita sudah di bagi sih,C4,4
kacau balau. tidak nyambung. blunder dan panik.,C1,1
memang enggak ada yang benar sudah yang berbau mulyono bisa nya bikin gaduh ngerusak.. bisa nya mahluk model begtu jadi pemimpin 10 tahun,C0,0
"meng copy indomaret saja gagal. pemerintah sudah lah, jangan aneh2, biarkan indomaret, alfa dan lain jalan sesuai peraturan yang ada.",C1,1
sama kak😂,C4,4
test akademik kalau tidak bisa renang nanti bisa belajar renang dalam pelatihan prajurit justru bagus dibentuk sekalian,C4,4
partai,C4,4
"fokus ke ijazah saja, masalah ibukota pindah ke kalimantan orang luar jawa tidak mengambil pusing yang penting pemerintah adil dan normal,",C1,1
bismillah masyaallah orangk kalsel haji isam mendunia semoga kalsel makmur kesehatan gratis pendidikan jalan bagus sampai kebulstn seperti maju semoga lebih maju makmur pekerjaya seperti di jawa jakata koropsi hilang amin yrb,C0,0
mungkinkah itu cu (credit union)?,C1,1
megawato gagal jadi ibu negara .megawati kalau tidak ada pak jokowi ziro dia .krn pak jokowi dia hebat,C1,1
"dr. zulkifli perlu diperiksa oleh seorang psikiater siapa ""mahluk itu"" yang tidak jelas asal-usulnya , mau mengorbankan nama dia sebenarnya yang ’hilang’ , karena menggantikan seseorang lain yang bernama ""joko widodo"" , padahal prestasi dia hebat , dipercaya rakyat menang pemilu 5x.?? . terus joko widodo asli yang ""benar2 alumni ugm"" itu , kemana dia sekarang, seperti ""hilang ditelan bumi"" .? terus yang menikahi iriana ( istri jokowi sekarang) itu, apakah ”joko widodo asli” atau ""joko widodo palsu.?” . ketika jokowi maju pilwalkot solo 2005 itu, 19 tahun lamanya setelah menikahi iriana ( 1986 ~ 2005 ). bagaimana juga peran pdip yang ketua umumnya megawati , apakah dia tahu tentang “joko widodo palsu” ini.? padahal sepengetahuan pdip, bahwa ”joko widodo” yang diajukan oleh pdip jadi calon walikota solo, calon gubernur dki jakarta dan capres ri 2014 dan 2019 itu, adalah joko widodo seorang pengusaha eksportir meubel nasional dari solo, jawa tengah.? dr. zulkifli yang mempunyai pemikiran 'ngawur' ini, nalarnya sudah ""error"" , perlu diperiksa oleh seorang psikiater .😅😂",C3,3
dan di masa bapak prabowo para koruptor banyak yang dihabisi,C1,1
"bongkar, bongkar, bongkar..!✊🇮🇩🔥",C0,0
"jadi pemimpin itu enggak cukup dengan modal bacot nies , tetapi rekam jejak .",C3,3
"pak abraham .kadang2 ada obrolan di masyarakat dikemanakan barang bukti hasil dari penyidikan orang 2 yang terlibat korupsi, adakah kemungkinan dibagi2 internak dikalangan pejabat kpk,mohon sekali-kali mengambil tema podcast tentang hal tersebut..sebagai pencerahan juga ke masyarakat pak.semangat pak abraham,semoga contennya makin berkembang.",C0,0
membaca koran sobek bos ? literatur dari mana ? sejak kaoan pki dari timur tengah..ngatain pki sudah tidak aktif lagi ? anda itu pemikirannya seperti pki persiss isi doktrinnya memutar balikkan fakta ati ati anda kalau bicara bos terciduk habis anda,C3,3
"di indonesia sudah tidak ada kemakmuran kah, untuk rakyat kecil.?",C0,0
hancurlah masa depan yang tidak bisa berlanjut,C1,1
bismilah kdm ri1 2029🎉🎉,C0,0
tq.bung akbar sudah mengundang mbak grace natalie sebagai narasumber yang isinya daging wgyuu yang enak di santap di podcast ini 👍🙏❤️ mantap psi maju terus pantang menyerah menyuarakan para kaum milenial dan minoritas dalam ruang bumi pertiwi untuk nkri & panca sila harga mati 💪 👍 🙏🇮🇩❤️ surya chandra itu pengkhianat besar dari psi pantaslah harus keluar dari psi. psi partai fenomenal milenial yang sangat konsern terhadap future milenial indonesia.👍,C3,3
salut ibu lina lim maju terus kami akan lindungi dan menghajar siapapun yang hendak menghancurkan pancasila dan nkri,C0,0
"​ sifat yang ada para weton itu hanya sekedar pengingat bagi seseorang. di semua weton ada sisi baik atau pun buruknya. di kembalikan pada diri seseorang tersebut. tidak bermaksud membela weton legi. kalau mas roy bilang weton legi orang licik mngkn ara benarnya. tetapi tidak sedikit yang punya weton legi malah di liciki, di tipu, di hianati. seperti saya, tetapi tidak ada rasa sakit hati ataupun dendam. belajar ihklas menerima hodoq hodar allah swt.",C0,0
"pimpin people power di garda terdepan pak ar. basis dukungan massa bapak realistis, yaitu : muhammadiyah, civitas academica, koalisi masyarakat sipil cinta nkri (tokoh agama/masyarakat, cendekiawan, jenderal (purn)), ex pan, partai ummat dan elemen bangsa lainnya 🙏🙏",C0,0
"negara kita krisia bukan karena mbg tetapi karena koruptor,jadi yang harus kita lakukan tangkap koruptornya dan sita hasil korupsinya. yang lucunya banyak tokoh bicara pribadi meng atas namakan rakyat.",C2,2
buzzer 100 sama ya bro,C0,0
"tidak ada partai yang berani oposisi, takut tidak makan. kalaupun oposisi itu cuma sandiwara",C1,1
​ makanya sekolah. minimal mendengarkan yang cermat,C2,2
semoga nadim makarim bebas tidak terbukti bersalah dan kirupsi. gbu🙏🙏,C0,0
"cerminan jahatnya yang sangat luar biasa, penegak hukum dan penguasa di konoha ini. 🎉",C1,1
"kamu kenapa kepanasan?. santai aja, gibran kan cerdas.",C2,2
"jika pun benar ibam yang rekomendasikan chrome book,dia kan tidak mungkin menentukan harga nya.",C4,4
"antek2ny mulyono alias termul dimn2 da. di eksekutif mulai dari mentri2, wamen, stafsus sampai biro pers pemerintah juga sudah termul. legislatif sudah kader2 partai besar yang jadi termul, yudikatif juga sama saja melihat siplester sampai sekarang masih bebas berkeliaran padahal kejaksaan sudah memberikan statement yang diulang terus katanya lage dicari. macam kaset rusak saja tuh ulang2 statement. kpk, kpu isinya antek2ny mulyono. sudah semua dikuasai mulyono sampai skg.",C3,3
indonesia akan lebih hancur kalau perjanjian itu tidak di batalkan,C1,1
"lebih berbahaya disusupi anak buah jin kafir. diem, diem, tahu2 nonjok saja ..",C3,3
saya suka dengan karakter dan visi politisi muda seperti ini. semoga psi menjadi partai besar,C0,0
"gelar krt tetapi tidk sesuai dengan sandangnya. jelek di matamu, jokowi pernah menjadi wali kota, gubernur dan presiden. dan jangan lupa kamu roy sebentar lagi masuk bui karena tingkahmu.",C2,2
"dari sumedang, 2026/03/05/21:46 wib. dengan hormat. mohon izin untuk ikut menyimak. terimakasih. dengan hormat.",C0,0
aneh kok. aturan konoha ini kaya lawak,C1,1
kalau psi ingin jadi partai besar jangan mbenci orang tak berdasar,C2,2
mas roy suryo inila jawa yang jawani detil dan satrio teruskan mas suryo berjuang adab bangsa ini sudah sangat bergeser karena pemimpin saat ini lupa adab,C1,1
rekrutmen 100% keluarga sekitar masak rata-rata yang kerja disitu hampir keluarga kelurahan sama pihak tni saja tidak ada indonesia tidak ada seleksi tiba-tiba sudah pada kerja saja,C1,1
ada baiknya bp presiden berkenan memanggil ibu ina liem untuk mendengarkan masukan tentang perihal pak nadiem makarim yang sudah ditahan sekian lama.,C0,0
sweping rumahnya satu-satu sambil silaturahmi 🤝,C4,4
pki.,C4,4
ajari.tu rijik.bahar soal etil.ketika.sedang diimbar dakwah,C1,1
awas pki gayabaru di balut agama sudah masuk di sendi2 pemerintahan prabowo.terserah pak presiden prabowo apa akan terbukti dengan omongn anda sendiri akan bubar nkri di tahun 2030😂😂,C3,3
"ya tidak apa-apa siih, pribumi jadi pengusaha, daripada chinese chinese lagi, bagaimana sih ya pola pikirnya, anak negeri jadi pengusaha di tanah sendiri dipermasalhkan 😂",C4,4
"negara2 lain diharapkan datang untuk studi banding praktik korupsi di republik indokonoha, dijamin awal-awal sudah dikenain uang pendaftaran 🤡",C0,0
biasa..mayat ..diajak kampanyae allah dirikan partai..biasa,C2,2
"lah memang benar ko?! tidak ada yang salah,mungkin yang salah itu yang tidak paham",C0,0
"seberapa banyak china sama non muslim memilih anis, jadi sama aja.",C4,4
"​ -y8z dia berhasil menyandera pjbt yang brkasus,, dengan kata lain dia melindungi para koruptor untuk memuluskn niat jahatnya.",C3,3
sesak rasanya,C0,0
mustinya psi yang relevan dalam berpolitik. anak yang tidak punya latar belakang disuruh pimpin partai? geli bener.,C2,2
"walaupun saya bukan pengemar keluarga jokowi ,org yang menjelekkan nama keluarga jokowi itu ternyat iri hati pikiranya selalu busuk",C0,0
ada apa dengan bpk'a fufufafa sampai termuls mati matian membela padahal banyak kerusakan selama berkuasa,C2,2
yang bikin statemen tidak paham.. 😊 silakan sikapi atau cerna perkataan bu mega.. hilangkan rasa suka.. hilangkan juga rasa benci..,C4,4
saya memilih presiden tidak karena partai.saya memilih presiden karena orgnya bukan karena partainya.krna menurut saya partai tidak penting karena saya kecewa dengan partai.karena mau menjabat saja omongannya bagus-bagus setelah sudah jadi zonk.nol besar.inti udhlah mengapai mengurusi ijazah.kita mengurusi saja diri masih bagaimana bisa makan esok hari.dan anak cucu kita bisa sukses.😇😇,C2,2
"semoga partai politik membawa,membantu masyarakat yang adil sesuai ideologi bangsa kita dan terimakasih kepada narasumber yang telah membuka wawasan masyarakat yang mendengar dan semoga bangsa kita kedepannya semakin solid maju bersama ,perbedaan pilihan partai politik itu sebagai tiket untuk menuju arena kompetisi.",C0,0
"betul, fpi hati juga ada tempat berlindung. p juga jadi partai pintar bohong. pokoknya top",C0,0
indonesia akan menjadi negara yang sejahtera jika memiliki pemimpin seperti pm singapore.,C1,1
paehan ahmad sahroni na!,C0,0
aman bro. se boti²nya tedo enggak bakal menghianati wowo,C0,0
ini baru amak bangsa kader partai yang benar benar cerdas mengedepankan aturan dasar berpolitik santun mengedepankan etika memberi masukan yang baik dan benar sebagaikader partai patut menjadi contoh tauladan generasi milenial yang akan melanjutkan mengisi nkri masa depan bravo,C0,0
bigai itu tidak mengerti tetapi ngotot luucuu,C4,4
"ungkapan pak andika menyiksa saya untuk golput presiden. semoga pak jokowi dan keluarga dilindungi allah. dulu pak jokowi dihantam fitnah keji oleh pembenci tetap kerja dan kerja. tidak banyak yang benar benar melindungi dan mebela pak jokowi sekarang dihantam sana sini semoga pak jokowi tetap tabah kuat, tetap fokus kerja kerja.. kesombongan akan memghancurkan.",C1,1
hee? bukannya ibu yang jual indosat ke aseng?,C3,3
hahaha di al saja di pecat malah di terima jadi polisi,C4,4
angel wes termul,C4,4
keadilan kamu mana kalau kamu bicara kayak begitu,C4,4
"saya lebih terharu pada pak bowo dia tidak pntang mnyerah smpi 3 kali nyapres ,,smoga kali ini pak bowo dan gibran yang mnjdikan lebih baik dan lebih maju ,,jgn sampai indonesia banjir lagi kalau bisa menurutku amin ya rob semoga diperbaiki pinggir"" sungai dibatasi dinding yang tinggi biar tidak kebanjiran 👍💪🇲🇨🥰",C0,0
"pssi partai komponis , pekerjaan nya hanya numpang pamor nama p anies baswedan tidak punya prestasi , kerjanya mencari 2 kesalahan p aniess yang bermanfaat p akbar angkat kasus #50 kalau berani ,jgn angkat berita yang murahan dan tidak bermanfaat kayak ini",C2,2
kalau dibiarkan syamsul jadi wapres terus apalagi jadi presiden indonesia bisa hancur berkeping keping jadi debu,C1,1
sudah tidak bisa di tolong si wowo,C0,0
kalau mas jeck presiden yang cerdas nga..?? soalnya para pemujanya menganggap mas jeck sebagai nabi 😅😂,C3,3
"nah kan benar bakal di ganti, kan si joko cuma ""petugas partai"" di mata mega yang setuju like",C1,1
hopeless kalau sistem memilih nya masih jaman batu! yang ada kecurangan,C0,0
"memang,benar,siafafun,yg,berjiwa,komunis,,afafun,fangkat,,siafafun,orang,,g,layak,masuk,d,tni,nanti,akan,merusak,negara,fanca,,silla,,",C3,3
"setuju, jika yang jadi anggota dpr artis mereka hanya ingin menambah ke katakan nya buka yang membangun orang orang yang tidak mampu",C0,0
reformasi hanya merebut kekuasaan dan keuangan negara-rakyat (koruptor maraks).,C2,2
lah katanya kafir bagaimana sih,C1,1
jangan membuat rakyat bingung gelut saja lah malah biar jadi tontonan rakyat,C2,2
tahu apa wo .orang luar tentang mbg kita yang sebenarnya.,C1,1
wadduh.kalau memang fakta pendidikan gibran durhakaning nagara seperti itu ya jelas yang pengkhianat dan juahat pada rakyat bangsa dan negara adalah ki jokobodoh karena memaksakan anaknya menjadi wapres dan kedepannya menjadi presiden negara konoha.apa itu tidak gila ? dan siapa saja yang mendukungnya tentu bisa disebut gerombolan pengkhianat bangsa dan negara !,C3,3
"pecat saja tidak cukup sih kayaknya, lidahnya tajem begitu",C2,2
😂 harus persetujuan partai bukan wakil rakyat 😂,C1,1
wapres terburuk dan terbodoh sepanjang ini,C3,3
"senang sama pks dulu karena pa fahri hamzah,karna beliau intelektual yang wow bagi saya, sekarang pks hanya partai seperti yang lain, beda dengan pks dulu yang selalu pilah pilah kader yang intelektual, sekarang mah pks hem 😑😑",C1,1
​ sekarang banyak tetangga yang banyak ngedoain cepat wafat bang karena melihat amburadulnya pemerintahan 😂,C1,1
buzzer buzzer,C2,2
sorry ya prabowo dua periode 👆,C0,0
kamu diam buzzer tanggal muda gajian makanya bacotan kamu makin aktif,C3,3
"yang harusnya di pertanyakan, tujuan narasumber menggiring opini publik seolah2 kita dirugikan itu. yang sudah nego mati2an masih disalahkan hanya karena orang yang tidak ngerti. poin sudah jelas, bahwa ini kesepakatan dagang dan tetap berpedoman pada kedaulatan masih negara. dasar netizen cari info cuma modal judul sama 1 narasumber saja",C1,1
"mas ini mungkin tinggalnya di dalam hutan, makanya belum pernah melihat asap tertiup angin",C2,2
"pintu masuk: 1. teds jalur hati 2. pras jalur alumni sama elit 3. sjaf jalur tentara 4. has jalur keluarga 5. dondas jalur partai politik memilih pejabat, mengambil kebijakan, dan lain tergantung dinamika kelompok dan balance of power diantara 5 itu. eits tetapi ini bukan di indonesia ya, dan tidak tahu pintu masuk mana",C0,0
"makanya banyak orang- orang pintar dan genius indonesia bekerja di luar negeri dan justru dihargai serta membangun negara lain, karena di negeri sendiri tidak di hargai bahkan di kriminalisasi seperti pak nadiem.. miris bagaimana mau nasionalis?dan maju bangsa kita ini yang sudah merdeka 80 tahun? :(",C1,1
terburuk iya..,C4,4
tidak mungkin balik ke barak.dia dibutuh sangat special oleh prabowo.mungkin status sebagai ibu negara juga bisa itu.,C4,4
sadis 😅,C2,2
"mungkin karena ini gibran pindah haluan , ada depan umum seorang presiden di gituin 😅🙏",C4,4
anehnya termul kok tidak mbalelo,C1,1
yang katanya anti antek asing sekarang malah bergabung amrik itu “omon omon doank” tidak bang?,C1,1
peran ksp seharusnya bisa menjembatani komunikasi presiden dengan para menterinya,C0,0
"ditindas, diejek dikroyok tetap santai meski sedih mmbayangkn perjuanganya tetapi rakyatmu sudah mmbalaskan semua ini.",C2,2
kadrun kalau tidak demo bakal lapar,C3,3
mungkin negeri kita belum siap mental dalam demokrasi.. calon presiden ke kabinet kebawah dan kader ..is capital minded.. korupsi estafet ..😃😎,C4,4
"kalau bapaknya masih hidup, mungkin sudah digantung sendiri",C3,3
jakarta sangat butuh pemimpin yang mempunyai kapasitas kapabilitas and integritas orang-nya adalah pak ahok.semoga pdip dan 1 partai lagi mengusung pak ahok amin,C0,0
tetap ganjar pulang hebat dan jujur,C0,0
soalnya anda mungkin 212,C4,4
"netijen ini bagaimana ya pasti tidak menonton vidio ini sampai habis langsung komentar sesukane,nyinyir..,jelas jelas mas gibrane sendiri sebentar semua ada kembalikan ke rakyat yang memilih..,umur belum cukup,beda partai ..masih saja ada kaitkan ,seberene yang heboh itu kan yang cari berita",C2,2
semangat pak roy,C0,0
"ini orang dari partai silit ireng sejatinya anti pancasila, orang ini mengatakan partainya menolak segala hukum yang bersumber dari agama. jadi orang ini mirip atheis, banyak pengamat menyebutkan bahwa psi adalah partai pki muda. dan taukah anda bahwa partai ini juga mendukung lgbt dengan alasan ham bagi umat islam, psi, kader & anggota²nya haram untuk di pilih atau di jadikan pemimpin.",C3,3
"​ muka dua 🤣 megawati dalam pilpres dulu. mengharuskan lulus s1 minimal, tetapi dia melobi agar di gagalkan dengan minimal sama agar dia bisa ikutan pilpres 😂🤣 wkwkwk kalau bilang demokrasi megawati dan amien rais adalah dalang pelengseran gus dur tanpa rasa bersalah sebab ambisi nafsu politik nya wkwkwk🤣",C3,3
harusnya ini kejaksaan ini dan orang orang yang menuntut ini dipecat dan kesaksiannya dipernah diterima dipersidangan karena otaknya dalam menerjemahkan hukum itu sangat sangat anehh tebalik seperti orang tidak sekolah hukum dan mengada ada alasannya,C1,1
"ini disebut paham materialisme, dia hanya akan meyakini sesuatu yang berwujud atau atas dasar materi, dasar dari paham komunisme ~karl marx",C3,3
"biasa ajudan bekas tu, karena bosnya terkait di pagar laut mungkin dia juga ikut ,emang siapa lagi yang bisa memberi izin jual beli laut? . cari pengalihan isu mau jadikan pertamina kambing hitam 🤣",C3,3
"sedang cari data,",C4,4
11 ribu triliun prsen jokowi tidak sekolah apa lagi kuliah di ugm tidak mungkin prcaya sama jokowi jadi musrik,C3,3
"untuk fahri sih ok, tetapi untuk prof yang ahli ekonomi tetapi menyesatkan seluruh rakyat akan kecepatan kereta cina no.",C3,3
"secara umum, koperasi desa merah putih mencakup beberapa hal: kemandirian ekonomi desa penguatan umkm desa bumdes pertanian, peternakan, perikanan lokal hilirisasi produk desa agar tidak hanya jual bahan mentah ketahanan pangan desa mampu memenuhi kebutuhan pangan sendiri pengembangan lumbung pangan optimalisasi lahan tidur nasionalisme dan gotong royong penguatan identitas kebangsaan kegiatan sosial dan budaya lokal mengurangi konflik sosial dan polarisasi digitalisasi desa internet desa pelayanan administrasi digital pemasaran online produk desa pembangunan dari bawah (bottom-up) desa bukan hanya objek bantuan warga ikut menentukan arah pembangunan kalau dikaitkan dengan wacana politik dan ekonomi beberapa tahun terakhir, konsep seperti ini juga sering dikaitkan dengan: pemerataan ekonomi, mengurangi urbanisasi, dan membuat desa menjadi pusat pertumbuhan baru. celios kdmp = warung",C0,0
benar serius dan santai relax👍👌🙏💪🤲💪🇲🇨,C2,2
penjara/lp bisa merubah meensed seseorang untuk lebih bijak. terima kasih pak aahok berbagi pengalaman.,C0,0
"-oq4pe sarapan man, jangan gila 🤣",C2,2
saya yakin ibu rektor sudah dapat uang satu mobil.,C4,4
kalau tidak terbukti anak buah paloh korupsi.pasti tidak terpengaruh dengan pemberitaan jelek.gw memaknai kalau diperas pasti korupsi. jadi sebaiknya dua-duanya diproses,C1,1
"kalimatnya sangat-sangat keras ""mahluk dari neraka yang dikirim untuk merusak indonesia"" mahluk itu sekarang masih hidup lho .",C2,2
wah buzzer mulyono muncul ni! dibayar berapa loe? makan itu wang haram untuk fitnah!,C1,1
"bangga? 😂kocak, saya malah aneh kalau melihat masalah ini objektif. jangan karena anda benci polisi lihat yang dimarahi polisi langsung setuju tanpa melihat kasusnya. kocak bener.",C3,3
"sedih melihat ini kembali, sekarang ada yang mau berkuasa selama mungkin, militer dibawa ke ranah sipil, harusnya tiru amerika bukan korea utara 😢",C1,1
"itulah sebabnya gara gara 1 oknum semua kena imbasnya, itu berlaku untuk semuanya, peraturan perusahaan di langgar 1 orang tetap semua kena imbasnya, semoga saja segera normal dan membaik dan segera di proses oknumnya",C0,0
kalau memang benar. tetes air mata ini. mungkin memang benar kata orang tentang omon2😢,C4,4
"kan yang bawa jokowi ke jakarta itu jk. jika itu orang cerdas dan hebat. jika tahu bahwa jokowi itu calon pemimpin yang hebat. kalau jokowi tidak hebat tidak mungkin jika bawa jokowi ke jakarta. kalau jokowi salah, yang paling bersalah berarti siapa, jokowi nya atau yang bawa jokowi ?",C0,0
"betull sekali pak gara-gara kodok satu itu indonesia hancur,",C2,2
"yang surveynya mungkin timnya ketua ksp sama qodari ,dia duluyang mau jkw 3 periode",C4,4
kata-kata nya hanya mengadu domba saja,C4,4
lah jokowi tahun 2005 jadi daftar walikota dengan gelar s1.. itu masih belum punya power.dia masih orang biasa. sampai disini faham. tidak mungkin orang mirip kamu bisa atur universitas sebesar ugm..,C0,0
"​ memang kenapa kalau bahas politik? pendidikan politik itu penting juga, terutama buat yang awam mirip saya. di semua sendi kehidupan pasti ada sisi politisnya, tergantung lagi politik yang bagaimana? apakah politik yang membawa kebaikan atau kehancuran?yang tidak benar itu kalau bikin berita yang tidak benar atau berat sebelah. ini kan tempo selalu ada dasarnya dan menjelaskan buktinya",C1,1
"mau masuk atau tidak bukan urusan kalian para koruptor yang bikin gaduh suasana, rakyat senang' aja, yang anti tentara berarti dia para maling semuanya",C3,3
​ saya pendukungnya jokowi 2x dulu.. tetapi sekarang nyatanya beda yang sesuai rakyat harapkan. nyungsep jokowidodo.,C0,0
"​ namanya asli ya asli. tidak ada asumsi dalam keaslian. selama keaslian tersebut didukung oleh fakta yang tidak terbantahkan. jadi kebencian itu pun tergantung subjeknya alias subjektif. kalau anda bodoh, jelas subjektifitas anda tidak berdasar karena kebodohan anda, lain halnya dengan orang yang cerdas, kebencian yang subjektif dari dirinya, cenderung mendorong untuk menemukan fakta² yang mendukung subjektifitasnya atau bahkan yang membantah kesubjektifitasannya tersebut. jadi kurang tepat kalau dibilang cinta itu buta atau benci itu buta. tergantung subjeknya atau orangnya. kalau orangnya bodoh, mungkin dia mencinta atau membenci sesuatu secara buta. tetapi kalau orang pintar, pastilah dia melek walaupun hanya sedikit 😂",C2,2
"saya komen soal polusi/polutan, secara logika penduduk atau pendatang yang datang ke jakarta itu tiap tahun mungkin makin menambah di tambah lagi warga konoha ini punya sifat konsumtif otomatis polusi makin parah juga tiap tahunnya. jawabannya cuma satu naikkan pajak kendaraan dan perbanyak unit transportasi umum agar warga konoha beralih dari kendaraan pribadi ke fasilitas umum. mungkin begitu😊 doa saya buat presiden baru semoga benar benar berantas korupsi. amin 🤲",C1,1
susah juga ya bicara sama termul,C4,4
bubarkan partai yang ada cukup 3 partai saja,C1,1
"pendidikan apa? beli kertas saja bisa jadi profesor bang😹 ""legal"" lho, bahkan bisa masuk pemerintahan",C2,2
"pemerintahan sekarang itu seperti orang polos. seperti punya kendaraan tetapi tidak tahu rute jalan nya, akhirnya amburadul. pemerintahan seperti tidak punya konsep, alias berantakan, karena berdasarkan emosional, bukan berdasarkan pemikiran yang matang, yang sudah terintegrasi dengan metodologi sistem bernegara.",C1,1
"parah keluarga jokowi ini memang,,toxic semua. agak lain kau,,agak lain bapakmu!!",C3,3
tugas rakyat membubarkan dpr. tugas prabowo menangkap koruptor diera jokowi .lanjutkan,C1,1
president tidak mau ada benahi,C0,0
bang firli ini seorang bandit atau mafia yang betul betul profesor mafia,C3,3
calon mantunya kalik.😀,C4,4
"benar. ketum partai akan kembali menunjukkan warna aslinya, serakah kekuasaan. tak ada peluang untuk yang bukan kroninya.",C2,2
"bukan diam bang, mereka pada kerja ke kamboja jadi admin judol, jadi buzzerrp karena sadar di indonesia tidak ada harapan lagi selain kerja tidak halal😂",C2,2
akun bodong,C4,4
komunis dan radikal tidak sama jadi jangan di samakan .,C0,0
"dari 1 tahun lalu sudah diingatkan oleh pak ganteng dan pak piliang ini dan prabowo tetap tone deaf, tunggu saja kejatuhan prabowo. tetapi jangan sampai fufufafa yang naik. malah makin hancur negara ini",C1,1
"institusi polri rusak karena siapa.? ya karena pejabat2 kita terlalu banyak ikut campur bikin aturan2 kebijakan2 baru yang belum teruji kebenarannya, siapa yang merubah sistem pendidikan polri.ya mereka itu yang duduk di komisi dpr itu, akibatnya mental pendidik ragu ragu.kalau mental pendidik ragu2 dengan adanya aturan2 baru yang tidak jelas dengan embel-embel tidak manusiawi atau apalah ya begini hasilnya.kaya layaknya anak-anak sekolah jaman sekarang saja.mana ada sopan santun hormat sama guru gurunya, entahlah mau jadi apa bangsa dan negara ini ?!",C1,1
"saya benci pengkhianat, seharusnya dia masih di dki dan dukung prabowo bukan jadi saingan,,dasar rakus❤❤",C3,3
tidak mengerti basa enggres,C0,0
betul-betul negara ini dikuasai pembohong penipu licik culas maling.yaa allah azab mereka.selamatkan orang-orang baik.srlamatkan para ulama.srmua pejuang kebenaran,C3,3
hancur sudah 🤡,C1,1
apa mungkin presiden dalam ancaman? mungkin ada borok rahasia yang diketahui mamarika yang digunakan untuk menekan presiden?,C4,4
"iya pak..semakin kawatir negara ini hancur, sebab tanda2 sudah jelas, banyak pejabat hai menumpuk harta demi keluarganya, hukum sudah tumpul untuk pejabat, presidennya tidak kompeten hai gila hormat",C2,2
anak muda berkualitas. ketimbang pejabat 2 tolol penjilat,C3,3
"bagi purbaya jangankan gibran, dengan prabowo dia sanggup membantah kalau merasa program nya benar",C0,0
kementrian dan disdik banyak orang bobrok,C0,0
sudah muak semuak muaknya dengan termul termul yang mengatas namakan bahasa relawan ini. ya allah. enyahkan mereka supaya berhenti merusak bangsa ini,C2,2
lebih mantab dan enak perdebatan roy si vs rismon drp termol2 ini. rismon keok.. malu ah mon.😀,C2,2
habis aseng . terbitlah asing semoga indonesia segera menjadi negara yang aman damai adil makmur sejahtera rakyatnya ditangan pemimpin yang benar-benar pintar cerdas dan amanah kasihan apes sekali . negeri ini jadi tidak punya keberkahan karena masih banyaknya odgj = orang dekat gibran jokowi . pantas sulit jadi maju ini bukti kebodohan rakyat yang mudah ditipu oleh omon-omon orang yang berambisi ingin maling kekayaan negara dan rakyat kedzoliman terus berlanjut bukan karena banyaknya orang jahat tetapi karena banyak diamnya orang-orang baik semoga makin banyak orang cerdas memperjuangkan kebenaran untuk bekal kehidupan di akhiratnya nanti islam ajarkan kejujuran kebenaran kebaikan keadilan kedamaian bukan kejahatan keserakahan fitnahan dan kemunafikan,C3,3
kadrun banyak juga ada dki,C3,3
partai buruh😅,C0,0
"dikasih modal 1.5 t buat nanam singkong saja gagal,,gimana mau mengurus negara,, mikir",C1,1
saya siap dukung pak ahok,C4,4
"bukan masih sama buradul, tetapi sekarang amburadul, kalau ada uang pasti abang sayang, kalau dulu sebelum negara ini berbudaya korupsi ya masalah hukum masih berpedoman undang undang hukum pidana, sekarang kalau ada uang bisa dipertimbangkan dengan negoisasi atau tawar menawar hukuman, jadi hukum bisa di nego berat jadi ringan sedang kan ringan bisa jadi berat tinggal cara tawar menawar supaya deal.",C1,1
"saat ini meritokrasi dikeroyok oleh hegemoni partai politik, oligarki dan para penjilat",C0,0
"ngeri permainan koruptor,sdh seperti rantai makanan.. untuk apa jabatan tinggi tetapi akhirnya berurusan dengan hukum. mungkin sudah hilang urat malunya.",C1,1
yang jelas andika memfasilitasi anak cucu pki untuk balas dendam dan meneruskan misi visi moyang nya kudeta yang gagal oleh umat islam dan tni,C3,3
wkwkw betul bro mungkin anda juga buzzer tetapi mungkin buzzer yang dibendera lain 😂😂,C3,3
oon itu dibagi2 juga dipelihara sendiri kan akhirnya oon kamu makin berkembang. tidak mengerti apa maksud dari orang jenius ngmg. kasihan 😂😂😋,C4,4
"ya jls karena jakarta sekarang bukan jadi ibu kota, tetapi ibu kota global, yang sudah dikuasai oligarki² antek² cina ,",C3,3
1 dan 3 boneka partai,C1,1
"jaman siapa ,pelajaran sejarah ,pmp,pspb dihilangkan,",C0,0
saya orang jawa barat tak seindah yang kamu tonton,C4,4
segala augmented reality .dibawa2 ah budi . wkwkw,C4,4
"fakta _maling! terencana asisten kepercayaannya lari,mirip masiku h.,, terbukti dipersidangan 19 menteri era lalu maling! di negeri mau zedong 🇨🇳mati mereka!",C2,2
uya kuya rumah nya hancur,C1,1
masalahnya warga jakarta banyak yang didoktrin sesat oleh penceramah kadrun,C4,4
tidak ada aturannya membuka akses dokumen terbuka pejabat publik harus lewat pengadilan. perlihatkan saja ijazahnya sesuai aturan yang ada. publik yang menuntut transparansi tidak boleh dilapor dikriminalisasi dipidana. dijamin uu,C1,1
"mari kita belajar, dengan tidak berpihak terhadap siapapun, ego, simpatisan, terhadap vigur, sampai bela belaan, siapapun yang jadi presiden, kemungkinan besar kehidupan kita tetap saja tidak berubah, salam sadar untuk kita rakyat kecil, 👍",C0,0
mafia masih di atas,C3,3
kalau tidak mengerti jangan pura-pura pintar,C2,2
"-w2q mungkin kalkulasi betul, tetapi gerakan rakyat tak bisa dilawan, kecuali hati nurani konstitusi anggota dewan sudah lumpuh, mati.",C1,1
"karena mereka dibekingi oligarki,demi memuluskan bisnis2 oligarki. dan parahnya masyarakat minim literasi dan akhirnya memilihnya sebagai pemimpin.😅",C1,1
setuju sangat setuju,C0,0
luar biasa' pak prabowa cedas dan tulus apa adanya.,C0,0
"lanjut atas, - masuk tahun 97, indonesia diguncang oleh krisis ekonomi & moneter yang parah. - tahun 98 suharto akhirnya jatuh dari kekuasaan dan digantikan baju habibie. - tahun 19, baju habibie memerintahkan pengusutan skandal keuangan blbi yang angka nya rekor paling besar saat itu : rp 150 an triliun. - sejumlah oligarki raja2 uang dibekukan bank & asset2nya, sambil dilakukan pengusutan kejahatan keuangan mrk. - pemerintah tegas menghentikan kucuran dana2 talangan ke bank2 bermasalah tsb. - habibie mengancam akan menyeret oligarki2 koruptor ke pengadilan, dihadapkan dengan hukuman maksimal: vonis mati. - gusdur dengan menggandeng cukong oligarki kakap; edward suryadjaja, berencana memborong saham2 sejumlah bank sitaan negara di bppn (bps, bank ficorinvest) yang nilainya sedang di titik terendah, murah meriah. - langkah gusdur tersebut terganjal pres habibie yang tidak memberikan izin, karena partner kongsi gusdur mrpkn orang blacklist dot (daftar orang tercela) di bi. - tahun 19 habibie jatuh dan digantikan oleh gusdur. - tahun 20 gusdur membuka kembali keran dana untuk rekapitalisasi bank2 blbi, yang menyebabkan negara bocor lagi sebesar 80 triliun. - gusdur juga ngotot ingin memecat secara tiba-tiba gubernur bank indonesia syahril sabirin, dengan sejumlah alasan yang gakjelas. syahril sabirin sendiri seorang pejabat kunci keuangan yang kompeten dan jadi tangan kanan pres habibie dibalik kesuksesannya mengendalikan nilai dollar dalam waktu singkat (dari rp 16.800 jadi rp 6.500). - belakangan ramai terungkap oleh kalangan lsm dan aktifis2 pergerakan 98 (yg kecewa karena reformasi telah dibajak dan belok dari cita-cita awal), kalau syahril sabirin sebelumnya menutup bank papan sejahtera (bps) yang terlibat skandal blbi, sementara bps sendiri ternyata salahsatu pemilik & pemegang sahamnya itu presiden gusdur sendiri, berkongsi dengan taipan h*ry t*noe. .",C3,3
"sejak dulu memang dia itu tidak cerdas. bisa jadi jenderal karena mertua, dan sekarang karena jokowi. bisa kembali ke indonesia karena pertolongan megawati dan mendapatkan priviledge hingga bisa kaya.",C1,1
kocak kamu,C4,4
"bahlil itu pencuri partai, bagaimana pencuri itu mau kerja nyuri iya",C3,3
asli tol hangat,C2,2
"rakyat tidak memilih partai bro,tapi rakyat memilih sosoknya bro.",C0,0
pecat saja dia tidak memihak pada rakyat,C0,0
pasti membicarakan abah 😅,C4,4
bangsa ini sudah rusak segala jalan ditempuh unguk meeujudkan ambisi pribadi,C1,1
"bukan tidak diundang kayaknya, tetapi menolak diundang.",C4,4
anda salah satu orang hebat pak jangan sampai sampai moral bpa rusak dan harus bijak.jos pak lnjut kan,C0,0
"lucu sekali si budiman, dulu aktivis semenjak gabung ke partai jadi nyeleneh. apa dari dulu sudah nyeleneh tetapi tidak kesorot saja ya?",C2,2
barokalloh pak. amin amar ma'ruf nahi mungkar yang nyata ❤,C0,0
​ .faisalnazmi6130 lah yang sering olok2 dan berperilaku buruk kan anis.,C3,3
"se 7, gaji buruh saja cuma 4 juta nympe mana itu duit bayar kontrakn bayar sekolah buat mkn, krj setngh modar, yang duduk santai gajinya selangit",C2,2
"yang pasti , orang yang kritik sama mbg orang yang iri. koruptor dibiarkan. anak anak sedikit ikut malan selalu dihujat.",C1,1
"agung sukmawan anda mendalilkan bahwa beliau pki anda wajib membuktikan, jangan menyebarkan hoax, bangsa ini akan hancur jika banyak orang sepertimu",C3,3
"banyak yang bilang ahok china, tetapi saya yakin nasionalisme ahok lebih besar daripada pejabat yang lain.❤",C0,0
"​ jangan lihatnya jokowi tetapi bagaimana dengan pemerintahan yang memang mengedepankan kerjasama dengan jpg, cina.",C3,3
tahun momentum psi untuk jadi partai besar . tinggal bagaimana psi memngfaatkan momentum ini bisa atau tidak .jadi tergantung pada pengurus psi itu sendiri bisa atau bisa .,C2,2
​ tertawa cebong tidak di kabulkan mk😂,C3,3
​ .bayubajra13 tidak apa-apa tua tidak mungkin mengeruk kekayaan indonesia ..hidupnya di serahkan untuk memperjuangkan kesejahteraan rakyat indonesia..mahatir muhamad az 90 tahun masih jadi pm..daripada presiden muda masih ingin ini itu mending yang tua az,C0,0
"anggap saja isu pki bangkit itu tidak ada. hanya isu buat bangsa ribut. boleh juga ada yang anggap isu gerombolan padang pasir, radikal radikul, khilafah, adalah bualan juga yang dibikin buat bangsa ini ribut mulu. jangan hanya sorot yang satu lalu tiadakan yang lain. mereka ada di kedua sisi keseimbangan bangsa ini, ekstrem kiri dan ekstrem kanan. tetaplah seimbang. jangan condong ke ke kiri jangan condong ke kanan. tetaplah di tengah..",C0,0
"bang akbar.sbg masyarakat awam, terus terang saya sangat sedih dan auto lieur melihat hasil survey dări 4 (empat) lembaga survey tsb, baik litbang kompas, lsj, proximity apalagi asi, terhadap masuknya salah 1 (satu) nama dari 6 (enam) nama yang terpilih sebagai kandidat gubernur dki tsb..?!! dengan tanpa memasukkan unsur gender dan sara maka, saya & maybe juga masyarakat pada umumnya ingin bertanya kepada bang akbar, yang kita kenal sebagai sosok politikus senior & seorang pengamat politik yang tajam di negara konoha ini, sebab : 1. apa kualifikasi & requirement untuk bisa dicalonkan sebagai seorang gubernur..?? 2. sampai sejauh mana arti, makna, pengaruh dan dampak rekam jejak para kandidat cagub dki jakarta tersebut terhadap konstalasi politik, sosial dan budaya, khususnya di dki jakarta dan di konoha pada umumnya ..?? 3. sejatinya saya agak sesalkan, seharusnya sebelum bang akbar showing 4 (empat) hasil survey tersebut kepada btp, menurut keyakinan gw.kok saya pikir cukup bijaksana jika bang akbar dengan segala kerendahan hati berkenan untuk meng-konfirmasi kembali kepada ke-4 (empat) lembaga survey tersebut bahwa, bagaimana mungkin bisa memasukkan sosok / figur makhluk yang faktanya, kecoak bunting di seluruh dunia juga sudah tahu bahwa, berdasarkan catatan sejarah pemilu dan pilkada, momen yang dinilai paling sarat dengan intolerasi ise sara sudah terbukti telah pernah mempunyai ""prestasi"" yang berhasil membelah masyarakat dki jakarta khususnya dan bahkan konoha pada umumnya dalam peristiwa pilkada dki jakarta tahun 2017 yang ""sukses"" menciptakan polarisasi ekstrem yang membagi mayarakat menjadi kubu berbasis identitas agama ( keterangan : hasil penjualan ayat dan mayat) yang kemudian ""berhasil"" menghantarkan sang makhluk tersebut menduduki jabatan sebagai dki-1, sejak 16 okt 2017 s/d 16 okt 2022 dengan hasil segudang ""prestasi"" sehingga alhasil dengan sangat menyesal google telah ""sukses"" terpaksa menobatkan beliaunya menjadi gubernur terbodoh di dunia..!! dan tragisnya lagi, dari hasil survey juga sudah pernah membuktikan bhw, politisasi sara yang penuh dengan ujaran kebencian itu juga meningkat drastis dalam pemilu dan pilpres 2019. melalui komentar saya sebagai masyarakat awam yang sangat-sangat dangkal & mencintai nkri ini, saya berharap bang akbar mampu menjadi penyambung lidah kepada lembaga-lembaga survey tsb, agar lebih mampu menggunakan akal budi & hati nurani serta logika berpikir sehat untuk menentukan responden dalam menentukan sosok / figur kandidat kepala daerah apalagi seorang presiden.karena bentuk nkri ini atas seijin & kehendak tuhan allah swt, sampai hari kiamat pada hakekatnya tidak pernah dan tidak akan pernah bisa menafikkan keberagaman.!! 😔😪😔😪😔😪😔😪😔😪",C2,2
"pertanyaan ini sebenarnya menjebak pak prabowo. pak jokowi tahu dan paham kalau ada uu yang membolehkan pencalonan mantan koruptor sebagai caleg, tetapi disini pak jokowi berusaha menanyakan itu untuk mengetahui respon dari pak probowo (karena pak probowo mengatakan korupsi indonesia sudah stadium 4) tetapi kok tetap mencalonkan yang mantan koruptor. dan terjadilah, pak probowo lagi-lagi grasa grusu menjawabnya sampai saat jawaban pertama pak probowo malah mengira pak jokowi menuduh partai yang dipimpin oleh pak probowo ada yang korupsi, padahal pak jokowi menanyakan tentang mantan koruptor yang dicalonkan jadi caleg. dan dijawaban kedua setelah mengerti maksud pak jokowi, lagi-lagi pak prabowo melakukan blunder dengan mengatakan 'korupsinya tidak seberapa'. ya dari sini bisa dibilang pak probowo jujur dan konsisten akan sikap beliau yang selalu grasa grusu. seharusnya pertanyaan ini dengan gampang di-counter oleh pak probowo dengan tidak menambahkan kata-kata 'korupsinya tidak seberapa'. cuma berkomentar, tidak berpihak pada siapapun. terimakasih.",C2,2
kok lebih pintar bapak yang protes ini ya.😊,C0,0
11:22 pigai setuju setuju helehh nelan malu ya 😂,C0,0
untuk politisi dan penguasa saja bukan pengusaha bung. karena jika anda dan saya mengelola tambang juga disebut pengusaha. atau mungkin maksud anda pengusaha besar yang dekat dengan penguasa😊,C0,0
"buzzer bicara gini, tetapi buka pendaftaran polisi ,ribuan yang daftar. fakta di lapangan.",C2,2
haha jim kan partainya sendiri yang kkn yang punya psi jokowi sendiri sekarang sudah di kembalikan oleh giring ke aslinya dan giring sekarang balek dukung anis,C3,3
"tolong dong warga jakarta jika memilih gubernur jangan lihat agamanya tetapi krejujuran dan bisa kerja juga pintar. jangan otak kadrun dipakai, nanti tidak maju2 otaknya. hukum di indonesia kacau balau dan bejat. hukum tebang pilih dan tajam ke minoritas. ada yang tidak suka omongan gue..?? bodo amat, memang saya pikirin..!",C2,2
mereka yakin dengan statementny. tidak ada yang plin tat plin tut. parah sekali otak luhh ya,C2,2
"mas bima ,ayo maju terus ajak tokoh2 yang masih peduli dengan bangsa indonesia. maju terus mas demi rakyat indonesia. gagalkan perjanjian dagang dan bop !",C0,0
perlukah dpr bagi rakyat,C4,4
"manusia seperti inilah yang tak mendapat tempat di akhirat, orang yang tak percaya dengan hari akhir, maka tak ada tempat bagi nya!.",C2,2
"daya rusak satu orang ini luar biasa, bisa2 benar hancur ini negara, cuma bisa berdoa semoga allah melindungi rakyat indonesia dari kezoliman pemimpin ini",C3,3
"satu jam isinya fitnanh semua, makin selamatlah jokowi karena dosanya sedang dihapuskan oleh roy suryo. termaksih roy",C3,3
buh coba tanya yohanes dana hibah yang di peruntukkan istrinya sendiri setelah berkuasa di jakarta. buhj maling bicara korupsi,C2,2
"​ pejuang kebenaran&keadilan berjuang melawan ke zdholiman&ke bathilan&pengkhianat rakyat,negara&bangsa nya sendiri demi kekuasaan sesat yang sesaat tahta&harta haram jaddah",C3,3
pak roy masih trah pakualaman jogjakarta trah yang paling dekat,C0,0
"jadi ingat prabowo pernah mengeluhkan soal banyak berkurangnya pemasukan selama dia berada diluar kekuasaan. apakah sekarang mumpung sudah berada didalamnya? memnag sejak awal, agak aneh yang dipikirkan prabowo cuma mbg terus, bahkan saat menjawab perang dagang.",C1,1
kalau dasar hukummu adalah prasangka. tidak usah bikin negara. pejabat juga korup. daripada korup tidak usah ada pejabat sekalian. ngawur.,C1,1
bubarkan dpr percuma hanya aspirasi partai bukan aspirasi rakyat enggak ngepek ke rakyat apa yang sudah dpr lakukan,C2,2
"memang menyuarakan kebenaran tetapi kebenarana yang dikasih tempo memecah belah dan membuat kepercayaan sipil menurun , kalau resesi gr gr media media pengkhianat begini apa tidak kasihan sama anak istri dirumah pegawai tempo😢, eh lupa sudah makan duit haram ya karyawan tempo hehe😅",C2,2
buzzer pigai banyak sangat ternyata dulu😢,C2,2
gibran + kdm sudah pasti kumpul,C4,4
betul sangat tuh biar tidak kurang ajar!,C4,4
rakyat bukan kucing roke coba kamu mencalun di pilih tidak mungkin tidak,C4,4
"yang aneh itu memang pak prabowo ,kenapa selalu nurut tuduk patuh dan selalu mengikuti percaya apa yang di bisikkan mereka",C1,1
rakyat indonesia termasuk kamu kann..ngku sendiri kalau loee tukang bakar2.km maling jujurr..h,C3,3
lah mereka satu tim 😂,C0,0
pak bahlil memang real.. keren.. mantap buat dukung 02 makin yakin.,C0,0
presenternya masuk dalam kelompok kepentingan 03😁😁 mantan caleg yang gagal juga kan?,C1,1
tidak usah kasihan sama partai. kasihan sama rakyat jelata saja.,C1,1
oon kamu 😂,C4,4
roy ini setress orang usaha kok digibahin,C2,2
"jika dipikir pikir sistem pendidikan di singapura ini, cocok diterapkan di indonesia, karena bisa memberi ruang kepada anak-anak yang berprestasi akademiknya bisa kuliah lebih cepat, dan bisa memungkinkan kerja lebih cepat, tidak habis umurnya menjalani sekolah ""secondary school""",C0,0
"​ menjabat sebagai gubernur dki jakarta (2017–2022), anies baswedan mencatatkan sejumlah prestasi menonjol, terutama di bidang infrastruktur dan transportasi, seperti pembangunan jakarta international stadium (jis), revitalisasi taman ismail marzuki (tim), serta integrasi transportasi melalui jaklingko. ia juga fokus pada penataan ruang kota, revitalisasi trotoar, penyelenggaraan formula e, serta meraih opini wtp 5 kali berturut-turut.berikut adalah rincian prestasi anies baswedan selama memimpin jakarta berdasarkan rekam jejak yang dilaporkan:infrastruktur & landmark kota:jakarta international stadium (jis): pembangunan stadion berstandar fifa dengan atap buka-tutup.revitalisasi taman ismail marzuki (tim): mempermodern pusat kesenian jakarta.revitalisasi kota tua & tebet eco park: mengubah kawasan menjadi lebih estetik dan ramah lingkungan.jpo kekinian: membangun dan merombak jembatan penyeberangan orang (jpo) menjadi estetis (seperti jpo sudirman).transportasi publik & integrasi:jaklingko: sistem integrasi transportasi publik (angkot, transjakarta, mrt) yang mencakup manajemen, rute, dan pembayaran.pembangunan jalur sepeda: penambahan signifikan jalur sepeda untuk mendukung mobilitas mikro.revitalisasi halte transjakarta: salah satunya halte bundaran hi.sosial, kesehatan, & tata kelola:jaminan kesehatan nasional (jkn): mencapai cakupan 98,54% warga jakarta dan subsidi premi.opini wtp (wajar tanpa pengecualian): meraih opini wtp dari bapak selama 5 tahun berturut-turut.penataan kampung susun: pembangunan hunian vertikal bagi warga.penutupan alexis: pencabutan izin usaha hotel alexis sebagai komitmen penertiban tempat usaha.ajang internasional:formula e 2022: berhasil menyelenggarakan balap mobil listrik internasional pertama di jakarta.sebagai informasi tambahan, berbagai inisiatif selama masa kepemimpinannya juga difokuskan pada transformasi digital kota melalui aplikasi jakarta kini (jaki).1mdaftar 10 prestasi anies baswedan selama jadi gubernur dki jakartayoutube·suaradotcom",C0,0
"insya allah bunda, amin sama dong, saya juga setelah mendengarkan pidato perdananya ketum kaesang di kopdarnas, langsung jatuh hati pada psi. mari kita dukung dan satukan suara untuk psi agar bisa masuk ke dpr tahun 2024 nanti. demi terwujudnya pemberantasan korupsi, pengesahan uu perampasan aset para koruptor, indonesia maju dan sejahtera salam solidaritas manula 60 tahun berjiwa muda di jakarta",C3,3
"saya lagi menunggu comment buzzer ""saras eh soros"" kazian grand-grandfather soros 😅. doi sudah pensi dan segala urusan perusahaanya sudah diserah ke anaknya alex soros. yang masih aktif itu ya warren buffet, dan trump yang masih aktif 😅 (diduga terlibat langsung dalam krisis asia)",C2,2
megawati: kalah ya😅kasihan deh kamu,C0,0
prabowo mungkin jago di urusan militer tetapi dia kurang di bidang ilmu pemerintahan,C1,1
obrolan lintas dimensi,C4,4
"cendol lima ons memang pengkhianat bangsa, hidup disini, tetapi jelek2in cuih",C3,3
"saatnya anak-anak muda dan nasionalis berjiwa muda duduk di legislatif dpr mari kita dukung dan satukan suara untuk psi agar bisa masuk ke dpr tahun 2024 nanti. demi terwujudnya pemberantasan korupsi, pengesahan uu perampasan aset para koruptor, indonesia maju dan sejahtera salam solidaritas",C0,0
bukan begitu pak cara nya turun dulu ke lapangan oplosan yang di pangkas bukan pengecer yang di larang do yang puluhan yang di pangkas,C0,0
sombong sekali lama-lama mirip orang gila hormat,C2,2
suruh maju kok tujuannya demi partainya.bukan karena rakyat.duh gustyy,C1,1
"kalaupun ke tangkap koruptor masih aman, karena ada oknum hakim yang bisa di stel bebas",C3,3
hoax,C4,4
"makanya kita sebagai masyarakat bawah lain kali cerdas memilih pemimpin juga wakil kita. di pusat maupun daerah, beginilah jadinya kacau balau",C1,1
terus suarakan ibu ina liem semoga hukum di indonesia lebih adil tidak pandang bulu kalau orang tidak bersalah harus di hukum kriminal sekali,C1,1
"boikot partainya,kalau begitu",C4,4
7,C4,4
kalau pk ganjaer bakal petugas partai jilid 2,C2,2
"yang bela jokowi oke yang bela jika ya monggo. yang jelas yang punya nama yang sudah ada kredibelitas di masyarakat, siapa sih yang tidak melek ! ingat, semua baik jika dan parpol mana mungkin mengajukan nama yang tidak populer untuk presiden, emnk ada partai dan seseorang yang mau rugi? 😅 yang jelas pk jokowi sudah punya nama dan kredibilitas dimata masyarakat, mangkanya banyak dilirik termasuk jika & parpol. baru dibikin programnya tetapi yang kerja kan semua termasuk jokowi jadi tidak bisa klaim sepihak 😂",C0,0
beda sekali sama almarhum 😌,C0,0
52:50 waduhh. sudah cocok jadi capres abadi.,C0,0
​ yoi maka nya waktu masa jokowi koruptor aman sekarang masa nya pak prabowo koruptor di tangkepin😂,C3,3
"setuju, benerinnya sudah susah, yang pinter-pinter diluar sudah makin tidak mau pulang, siapa yang mau dikriminalisasi.",C0,0
project bancakan para koruptor😅,C1,1
​ buzzer 100m yang bilang begitu 😂,C2,2
"apapun programnya, yang penting, korupsinya , , ,",C4,4
melawan kebenaran menjadikan kadrun menyedihkan.sakit hati.semua fitnah ditangkis.hidup seperti pelarian.eh.bukan seperti.tapi memang kabur lari.tiada siapapun yang bisa menghalang pilihan allah untuk indonesia.jangan pernah ditangisi.jangan pernah disesali.semua itu suratan yqng kuasa.semoga sadar qada dan qadar.,C3,3
uang rakyat di buat mbayar bisanya cuma joget joget lebih baik di berikan orang gila di pinggir jalan di suruh joget.,C2,2
setelah kejaksaan dibekingi sama si paling dicintai rakyat jadi ugal2an dan sonplak.,C2,2
bongkar koruptor kasus lama dan kasus hangat tanpa padang bulu semua wakil rakyat. rakyat diatas segalanya menuntut perwakilannya.,C1,1
kalau bicara sementara mata ngedip ngedip berarti kedipannya sedang menutupi otaknya yang kosong.,C2,2
"sekarang sudah di penghujung tahun 2025 dan saya ke sini karena bobrok nya pemerintahan sekarang bagaimana bisa orang orang pada masa itu memilih kualitas presiden seperti itu, padahal setelah kita menonton ulang kita tahu mana yang memiliki kualitas dan mana yang hanya asal sebut, omong kosong, bangga tak pernah memilih 02 dan bersyukur saat itu memilih 01",C2,2
"ini pola pikir yang sudah di apiti oleh rasa tidak ouas semata,sampai ada kata kucing istana. inilah letak kedunguan anda. jelas ketahuan yang anda lihat pribadi anak siapa,tapi anda tidak berpikir luas bahwa dia warga negara mana. sipaapun yang mampu dan layak silakan mencalonkan diri jika partai menginginkan.jelas tidak? yang lain ini sama pakar politik tetapi membeo.. saya hanya masyarakat biasa yang terleoas dru jenis dan oikiran politik,sy menilai secara normal,bahwa pakar politik ini sebenarnya mencari argumen yang tepat untuk memojokan yang lain yang tidak disukainya. inilah ciri para pakar politik dalam mencari keuntungan walau itu keliru. anda benar juga,tapi anda tidak menyadari secara normal bahwa anda lupa akan hak pribadi dalam berwarganegara. kalau anda menilai dia anak presiden dan paham logika anda bergeser ke arah negatif itu anda salah.anda bukan pakar politik yang baik. sepanjang pribadi siapapun dia yang sebagai warga negara mempunyai hak untuk apa yang sesuai ketentuan negara ya wajar saja. yang tidak wajar itu pola pikir anda. sehingga berbagai opini anda bangun dan berusaha menggiring opini yang sesuai keinginan anda yang bisa meracuni pikiran normal masyarakat,sehingga ujungnya terjadi kekacauan dalam negara. ini yang host juga keseringan dan berulang seolah pro ke salah satu pilihan.anda jost itu dibayar untuk memfasilitasi debat itu harusnya balance bukan terbawa arus kiri atau kanan.goblok ya.kok stasiun tv ini yang bisa ngehost balance pikirannya sehat memang tidak ada kah?? ini host,andai ada di tahun 65 jelas sudah masuk bagian pemberontak tu. hist juga lihat,dan punya hak menegur lawan bicara yang suka potong pembicaraan yang lainnya. host ini tahu tidak sih tata aturan debat itu sendiri?kasian ya!",C3,3
"jangan bermanuver politik dengan bahasa² dirotasi, dipindahkan, diturunkan karena ahmad sahroni telah sukses membuat dirinya tidak layak jadi wakil rakyat. rakyat mau nya dia di pecat dengan tidak hormat dan tidak berhak punya fasilitas apapun dari negara maupun pemerintah.",C1,1
"​ -wp7in anjir iblis tertawa melihat komentar ini, fitnah sungguh luar biasa ya walaupun kebanyakan pejabat kayak begitu termasuk dpr, tetapi tidak semuanya juga bro😅 kasihan itu yang ikhlas bekerja tetapi kena semprot, ya katakan saja hanya karena beberapa orang terlibat semua orang harus disalahkan ibaratnya kayak begitu aja, mindset idiot kalau orang-orang mikirnya kayak begitu semua. kalau mau hapus dpr hapus saja terserah kalau saya, saya disini tidak mendukung siapapun!",C0,0
"iya.., makanya bung roy.. jangan tidak terima juga kalau sebagian rakyat kecewa terhadap satu daerah tertentu karena pada dasarnya dari konoha merdeka kenapa harus daerah kalian terus yang mendominasi pada hal dari daerah lain juga rakyatnya juga punya hak yang sama di konoha ini apalagi kalau mengaku muslim bukan kah bumi ini kepunya allaah swt kenapa harus daerah tertentu saja merasa paling berkuasa pada hal ketika merebut kemerdekaan seperti sejarah yang disampaikan selain dengan mengangkat takbir artinya ummat muslim ada pejuang satu daerah paling dominan yang gigih dalam mencurahkan segalanya pemikiran, tenaga, harta, darah bahkan nyawa. coba mulailah berpikir cerdas yang waras akal sehat seperti istilah saat ini, ganti lah lagi pemimpin dari daerah lain yang agamanya lurus, cerdas, jujur berintegritas belajarlah dari sejarah 80 tahun sudah dari daerah tertentu itu saja yang terus berkuasa lihat kenyataanya otak dan bermental rakus, serakah mikir diri sendiri dan lingkaran setanya saja yang ada, sehingga hancur, karut marut konoha dan rakyatnya rakyat konoha juga harus mulai sadar dan mikir untuk keselamatan konoha, bangsa dan terutama generasi penerus untuk keselamatan anak cucu selanjutnya agar tidak lagi jadi bangsa dungu apalagi bangsa budak jajahan miskin dan mengemis 😢",C3,3
bodo amat jokowi soal dia dengan ritual nya urusan dia. karena si wowo auwoo badut puppet lebih parah dari pada jkw. menurut saya dia yang paling worst dari semua president indonesia konoha. titik.,C3,3
mengingatkan partainya. ahmad sahroni = nasdem nafa urbach = nasdem eko patrio = kapan uya kuya = kapan,C0,0
"bung selamat ganteng ini betul-betul ""rock"" banget! cadas. teddy cocoknya satpam baca",C4,4
bilangnya mungkin korup nya tidak seberapa,C4,4
"yang jelas jua ulun tahu sangat haji isam ini sukses menjajak orang pribumi di kalsel, sidin ini keturunan makassar, kaina mati haja itu jua biar sugih kypa hidup",C3,3
"pres sukarno sejak awal peperangan telah bertekat untuk memberikan imbalan terhadap pki atas keikutsertaan dalam pertempuran, tetapi sayang setelah proklamasai ternyata banyak juga rakyat yang tidak menghargai jerih payah mereka/pki. perjuangan yang di balas dengan air tuba",C0,0
kerja santai gaji gede..,C2,2
standart penilaian bps itu kacau sangat apalagi yang di lapangan kerja mirip ngasal nanya2 aja. jadi hasil surveynya banyak yang salah,C1,1
resiko punya presiden uzur.,C2,2
serpertinya tidak mungkin itu 😂,C4,4
"rismon memang raja tipu, melakukan manipulasi ijasah jokowi yang di upload dian sandi itu logonya coklat, di edit sama rismon jadi kehitaman sama dengan tulisan sehingga di narasikan tulisan dulu baru logo. itulah cara rismon menipu masyarakat dengan digital maka mudah untuk di manipulasi sendiri di komplain sendiri. andaipun ijasah jokowi di tunjukkan di publik pasti rismon mencapture dijadikan digital terus di manipulasi terus di hakimi palsu.",C3,3
"dasar anis kadrun 😁 dari awalnya sudah saya prediksi,anis tidak akan menang..kenapa tidak, mennag!,si anis bukan orang jowo menurut saya yang lebih pantas dan orang paling tepat memimipin negeri in adalah mmng orang jawa 👍👍",C3,3
sehat selalu bu mega ..anda adalah tokoh negarawan yang hebat .dari dulu anda dijegal namun selalu gagal.dan sampai hari ini pdip tetap menjadi partai pemenang .,C0,0
"sekarang indonesia siapa yang narsis, norak itu yang naik pangkat. yang berprestasi berjuang di perbatasan tidak dapat penghargaan.muak, bikin muak",C4,4
kok bisa kita punya presiden kita mirip begini ya hancur sekali tidak bisa mendengar suara rakyat maunya harus dituruti kacau,C1,1
"kurang bijak sih. terus yang juga keamanan siapa? siskamling? coba kalau bubarkan institusi polisi, alternatifnya apa jangan bermain bubarin saja wei . penjahat makin banyak",C0,0
"jika lembaga dpr tidak mau dikoreksi, dikritik & tidak mau menampung aspirasi rakyat, bahkan sebalik'a mereka ada indikasi sampai menantang/ melawan serta menghina rakyat, kita selaku rakyat yang memegang kedaulatan, kita tidak usah repot repot nanti untuk 5 tahun kedepan dalam pemilu (pileg) tidak usah memilih'a lebih baik abstain !",C0,0
"😂 pada dibayar berapa sih sampai sebegitunya bela tuan mu. hancur nama ugm sama kalian. seharusnya kalian mikir dong, masa sudah jelas asli dan palsu ada bedanya tetapi kok tetap saja dibela. gokil.parah sekali 🙄.",C2,2
waspadalah pada partai komunis sejahtera wahai tni.. kelompok yang menggunakan entitas agama lebih berbahaya dari komunis..,C3,3
"jaman jahiliyyah, yang kuat menindas yang lemah, tetapi gusti allah maha adil, semoga para koruptor segera dapat azab yang lebih pedih, amin allahumma amin,",C1,1
😊,C4,4
"rakyat,buruh,mahasiswa dan seluruh elemen segera bersatu untuk reformasi,tangkap,adili jokowi dan antek2 jangan sampai bangsa indonesia hancur",C1,1
"sehat-sehat ya di malaysia. cintailah nkri, walau pejabatnya banyak yang somplo",C2,2
biang kerok masalah di negara ini adalah partai politik.,C1,1
terus apa gunanya ada paspampres bro,C4,4
33:20 mungkin benar makanya prabowo bicara kalau menteri2nya bagus semua. hahaha,C1,1
sudah muak dengan politikus yang cuma pandai merangkai kata,C0,0
"abraham samad juga tidak becus koq, saat ketua kpk",C3,3
"teddy itu hanya anak anak baru melek, tahu apa dia soal negara",C4,4
"halo saya dari masa depan. saat ini indonesia lagi amburadul di pemerintahan wowo. gelombang demonstran sudah tidak bisa dibendung lagi, banyak penjarahan di rumah pejabat; si sahroni, uya kuya, eko bahkan menterinya si wowo sri mulyani. masih bisa joget oke oke gas tidak kamu wo!",C1,1
masih mau pilih pemimpin yang pemimpinnya tidak percaya hari akhirat. jangan mau pilih wahai soodara muslimku. tanggung jawabnya besar bagi kita nanti dihadaoan allah swt.,C0,0
kecuali pikiran atheis / komunis,C2,2
yang penting pilihanku adem dihati,C0,0
ya kepemimpin hutang.dan pemerintahnya juara koropsi dimana mana pemimpin gagal totol dalam mengatasi koropsi ini fakta,C1,1
berarti kalau malingnya sedikit berarti tidak masalah dong,C3,3
mirisnya bapaklu sama teman dan saudara sudah dianggap koruptor juga kan? makanya miris kalau rakyat juga ikut menuduh rakyat yang tidak bersalah karena korban dikriminalisasi,C1,1
bukan salah desain ini cara lereka berkorupsi ssh tidak peelu sembunyi sembunyi.dia kaya jdp diara 20an pdhlnini sudah era shpee topped toko tok munik wowor hpnya masih pk hp kliring jadi bodoh semuanya🤣,C2,2
komentar bijak dan pintar 👍👍,C4,4
terkadang hal hal terburuk berawak dari niat yang baik.,C0,0
"nah betul, cuma buzzer dan pembelanya memang gampang dibohongi dengan gimmick itu. mereka lupa pas anis baru gubernur aja, dia buat tim gemuk yang sampai puluhan orang dari timsesnya. bayangkan berapa uang yang kebuang? belum lagi proyek pengadaan tidak jelas",C3,3
"termul berarti semakin menyebar, di indonesia kayaknya😅",C2,2
partai politik tanpa jokowi akan miskin. jelas itu😂,C1,1
beliau sudah kafir karena tidak percaya dengan hal gaib (syurga dan neraka) yang mana itu adalah salah satu dari rukun iman,C3,3
rakyat sudah capai dan tidak berharap dengan gaya kepemimpinan sekarang dan sebelum nya. orang bodoh sok pintar dan mungkin pintar tetapi sombong dan arogan. mungkin nkri harus melalui situasi ini. semoga 2029 ada yang lebih baik.,C2,2
auto menonton kalau bung fahri hamzah ❤,C0,0
junjungan mu ngemis investasi dari kadrun. 😂,C3,3
tidak mungkin kita dapat pemimpin yang adil selama pakai sistim dajjal demokrasi. yang pasti mendapat pemimpin yang dzolim. rakus,C4,4
jangan sampai jempol kita ikut menyebarkan narasi yang belum jelas kebenarannya.,C0,0
"sistem yang efisien, hasil yang maksimal!",C0,0
menurut pengetahuan ku gelar krt untuk keraton yogyakarta itu gelar terhormat. dan dekat dengan kerabat keraton,C0,0
"wkwkwk. yang paling sengit menjegal habibie saat itu : si gusdur & mega, yang pada kebelet ingin berkuasa menggantikan suharto, tetapi terganjal oleh habibie yang secara konstitusi memang harus maju menggantikan suharto yang resign/mundur. para pemuja gusdur sekarang2 pada getol ""cuci tangan-lempar kambing hitam"" ke amin rais sebagai ketua mpr saat itu. amin rais sendiri saat itu justru kawan baik-kolega habibie (sbg sesama pendiri & pengurus icmi). partainya dia (pan) bersama dengan koalisi poros tengah (pks, pbb, pui dll) dan ""kaukus iramasuka"" (irian, maluku, sulawesi, kalimantan) di faksi utusan daerah pimpinan arnold baramuli, saat itu mrpkn pendukung2 habibie di parlemen. hanya saja saat voting, suara pendukung2 habibie tersebut kalah telak oleh perolehan suara koalisi partai2 besar pemenang pemilu (pdip & pkb) plus pdkb dan suara politisi2 golkar & p. nah tuh.",C1,1
kdm ✊,C4,4
"no, anies. kurang tepat dan kurang jelas.",C0,0
amin allohumma aamiin..,C0,0
"innalillahi.innalillahi. ini lah roy panci yang selalu memfitnah dimana mana, hanya karena iri dengki, karena dia bukan siapa2,sedangkan mas gibran adalah wakil presiden nkri untuk 5 tahun. kasihanilah bung roy panci yang punya hati yang hitam. saya usul mas roy untuk langsung mengambil air wudhu dan langsung sholat mohon ampun kepada allah. amin yra.",C3,3
karena ada yang tidak terima karena pak nadiem yang memfasilitasi pengadaan laptop bukan pegawai atau eselon yang lain jadi dia yang bikin kisruh korupsi ini,C4,4
"pasti ada kuasa besar luar dibelakang jokowi.sepatutnya probowo rombak kesemua institusi termasuklah tni dan polri.selagi org² jokowi jadi kepalanya pasti hukum berterusan dijual beli.sedarlah, geopolitik indonesia sangat strategi dan sedang diincar oleh negara asing,jgn sampai nantinya dijajah lagi",C2,2
psi bakal jadi partai besar ini kayaknya kalau kedepannya tetap konsisten dengan apa saja yang sudah greas sampaikan dan perjuangkan..,C2,2
dengan dana 80t apa yang sudah kamu lakukan selama 5 tahun ini untuk mengurangi polusi ? malah jawabannya ngawur😢,C1,1
"dikorut pas rapat ada yang tidur di dor hukum mati ,di jepang kalau dewan merasa gagal bekerja mengundurkan diri, di indonesia dewan tidak tahu malu tidak punya empati meminta dikasih kesempatan lagi..uya uya😂",C2,2
"kamu kadrun tidak bisa nangkap , pikiran bagaimana ngerakit bom buat merusak peradaban",C3,3
"semoga banyak orang orang yang sekruwensi dengan pak zul .maju terus pak zul .betul ibukota indonesia mau di pindah ke kaltim ada udang di balik batu .sudah terbukti anak turunan jokowi masuk ke pemerintahan tertinggi itu strategi jokowi.oh,indonesia sudah rapoh parahnya. semoga orang orang dholim segera di hukum oleh allah sendiri .",C1,1
"insya allah bapak, amin saatnya anak muda dan nasionalis berjiwa muda duduk di legislatif dpr mari kita dukung dan satukan suara untuk psi agar bisa masuk ke dpr tahun 2024 nanti. demi terwujudnya pemberantasan korupsi, pengesahan uu perampasan aset para koruptor, indonesia maju dan sejahtera salam solidaritas manula 60 tahun berjiwa muda di jakarta",C0,0
itu orang tim ekonomi yang menakut nakuti pak prabowo hingga pak prabowo menandatangani perjanjian bop harus ditangkap dan dihukum seberat beratnya karena merugikan negara. itu tim ekonomi pengkhianat bangsa harus ditangkap,C3,3
"oke siap mas bro kita dukung dan satukan suara untuk psi agar bisa masuk ke dpr tahun 2024 nanti. demi terwujudnya pemberantasan korupsi, pengesahan uu perampasan aset para koruptor, indonesia maju dan sejahtera salam solidaritas manula 60 tahun berjiwa muda di jakarta",C2,2
​ naon ari sia mamawa anis.teu menyambung,C2,2
"waww. ijazah palsu jkw & gibran makin terbongkar. upaya dukungan publik dan rakyat serta usaha gigih rrt & team. alternatif. 1) ahy masuk bursa cawapres enak kali ahy ?!! 2) ahy akan diadu dengan puan yang tidak punya kemampuan. kemungkinan besar menang ahy 3) anies, ahy, puan masuk bursa cawapres. namun mas anies tak berpartai di dpr mpr ?! 4) jika prabowo gentle !! ungkap sirekap kpu ! jebloskan hasyim asyari dan para komisioner ke penjara. audit rekening nya. 5) jika prabowo gentle & ksatria, lakukan proses pilpres ulang dengan komite independen internasional & nasional. prabowo harus netral !! prabowo boleh ikut sebagai rival. sebelumnya reformasi total termasuk pt 0%. inshaa allah prabowo kan dikenang bp demokrasi indonesia. apkh hal ini akan tercapai ? jika tidak tercapai lebih baik nepalkan nkri !",C3,3
"prof renald top..jangan kadrun suka korupsi bansos, korupsi blbi, korupsi asabri, korupsi jiwasraya, kadrun mau ganti pancasila dengan komunis, suka oligarki..hidup prabowo",C3,3
"nenek lampir pendiri pki, musna lah kamu di 2019 nanti allahu akbar save ulama",C3,3
maaf bukan pejabat tetapi penjahat,C3,3
"militer lebih ngeri lagi, karena semua serba tertutup",C3,3
kayaknya itu prinsip hidup di semua agama deh.,C4,4
"pak ganjar tolong kemiskinan di jawa tengah di kurangi dulu..,saya berdomisili di jawa tengah untuk cari makan saja susah..umr nya juga masih sekecil itu.",C1,1
pembisiknya adalah orang bermasalah karena di istana banyak dipenuhi termul bagaimana owo bisa benar kalau kerap bergaul dengan termul & enggak solo pimpinan si jekmul raja berbohong bisa² dia akan menjelma lebih parah dari si jekmul raja berbohong yang mnjd biang kerok nkri yang akan membuat ambyar nkri seperti dalam bukunya sendiri paradox indonesia,C3,3
naziss roy suryo maling panci membicarakan korupsi,C3,3
pa saya menyarankan jangan sekaligus coba ada awali dari jakarta sudah lacar terus ke jawa barat buar belajar apa gendaka nya sambil ada perbaiki,C0,0
calon2 ateis/pki/komunis ini. atau sudah?,C3,3
"pemerintah kayaknya lamban banget,semua sudah gamblang apa yang dikatakan mbak oky,semoga pak prabowo melihat tayangan ini",C0,0
mungkin uangnya dikorup buat ngojek,C4,4
oligarki the real penjajahan dari dalam negeri😢😂,C0,0
"makanya tidak pernah jadi ya 😢😢 kemarin kemarin, dan aneh waktu pemilu yang prabowo sandi saya sampai bela bela in debat sama temenku sampai mau baku hantam 😢nyesel",C1,1
prabowo lain bos dia tidak mengambil gaji dan juga tidak pakai fasilitas negara jadi dia tidak mungkin bisa di atur coz dia kerja bukan demi jabatan dan gaji.,C4,4
prihatin,C4,4
"​ -o6y padahal karena pak jokowi jalan-jalan dikampung saya menjadi bagus, kenapa terus berkomentar ijazah palsu ? seharusnya mereka fokus memajukan bagaimana indonesia menjadi negara maju kalau terus macam ini keluar terus kata-kata kotor indonesia malah makin hancur bencana alam dimana2 karena hati manusia terlalu busuk penuh iri dengki dan saling menjatuhkan, pak jokowi saja saling berjabat tangan dengan pak jokowi",C1,1
​ jokowi mah gampang..mau pindah ke partai mana pun bisa .dan pasti menang..pdip kalau tidak ada jokowi cuma jadi penonton..paham,C2,2
​ kok tidak nalar ya.data pribadi rakyat kok diserahkan ke amrik.apa wowo lupa jika amrik jahatnya meminta ampun.,C3,3
cepat selamatkan bangsa indonesia dari orang orang yang merusak bangsa indonesia.,C0,0
-h7v sejarah apa yang di lupakan? tidak usah pki an deh sekarang sudah banyak komunitas yang tidak setia nkri. zaman sudah berkembang,C0,0
mantan koruptor tidak tahu diri sakit hati ya,C3,3
"selamat berjuang bro,terus kapan pemakzulanya di jalankan,lebih cepat lebih baik",C1,1
"hahahaha. saya lho sampai ketawa,pak prabowo lucu lho. bukan jogetnya tetapi gagal pahamnya.",C1,1
rakyat yang mana,C2,2
bisa jadi boronan masa ne.,C4,4
"​​ -d4m4b ,,iya susah buat orang lurus dan jujur buat jadi presiden di negeri ini ,,memang ! bagus nya sih jabar itu ,minta otonomi khusus . biar lebih maju dari daerah lain ,,baru dua tahun kurang juga lumayan progres nya lumayan ,satu saja contoh nya ,sekarang rakyat kecil ke rumah sakit itu langsung dapat santunan dari pemprov tampa lewat bpjs yang kadang mempersulit pasien ,ini lebih efektif dan efisien . ini berdasar kan pengalaman saya ,yg mrengantar kan warga saya operasi ke rumah sakit ,,besar di bandung .",C0,0
mantap pace..❤,C0,0
memang jelas itu kriminalisasi,C3,3
yang punya duit berkexukupan aman makan tinggal milih.mau masak apa beli di resto.nyuruh orang buat beli..atau tinggal telepon dateng..yg pas pasan dan susah kasihan..,C0,0
percuma bang nanti disuntik bansos langsung meleleh😅,C0,0
setuju tegas luwes dan bijak tapi saya komen nya kebanyakan orang gila,C2,2
"fantas,aja,nkri,harga,mati,,ternyata,femimfinya,,berjiwa,komunisme,,",C3,3
​ -lz8ep ..tergantung yang tafsirkan siapa. .kalo you mungkin iya. .org lain belum tentu sama dengan you ..he..he,C4,4
jadi uang 80 t kmemna ya?,C1,1
ini mah sudah parah kosong melompong stadium 4 malahan lebih pintar anak smu dari pada beliau.,C2,2
dasar pejabatnya saja yang aneh..di luar negeri lpg 20kg hanya 700nt 2bln lebih di pakenya padahal masak pagi siang sore..sini mah 3kg saja di sadap..masak paling pagi sore 5hari habis..😅,C1,1
"alhamdulillah, masih ada tokoh yang paduli dengan kemajuan negeri ini,tanpa ada tokoh yang berani menyatakan pendapat, pejabat negeri ini cenderung sesuka hati mengelola negeri ini. rakyat biasa yang bicara tak mungkin di dengar,meski sampai mulut berbusa busa.tapi..begitu pak amin rais yang berbicara sampailah ketelinga para pejabat. maju terus pak amin,suarakan apa yang anda tahu,agar negara ini lebih baik lagi.",C0,0
"​ kalau memang ada pemalsuan, pencurian, bohong, langsung saja ajukan, laporan ke pengadilan atau ke fihak yang berwajib. jangan banyak omong !@ 😂",C0,0
parah nene nene,C1,1
disini kita sedang kuliah gratis dari pak fahri hamzah tentang politik dan bekal awal jika ingin terjun ke politik 🙂,C2,2
mungkin indonesia ini sudah sangat krisis aparat penegak hukum yang betul-betul mampu membuat hukum menjadi tegak dan saya kira jangan bermimpi negara ini akan mnjd negara maju jika hukum dan aparat penegak hukumnya tidak sinkron,C1,1
"dua tokoh politisi yang saya paling suka sejak lama, bung akbar yang dulu di dpr ri yang sangat berani dan lantang menggali soal skandal bank century dan beberapa persoalan lain. dan pak ahok, yang juga pernah di dpr ri yang lantang dan berani memperjuangkan sistem pemerintahan yang bersih dan transparan melalui usulan pembuktian terbalik harta kekayaan pejabat bila ingin jadi pejabat, dan sejarah nya sebagai bupati belitung timur hingga dki jkrta. perombakan tata kelola pemerintahan di dki jakarta terang benderang berubah drastis sejak duet jokowi-ahok. program pembenahan jakarta dengan tagline jakarta baru nyata terbukti, tetapi bukan tanpa kontroversi, segudang permasalahan di jakarta tak mungkin dibereskan tanpa kontroversi. tetapi saya angkat topi untuk itu. trurama sosok pak ahok ini langka, keberanian nya melawan oknum di pemerintahan tidak main2, nyawa pun dia berani pertaruhkan saat itu. kala itu saya was2 dia memang akan terbunuh, yang dilawan benar ""maling"" di pemerintahan yang menggurita boss, kolektif dan masif. tetapi ya itu kata-kata beliau terlalu ""jauh"", sementara banyak pihak yang mau menjatuhkan nya dari kursi gubernur dki, ya sengaja ""cari2"" cara jatuhkan, kurang bisa kontrol emosi yang melampaui taktik agar tujuan tercapai ya jadi lah tersandung ""kasus"" itu, menurut saya itu hanya ""pintu masuk"" untuk menggulingkan pak ahok. tetapi saya pun meski kagum dengan beliau, saya tak mau disebut ahoker, toh saya juga tidak beri suara pada dia, dan juga tidak ikut kumpulin ktp mendukung pencalonan nya sebagai cagub secara independent dulu itu. yang pasti, kerusakan tata kelola pemerintahan itu hanya bisa dilakukan orang yang punya ""keunikan"" seperti jkwi dan ahok, meski jkwi sendiri di akhir masa jabatan nya saya rasa melangkah terlalu ""jauh"" jg.. ya namanya sama-sama manusia, tidak mungkin semua nya perfect, siapapun dia. setidaknya indonesia punya mereka yang pernah melakukan perubahan dan kemajuan yang luar biasa.. salute untuk beliau2 ini smua.",C3,3
manusia ahir zaman! tidak kasihan susah payah bapak kamu bangun bangsa ini dulu ha ibu yang terhormat! jangan lah kok setir anak kamu itu bu!,C1,1
"-bq9dj biasa, orang seprti itu suruh glm mana bisa, nanti kalau jadi presiden, tambah parah, mangkanya saya pilih jakowi adem",C1,1
se7❤,C4,4
pki asli yang di kirim dari china.,C2,2
tabola bale diterima teddy ini karena lagu favoritnya joget2 kali ya.,C0,0
komen lho itu rasa ketakutan orang orang minoritas /orang yang seakhidah dengan penjajah tidak terpilih rakyat .,C1,1
"kalau tidak membaca teks, pak tua itu memang sering ngawur. hiks",C2,2
mayoritas harus tetap jadi mayoritas minoritas terima saja apa adanya,C4,4
roky gerung orang kemarin sore kalau masalah pancasila.kamu juga tidak tahu kapan pancasila diciptakan biasa kalau orang tidak mengerti sejarah,C2,2
"sama. sudah pilih psi dari periode lalu. simpatisan mayoritas psi yang dari awal dukung psi adalah orang-orang yang anti dengan penjahat ham berat. pemilih psi rata-rata rasional. jadi kalau psi akhirnya kehilangan rasionalitas dan jati diri dan malah dukung penjahat ham berat jadi presiden, ya pasti tidak terlalu sulit sih berpaling dari psi.",C3,3
"​ prabowo 4 kali nyapres kalah terus , gila jabatan tidak ? anuis jauh hari sudah nyuri star kampanye gila jabatan ga?",C2,2
jangan hancurkan nkri ini. kalau anak kpmonis masuk dalam tubuh tni ber arti nkri akan hancur,C3,3
bagaimana mau jadi bos kalau tidak banyak bekerja ?? asal bicara aja. hahahaa,C2,2
"anda membenci partainya, nalarnya gimana, sdr a hok, kenapa masuk partai pdip,? itu saja kalau anda percaya pada a hoknya. nalarnya dipakai, a hok (bcp) orang yang berkepribadian bagus, lantas dia pasti memilih partai juga pakai pilihan hati nuraninya yang cocok. anda tidak tahu bagaimana pdip, selalu partai teratas dalam setiap pemilu, dihina, ditenggelamkanlah, dihancurkanlah ..dibenci segelintir orang, hanya melihat dari luarnya, memandangnya dari jauh jauh.dari mulut-mulut orang bukan dengan hati yang bersih, mencari informasi yang benar, media yang kredible.baru mengerti kenapa anda membenci partai itu.",C0,0
". makanan itu butuh di masak, masak itu butuh gas . anda mikirnya sampai kesana gak? stak butuh penghasilan, orang yang jual makanan di pinggir jalan juga lagi cari penghasilan, jual makanan itu butuh di masak, masak itu butuh gas, anda mikirnya sampai kesana gak? mungkin tidak sampai sih orang yang masak mamanya sih ya jadi tidak tahu urusan dapur itu butuh apa saja",C4,4
ya,C4,4
"kalau iya, kali ini jokowi dan anak-anaknya memuakkan.",C3,3
"tadinya ada harapan akan ada partai idealis anak muda yang punya prinsip dan menghargai perjuangan dan kerja keras,, tetapi sekarang terlihat menggadaikan diri ketika mengangkat ketum baru dua hari jadi anggota hanya karena seorang anak presiden,,?",C2,2
seharusnya ibu megawati harus santai saja lagi,C2,2
"pertama kali dalam sejarah (koreksi kalau salah), 1 orang berhasil meluluh lantakan 1 partai besar",C1,1
"saya juga lama"" kesal sama kamu megawati , saya tidak suka sangat sama kamu",C3,3
"dalam pemilu kemarin ternyata saya tidak salah pilih,bnyk sudah rakyat kena tipu karena sudah memilih sipembohong besar😅",C2,2
"ivd cooking pahami kata-kata nya,jangan sepotogpotong,yang ""korupsinya tidak seberapa"" masuk dalam konteks mantan napi yang sudah menjalani hukuman dan mau menjadi caleg lagi. dalam hal hukum dia punya hak pilitik. kalau pun misalnya mantan koruptor tidak boleh nyaleg ya di buatkan undang2,,",C3,3
yang mau mengusung siapa kalau cuma pdi-p suara kursinya kurang harus berkialisi..,C4,4
"dari pada pilih kamu yang berkompromi dengan tukang korupsi, tukang berzinah, tukang pembohong mending pilih ahok kale,​",C3,3
​ dan sejarah bercerita seakan2 belanda kejam trnyata.😂,C4,4
"​ -e3e iya, terlalu banyak maling yang sadis dan kerjanya malas.",C3,3
​ yang ada orang ketakutan dan insecure kalau ahok naik dan tanpa kompromi sikat koruptor ataupun orang yang mind-setnya korup,C3,3
9p,C4,4
masalahnya sekarang lebih banyak disusupi kadrun dan antek antek pendiri negara islam.. wkwkwkk bicara diperhatikan.. ini yang perlu diwaspadai. karena pki sudah selesai dan zaman dulu . sekarang adalah yang didepan mata ini para kadrun yang mencoba mengganti ideologi negara pancasila menjadi syariat islam..ini sekarang lagi banyak bertebaran dimana mana.. perlu ditertibkan melalui panglima tni..,C3,3
silver back,C4,4
"masya allah kerja 5 tahun mendapatkan gaji ,dapat rumah dan pesinan di saat masih banyak pengganguran . .koruptor di bebaskan",C2,2
yang tampak yang baik..busuknya di tutup ..ayo bertaruh 2029 jack tidak sehat..bisa2 kembali..karna karma buruknya,C1,1
setuju sangat mewakili,C0,0
wah benar sangat para elit mngkritik mbg benar sangat hntikan buang buang energi.buang buang modal.,C4,4
"di bali boleh tidak gubernur nya dari suku lain dan dari agama selain hindu? di ntt boleh tidak gubernur nya selain orang ntt dan selain katolik? di papua boleh tidak gubernur nya selain orang papua dan selain orang kristen? di tapanuli utara boleh tidak bupati nya orang selain batak dan selain kristen? di sulut gubernur nya boleh tidak selain orang minahasa dan selain kristen? jawabnya tidak boleh, karena orang-orang didaerah itu ingin gubernur dan walikota/bupati yang juga orang sana dan beragama mayoritas daerah masing2.. terus kenapa didaerah mayoritas muslim dipaksakan untuk dipimpin oleh kaum dan agama minoritas? ada standar ganda seperti nya disini.. by the way kenapa kok masih pakai istilah kadrun yaman? bukan kah itu istilah itu rasis?? berarti anda jauh lebih buruk dari orang-orang yang menolak ahok, minimal yang menolak ahok bukan rasis tetapi agamis dan islamis",C3,3
anda lucu,C4,4
🤸‍♀️🤸‍♀️🤸‍♀️,C4,4
kalau mahasiswa cerdas harus menuntut pemerintah indonesia segera menonaktifkan semua parpol karena parpol isinya politikus pengkhianat bangsa dan negara.. parpol isinya politikus penyamun dan pengutil harta negara. oleh sebab itu jika mahasiswa cedas harusnya meminta untuk menonaktifkan semua parpol dan kekayaannya di sinta untuk pemerintahan kerajaan nusantara baru. agar rakyat bisa menikmati kekayaan negaranya dan nantinya semua yang mengabdi di kerajaan harus memiliki jiwa dalam hidupnya menjalankan norma2 pancasila,C1,1
hasil joget-joget nya terbalas oleh masa,C1,1
"saya senang p. fh keluar dari pks . orang cerdas harus bebas , tidak terkungkung pada birokrasi",C0,0
indonesia tidak perlu relawan.itu harus dibubarkan.ga boleh dipelihara terus.pemilihan sudah selesai.hancur negara ini kalau relawan di pelihara.ijazah saja suash benar rakyat ingin lihat tidak ditunjukin,C1,1
ekonomi pribumi telah di rebut oleh penjajah oligarki asing dan aseng hingga ekonomi rakyat pribumi saat ini di bikin hancur dan terpuruk,C3,3
ingat teman teman ini mungkin terparah/menjijikan tetapi kita belum tahu nanti akan ada yang separah apalagi,C1,1
kamu yang bikin rusak negeri ini nek wkwkwk😂,C3,3
"ada pepatah keledaipun tidak ingin terjatuh ke lobang yang sama, berarti cerdasan mana dengan keledai? mercy diproduksi mercy, pemeliharaan tentunya harus dari mercy pembuatnya yang lebih paham bikinannya, bukan dari roll royce meski mungkin ""lebih wah"", begitu juga manusia, maintenance-nya pakai hukum dari ""si pembuat manusia"", bukan oleh manusia itu sendiri, karena pasti akan ada unsur like & dislike, masih ada penyangkalan? masih kalah dalam ""berfikir"" sama keledai ?",C3,3
memang si caplin dalangnya.yakin 10trilyun,C4,4
​ -l3u .😂 maha benar dengan segala gala nya ya bang.😁,C0,0
"satu demi satu mulai, banyak yang mengungkap tentang kejahatan jkw. inilah, tidak, ada keburukkan yang sempurna. allah subhana wata'allah, yang membersamai rakyat indonesia yang masih tulus berjuang, untuk rakyat.",C4,4
bukan salah dan menang yang penting kejujuran,C0,0
psi itu tujuannya untuk mengambil ceruk suara partai nasdem yang nasional. karena nasdem tidak punya basis akar rumput,C0,0
yang mana sudah ditepatin? kejar koruptor? 19 juta lapangan pekerjaan?,C2,2
betul memang jahat koruptor di lindungi hukum bisa diputar balikkan maklum konoha 😂,C2,2
seperti yang satunya ya,C4,4
"sekarang saya balik tanya, agama mana yang mengajarkan bunuh diri dan ngebom tempat ibadah umat lainnya? kalau saya bilang yang bantai muslim di irak adalah nasrani gmn? atau hindu bantai rohingya bgmn? semua yang anda katakan tidak mewakili umat agama mnpun sob! jadi jangan berfikiran sempit lah! anda seharusnya bersyukur hidup di indonesia yang mayoritas muslim tapi anda tetap nyaman menjalankan ibadah menurut kepercayaan agama anda! dan ini berbanding terbalik saat muslim jadi minoritas di negara lain , contoh amerika, myanmar, china, kanada, afrika jadi yang sebenarnya teroris itu muslim atau kebanyakan umat anda?? jadi saran saya bersyukurlah anda tinggal di indonesia",C2,2
kemungkinan selama menteri nadiem jadi menteri tidak mau bagi bagi ormas dan pihak pihak tertentu.,C4,4
"audit secara transparan harta semua anggota dpr & ketua dpr sekalian, jika dia benar_benar wakil rakyat. syahkan uud hukuman mati koruptor & perampasan aset secepatnya jika anda wakil rakyat benar !",C1,1
sangat mengecewakan pemilihnya,C1,1
bang akbar 🙏 mungkin bapak bisa menyampaikan ke bu grace. ada anggota dpr kota depok dari psi yang main proyek. sesuai dna partai yang dijunjung sepertinya bertolak belakang dengan realita yang terjadi. bolehkan di periksa bu grace dulu anggota partai nya itu,C4,4
bang pasha jangan pernah mengecewakan saya penggemar ungu,C0,0
satu kata; luar biasa!,C4,4
"sepertinya banyak bot2 palsu yang rata-rata barisan roy panci disini 😂 oi indak perlu banyak bacot seperti roy panci. peneliti gila di percaya 😂 yang di teliti scanan bukan yang asli terus disebut palsu, ya palsu lah bodoh yang kamu teliti scanan bukan asli 🤦",C2,2
begitulah kenyataan dan isunya😂😂,C0,0
bisa jadi sekolah di luar negeri gibran bukan cerdas mungkin kena pergaulan anak muda terkena narkoba diasingkan,C4,4
"suka mengumpat sendiri yang dipicu sama hal-hal yang dia tidak paham, itu tanda seseorang sakit jiwa dan tidak bisa berbuat apa-apa 😊",C2,2
"cuma heran saja bagaimana gibran sekolah dan kuliah di singapur sementara di singapur saja bahasa pengantar bahasa ingris,sementara dia tidak mengerti bahasa inggris,penuh kebohongan",C3,3
"menurut keyakinan saya nadiem tidak bersalah apalagi di tuntut hingga 18 tahun, dan dampak ini di bulan juni akan terasa para investor dari luar akan banyak kecewa dan takut akibat hukum yang aneh terjadi di indonesia. seharusnya lebih tajam bagi koruptor yang benar koruptor. gojek adalah pilar anak bangsa dalam bekerja. hampir 70% anak bangsa yang produktif hanya jadi driver gojek karena tridak ada lowongan pekerjaan yang nyata. dan sekarang hukum tindas yang lemah. bahkan sekarang tidak ada seoarang pun senior ahli hukum di indonesia yang jadi panutan seperti sebelumnya. yang ada cuma tunjukkan kekayaan di sosmed bukan kualitas bertanding hukum di internasional.. analisa saya ketika kamu jadi pejabat tidak punya massa dan singgle fighter siap-siaplah jadi tumbal..",C3,3
"demi maling, penuduh lempar batu sembunyi tangan. mau dikemanakan hukum negeri ini.",C1,1
"kurang ajar ,pecat ahmad sahroni jangar terpengaruh dari isu awal selamatkan prabowo dari cengkeraman jokowidodo,maksulkan gibran",C2,2
orang-orang seperti begini kalau ketanggkap polisi pasti bilang khilaf. mega memang tidak cakap bicara seperti mafia beragaama tetapi mega berhati bersuih,C2,2
negara ini akan hancur karena sumber daya lucu2an,C1,1
"setuju mas bro 👍 mari kita dukung dan satukan suara untuk psi agar bisa masuk ke dpr tahun 2024 nanti. demi terwujudnya pemberantasan korupsi, pengesahan uu perampasan aset para koruptor, indonesia maju dan sejahtera salam solidaritas manula 60 tahun berjiwa muda di jakarta",C3,3
allah sedang menunjukkan presiden hasil curang.,C1,1
lanjut pak amin 💪💪,C4,4
"hm. iya bang kejaksaan wajib reformasi, minimal kejaksaan pusat sama sumatera utara, karena tidak tahu kenapa penghasil kasus kasus aneh.",C1,1
"nanti kalau ada kejadian aneh-aneh lagi baru sudah pada komplain blng, ""emang tes jadi polisi tidak ada tes psikologi ya?"". giliran ipda bicara begini malah diblng ujaran kebencian 😂",C1,1
kita ya suara kita wakil kita kamu dpr ini salahnya .. ketika diatas tak ingat lagi kamu itu amanah kami. maka wajar sudah dibubarkan dari pada merusak negara,C1,1
etika anis terburuk,C3,3
ya allah selamatkan yang baik dan amanah. hancurkan semua yang jahat,C0,0
"boleh saja , beliau ngangkat siapa saja . cuma semestinya disesuaikan dengan aturan main/uu , sisi kepangkatan , pengalaman & kapasitas seseorang . kalau memang belum waktunya , jangan dipaksain ke posisi yang terlalu tinggi , dan lagipula seorang pejabat tinggi harus bijaksana. jangan ditirulah gaya mulyono , anaknya masih walikota di 5 kecamatan langsung di katrol jadi wapres (melanggar uu pula/kasus mk). dan kaesang juga , hanya 2 hari gabung dengan parpol langsung jadi ketum psi , coba dimana logikanya . tidak ngelewatin sebagai ketua dpc , ketua dpw / ketua bidang , ketua dpp . kan benar-benar mengaco , dari sisi umur juga masih sangat belia",C1,1
keluarga tidak jelas! bisanya ya satu keluarga menghancurkan negara sebesar indonesia?,C3,3
orang yang akan hancur sendiri ya orang macam ini.. 🤣,C2,2
​ -u4s lisa melawan bajingan politik yang pernah berkuasa.akhirnya otak lisan yang dicuci dengan mafia politik.😂,C2,2
😂😂 kalau pintar pasti terpilih.klu pintar . jakarta pasti maju. kalau pintar.gak mungkin jadi pengangguran,C4,4
kadrun pasti tidak suka orang cerdas yang penting seiman dan bisa rakit bom,C3,3
kadrun mah tidak mau masuk tni gaji nya kecil,C3,3
"​ -l7c kok bisa sampai 2x, sekali saja sudah kelihatan, itu lah penting nya harus cerdas bisa memgamati jangan asal percaya cover nya saja, di lihat dari asal usul nya saja padahal sudah tidak jls, alhamdulillah saya tidak pernah milih, tidak ikut andil membantu kerusakan negara, semoga hisab ku kelak ringan",C1,1
mengurus teroris kkb saja mencret apalagi kelak kalau harus memerangi gabungan anak cucu pki yang sudah terlatih.lihat saja kkb berapa banyak yang berhasil menyusup di institusi tni sampai akhirnya kembali ke kelompoknya setelah dilatih menjadi tentara.,C3,3
kenapa jkw belum diadili semua yang korupsi selalu menyebut jkw pengkhianat perusak nkri rakyat miskin pekerjaan susah yang kayak yang dekat dengan jkw koruptor. kelas kakap,C4,4
"kalau kdm, jadi ri 1 .. semua wilayah di indonesia di hijaukan.. tambang yang merusak alam akan di hentikan.. intinya apapun yang merusak alam di negara ini akan di hentikan..",C1,1
resxi channel mau diakui atau tidak anggota pki mayoritas beragama cuma mereka salah pilih partai !,C3,3
sampai nanti jamannya ayam bisa jalan mundur. mustahil. indonesia bebas dari koruptor berjamaah.! satu2nya obat adalah desakan rakyat nkri mayoritas turun ke jalan untuk revolusi hukum guna goal kan uu hukuman mati koruptor minimal 100juta dan uu perampasan aset koruptor+keluarganya dimiskinkan. selama kedua uu diatas belum ada. selama itu pula koruptor berjamaah dan dpr akan tetap merajalela menggerogoti kekayaan negara/uang negara.,C1,1
anies baswedan🎉🎉,C4,4
"insya allah, indonesia sehat walafi'at akan memilih capres pribumi asli indonesia !",C3,3
kita juga tidak butuh pemimpin yang cuma bicara doang🙏,C0,0
"polisi, anggota kpu solo, kpu jakarta, kpu indonesia, rektor dekan ugm, ketum pdip dan anggota yang mencalonkan jokowi, semuanya harus masuk penjara. 😂",C0,0
"yang jelas mbg lumbung korupsi sudah molai belum merdeka setelah merdeka indak ada namanya mbg ya indak ada anak mati kurang makan, udalah mbg hentikan mengurusi saja pendidikan kesehatan dan memperbaiki jalan jalan yang hancur lubang lubang",C1,1
"perlu hati hati mencerna statement politik, pagi sore beda",C0,0
ahmad sahronii gagal nalar setetmennya kasihan deh luu👻,C2,2
yang disurvey oleh lembaga survey milik jokowi tentang popularitas gibran 72% khusus anak sampai dan sd serta tk.lembaga abal-abal menipu rakyat yang waras kita mentertawakan saja.🤣,C3,3
"itu belum tentu , di negara demokrasi yang menentukan itu rakyat , siapa yang terpilih itu kehendak rakyat . kwalitas pilihan rakyat itu gambaran kwalitas rakyat pemilihnya .",C0,0
5:17detik horor😂,C0,0
"bersumpahlah kepada allah kalau tidak butuh polisi jangan koar2 dimedsos. jadi kinaekuen jangan berlindung dibalik komentar basi dari para buzer ,mental penjahat",C3,3
"lengkap sudah bobroknya rezim ini, hutang berjibun, koruptor leluasa, pengangguran luar biasa, harga beras naik luar biasa, tunggulah pengadilan luar biasa setelah mati",C2,2
memang tidak pantas jadi wapres namun pantas jadi presiden 😅,C1,1
"tenanglah saudara2ku ini ursula sebentar lagi bakal kena azab, santai saja kita, kita lihat matinya dia gimana, orang yang menyusahkan orang lain itu matinya gimana, kita lihat saja",C3,3
kalau masalah isi perut saya kira jadi kuli juga makan.klo koruptor itu bukan masalah perut tetapi mmperkaya diri,C2,2
"kalau memang niatnya seorang pemimpin itu mau membohongi rakyat, maka pada akhir jabatannya akan membawa petaka buat dirinya sendiri dan keluarga nya, jadi tunjukkan lah kalau memang punya yang aslinya biar selesai masalah ini, jangan anak bangsa ini di adu domba dan di kriminalisasi dan di penjara.",C4,4
"parah. bung ferry bikin petisi untuk hal ini, saya siap tandatangan.",C1,1
kalau firli makan suap itu sangad mengkianati rakyat pantas dihukum mati kalau benar kurupsi ini sangad menyakkati rakyat masak ketua kpk makan uang suap ini menghancurkan kpk sebagai pembrantas kurupsi lembaga terpercaya dan lebih menyakitkan lagi karena kpk lembaga kepercayaan rakyat.akirnya pemberantasan kurupsi kurang greget dan mati suri. tangkap firli usut tuntas kasus ini sangad mencederai marwah kpk dan negara yang mempercayainya.,C3,3
pemerintahan tidak ada lagi pejabat..yang ada penjahat,C2,2
"licik juga pemerintah pusat . duitnya yang dipakai dana2 desa2, tetapi proyek2 infrastrukturnya di monopoli pusat kalau rugi yang disalahkan dan dirugikan desa2nya ?!? pantas saja ada fenomena aneh bangunan kmp dibangun di atas bukit atau daerah2 sunyi . apa tidak dimasukan dana pembelian lahan dan konsultan strategi marketing kah ?",C1,1
-lk5fs buzzer 100m ya,C3,3
"sudah putus urat malunya. saya hanya bisa berdo,a semoga tidak ada lagi yang namanya kampret/cebong.yg ada kita satu sebagai anak bngsa.saling mndambakn kedamaian.",C0,0
"kenapa bukan jaksanya yang kita tuntut atas ketololan mereka. so, better pemuda2 kreatif indonesia stop kerjasama dengan negara, bikin karya sendiri, berkarir sendiri di luar negri, tidak usah ikut-ikutan sama urusan negara. biarkan negara terpuruk dengan ketololan mereka sendiri",C3,3
"cara prabowo mematikan perekonomian rakyat kecil penjual asongan, cilok , siomai, dan jajanan anak sekolah dengan proyek mbg, dan sekarang sedang menggebu2 mematikan warung2 dikampung dengan proyek koprasi merah putih. rezim yang jahat dari asalnya setelah berkuasa pun tega membantai ekonomi rakyat demi kekuasaan dan kantong kroninya.",C1,1
bubar kan dpr penipu ranya tidak ada gunanya,C2,2
"ini kesaksian saya : jokowi saya duga sudah kerjasama dengan p3nj4j4h lsr4ei disupport oleh mamarika sejak awal jkw menjabat di 2014, melalui agen lsr4ei yang datang di 2013 di tangsel & kabupaten serang, banten, memakai ""topeng"". pdip mungkin tidak mengusungnya lagi di 2019 jika mengetahuinya, itukah penyebab kemudian jkw seperti pamer kedekatan dengan jin ping? (tapi malah berbarengan munculnya konglomerat hitam yang menguasai sda ri & hukum ri)",C3,3
"kalau melihat debat ini.kubu 01& 03 jelas-jelas pecundang sejati, ujung2nya menyerang personal pak prabowo. yang lebih parah 01, banyak bohongnya, fitnah. pertanyaan saya masih pantaskah 01 & 03 menjadi pemimpin ?✌️✌️✌️✌️✌️",C3,3
gagal test kebangsaan sama saja dengan penghiqnat,C2,2
"tukang catut, numpang popularitas, istan tanpa kaderisasi. suka menjelekkan partai lain. plinplan. komplit kan bro",C2,2
"teori bapak prof ini memang sangat logis untuk orang yang punya pendidikan, kalau mulyono jangankan punya pendidikan yang benar dan baik, ijazanya saja diragukan keasliannya. mana mungkin dia bisa berpikir waras",C0,0
terus kamu percaya jaksa agung dari nasdem tu?,C0,0
saya salah fokus ke boneka yang jatuh sendiri di menit 5:17 😭,C0,0
"wajar saja negara ini lebih buruk dari sebelumnya,karna sejak awal wowo koar2 dia kelanjutan mulyono,yg ada di benak wowo,yg penting jadi presiden mau hancur mau tidak masa bodo",C1,1
"mantap pak, tidak perlu bisa bahasa inggris. cintailah bahasa sendiri.",C0,0
"​​ -zv2qi junjunganmu gila kekuasaan yang tidak kesampaian 😂 wilayah seupil saja 70 tgupp ,, komisaris komisaris daerah , tim sukses semua. sudah begitu . kelebihan bayar 😂😂",C3,3
"betapa bodohnya , negara merdeka tetapi tidak berdaulat .",C1,1
"tempat cuci uang oligarki.oligarki itu tidak ada yang kayak sebenarnya. awalnya mereka usaha meminta surat sakti ke kementerian dan bumn terkait untuk ngeruk tambang dan laut dan penggundulan hutan (pelanggaran uud 45 pasal 33 yang harusnya dihukum mati, uang masuk semua ke swasta/individu, negara cuma dapat retribusi dan pajak), surat dibawa ke bank, maka dikocorkanlah uang miliaran. modal maling dan kongkalikong dengan pejabat dan aparat. saham juga gorengan semua, ada yang sampai 20x dari fundamentalnya. terus dikasih tahu tuh kapan saham mau naik ke gibran dan kaesang dan kroni-kroninya. ya cepat kayak lah. uang yang berputar itu semuanya uang maling.",C3,3
yuk segera periksa kpk.mentri kacau,C1,1
setuju betul,C0,0
yang suka nyinyir pak jokowi orang aneh. mending mikir diri sendiri.,C2,2
"dpr menari bersama koruptor. ""nonaktifkan"" adalah diksi licik gerak tipu partai terhadap rakyat secara permanen. eksekutif konoha, legislatif konoha, yudikatif konoha, tidak cukup integritas sinergitas untuk bangsa dan rakyat konoha.",C3,3
orang.ini.asal.bunyi.coba.bandingkan.dng.kinerja.trisutrisno.hayo.bagus.🎉mana.jangan.asal.bunyi.yang.fair,C2,2
"benar-benar tidak punya malu si joko, fufufafa dan keluarganya.. jadi wapres lewat tipu-tipu, tidak punya kapasitas tetapi memaksakan diri menjadi wapres,, makin hancur negara ini 😮",C4,4
pki ketika jadi jenderal maka mereka akan kudeta presiden dan mereka akan rebut indonesia,C3,3
"kita harus melestarikan budaya asli indonesia: sebetulnya pak jokowi sekedar kepala pemerintah, sedangkan kanjeng ratu megawati sebagai kepala negara,.!!",C2,2
duda meresahkan rakyat.??,C4,4
​tp harus ikut aturan & uud yang telah di tetapkan sebelum nya seperti kata pak ganteng seharusnya presiden bijak & strategis dalam hal ini .​ presiden prabowo jangan ikut ikutan jokowi yang sudah merusak sistem tni..!! ini baru narasumber adil tidak berpihak ke jokowi 🔥🔥,C1,1
"​ tidak ada urusan partai bro . yang anda harus tahu .. brevet rangers & lulusan akmil kopasus lagi tetapi belum pernah tour of duty dan herannya cepat naik pangkatnya .. ini negara , bukan perusahan pribadi .. 👌",C0,0
aneh sangat,C1,1
"ganti nama saja pah jangan dpr, ganti dmp saja (dewan mewakili partai)",C0,0
"51:49, ini dipotong kayaknya.",C4,4
setuju sama bang fahri hamza angota dpr wakil rakyat bukan wakil partai yang di perjuangan rakyat bukan partai. pejabat publik juga sama presiden guburnur bupati wali kota pejabat rakyat bukan pejabat partai tunduk kepada kehendak rakyat bukan kehendak partai,C1,1
"pelanggar lalulintas tidak mungkin bisa menegakkan peraturan lalulintas, pelanggar hukum mana mungkin bisa di harapkan untuk menegakkan hukum,",C4,4
"jaksa seperti ini, bukanya jaksa tidak tahu bisa jadi pura-pura tidak tahu. ini hanya dugaan saya ya",C4,4
"​ bro, satu-satunya gubernur yang menerima pengaduan-pengaduan rakyat jakarta berbagai permasalahan masyarakat dicatat oleh tim tgupp hanya ahok, sedangkan anis close the door. salam nkri salam bhinneka tunggal ika salam pancasila",C1,1
varel sudah jadi aktor saja kalau tidak jadi model lg.,C0,0
satpam merangkap baby suster,C4,4
"bagaimana lagi cukup 1 priode,kacau sekali lihat saja sekarang amburadul,militer2 dimana2,mana ada negara maju dibawah militer pasti bodoh dan miskin",C1,1
"saat dia bicara hilirisasi digital, dia sesungguhnya tidak tahu apa yang dia ucapkan. hanya dipaksa ngafalin.",C4,4
"ya..allah..lindungilah bapak amin rais dari pengkhianat bangsa, di lindungi dari para penjilat, koruptor, dan dari preman bayaran..",C3,3
pokoknya anis kalau bicara top cer. tetapi prabowo gibran ada hati,C0,0
baru tahu saya haji isam bersepupu dengan amran,C0,0
"untung ada professor zulfikar yang cerdas ini, yang sangat mengedukasi seluruh rakyat konoha, yang dulu dibodoh bodohi kaseng gemg osloh konoha di wakanda",C2,2
hanya orang goblog yang percaya dengan pembohonh dan pembohong paling takut kalau berbicara sama orang pintar,C3,3
"kok bisa begitu bosqu, saya berani taruhan kalau anies bisa terpilih dengan cara murni ( jangan pencitraan, maksdnya menjelek jelekan lawan )"" ayo berani taruhan bos sama saya soal siapa yang jadi gunernur dengan murni",C0,0
"sudah 2x saya memilih bpak jokowi pada saat pilpres,. bukan karena bapak jokowi d'usung partai pdi. ttpi murni karena pilihan hati..!! saya bangga memiliki presiden seperti bpak jokowi.. seandainya saja saya bisa bertemu dengan bapak jokowi.. jangankan mencium tangan'ny,,. kaki'ny pun akan saya cium dan bersujud di kaki bpak presiden..!!",C0,0
"irma daymon maling tetap maling itu kan dlu.sebelum diadili, setelah menyelesaikan kasus hukum bagaimana hayo coba saya tanya balik?",C2,2
"pelajaran buat relawan,! bahwa partai lah yang memilih jokowi, baru di pilih rakyat,! tanpa partai jokowi bukan apa2, !",C2,2
"fub saya setuju bang seharusnya koruptor itu jangan dikasih harapan lagi biar memberikan efek jera, masalah nya bukan pada nilai besar atau kecil dia korup. kalau pejabat sudah berani korupsi sama saja sudah tidak takut sama tuhan, jangan kan kerja benar orang korup tidak bkalan kerja benar rakyat saja dia bohongi ko. mau di cerna bagaimana lagi orang jelas kok prabowo bilang ""korupsi tidak sberapa tidak pp"". ingat tidak dulu prabowo dipecat dari kopasus gara dia melanggar?. hanya kata pemecatan nya diganti jadi lebih halus karena posisi nya sebagai mantu presiden., dia sudah terbiasa melanggar aturan saya takut kalau prabowo jadi presiden semoga tuhan melindungi kita dari pemimpin yang haus kekuasaan",C2,2
keren ini ina liem. pintar dan jeli. kasihan mas nadiem dan ibams yang katanya dikriminalisasi abis2an. aparat hukum kok begitu? (ingat kuwalat dan hukuman di alam lain nanti).,C0,0
indonesia.diberbagai lini sudah dikuasai mafia.,C1,1
ngotot pertahankan mbg padahal apbn hancur ada apa sih di balik mbg,C1,1
"lebih kasihan masyarakat nya bangsa ini gusti, jadi korban presiden nya yang sampai begitu orang begitu akan rusak dengan sendirinya dan saya percaya tabur tuai itu ada om gusti allah mboten saree😢😊",C2,2
insya allah kalau anies baswedan terpilih jadi presiden ini dulu harus di bereskan di mulai merevisi uu kpk yang dulu pernah di revisi. untuk membersihkan kemungkaran di kpk.,C0,0
ya seperti itu lah kenyataan nya di negara kita ini orang orang nya om 🤔,C4,4
malu2 niye. nanti kalau para cebong berkehendak kenapa tidak. inngat tidak waktu beliau jadi gubernur dki dulu. beliau tidak akan maju sebagai cln presiden kenyataannya bagaimana sudah 2 periode ingin lagi tapi malu2,C3,3
saya yakin pak nadim dikriminalisasi. bebaskan pak nadim,C3,3
"kayaknya rakyat jatim, jateng dan jogja habis2an secara brutal memilih mas gibran 🤭",C0,0
maling/korup kok tuhan🤔 h. menteri agama yang hafal kitab saja korup kok h.,C4,4
"fungsi dpr apa sih? dimana2 komentar rakyat soal dpr tuh jelek semua, dimaki2😢",C1,1
"bubarkan saja partai coklat itu, heran saya tiap hari pasti ada berita bikin gaduh sama seperti preman",C3,3
"ya di matiin lah mic nya orang ngebacot tidak udah2,waktu ngebacot nya sudah kelar,gantian lah sama yang laen,klo mau ngebacot terus,bawa mic saja sendiri,nyanyi2 di markas demokrat",C2,2
"terlalu daging ini!, dari makro & mikro, national interest, national approach & diplomasi, geopolitik, geoekonomi, semua dibahas disini, beliau memang presiden yang seharusnya!",C0,0
"pejabat dilingkup kekuasaan apakah tidak berbicara , tidak musyawarah satu sama lain dalam urun rembug memutuskan masalah negara, gayanya pada sok kuasa sok pintar di media , tahi semua ternyata",C2,2
"bersatulah rakyat indonesia, betapa mengerikan keadaan bangsa kita.segala lini sudah rusak, sadar lah, mari kita lawan kemunafikan jokowi",C1,1
"mualai dari sekarang, semua anggaran pengeluaran gaji jongos negara, harus acc rakyat, karena itu uang rakyat😠 jumlah gaji jongos sebesar umr",C2,2
"baru kali ini saya 100% setuju dan kagum terhadap komen youtube yang begitu menawan, kenapa?. itu karena ulasannya yang menggabungkan antara kekurangan dan yang menunjang kekurangan itu sendiri dibandingkan secara elegan. (padi kopong dan tikus padi ,burung pipit & wereng)",C0,0
karena ada maunya waktu waktu ek,C1,1
"gila gila gila. orang cerdas yang mau membantu indonesia, malah dikriminalisasi 🤯🤯",C2,2
semangatnya tinggi sekali bela keturunan pki pikirin tuh irian jaya masalah harus diselesaikan secara tuntas,C3,3
"ayok seluruh rakyat, kita harus bertaubat kepada allah agar bangsa kita bisa diselamatkan dan di tolong allah dari kehancuran. dan jangan terlena dengan pencitraan, dulu p. jokowi dicitrakan orang sederhana, jujur dan merakyat. faktanya tidak demikian, malah jelas fakta sesungguhnya kalau p. jokowi adalah orang yang sangat rakus dan licik dan bengis terhadap rakyat nya. jangan sampai terulang pada pencitraan tedi, tiba-tiba kelak menjadi presiden.",C1,1
"mangkin enak yakin bro , saya tidak benci jokowi tetapi melihat partainya jangan buta bro jalan tol di bangun memang kamu punya mobil ? bayar lagi",C3,3
mereka tidak paham itu dan terus didoktrin dengan adanya janji janji serta blt dll..menurutku ini penghinaan dan menjijikkan !! makanya projo itu masih kuat dan orang orangnya tidak punya prinsip!! nalarnya sudah pada sakit !gw sebgai pendukung buruh dan oposisi paham itu kok. betapa menjijikkannya negara ini kalau sudah paham cara kerja negaranya dan sdm nya.,C2,2
kriteria urgent bagi mereka kayaknya beda dengan urgent menurut kacamata dan logika umum bro..,C1,1
mirip e ijazah jokowi itu ada (ga tahu asli/palsu) tetapi ipk nya hancur jadi dia malu untuk nunjukin,C3,3
ini pak bahlil jugá bisa jadi president ri❤,C0,0
​liat sekarang bagaimana pak wowo jadi antek antek aseng wwkwk,C3,3
"sudah mulai pikun, itu kan kroni2nya yang punya dapurnya. untuk cari uang buat 2029 nnti.",C4,4
sekarang prabowo terpilih sori ye❤😊,C0,0
"tidak menyesal disebut rakyat +62 konoha. ini fakta karakter konoha. tidak propresional,arif bijaksana, mudah di adu domba 🐑.. termasuk pemegang kekuasaan. setelah dirangkum diskursus inii. (pemerintah merasa di negeri ini dengan adanya kasus ijasah ini biasa"" saja, ""pembiaran,,) padahal intinya masalah hukum indonesia sedang di uji. (di obok obok) penguasa turun gunung lahh. selesaikan, jangan negeri ini jadi gaduh.,, kacau, masalah sepele tidak bisa diselesaikan, apalagi masalah besar..",C1,1
bukan orang politik.soalanga.nadiem.. dia non partai..,C0,0
ini orang sirna dari muka bumi nkri..negara enggak akan amburadul seperti skrang..,C3,3
"yap, bikin program/kebijakan sebagus apapun kalau sistem peradilan nya di isi sama orang-orang yang tidak kompeten dan dzalim, tidak akan bisa bener!",C1,1
"rusaknya bangsa itu jika pancasila hanya diklaim oleh kelompok, karena itu tugas semua warga dan rakyat bangsa indonesia.",C1,1
dpr sarangnya koruptor,C2,2
assalamualaikum hadir langsung menyimak host,C0,0
"​ padahal prabowo sendiri sudah mengingatkan pendukungnya buat berhenti demo, tetapi tetap saja ada yang demo. lah sekarang, noh pendukung anies demo sampai mengatai presiden, ada dia memberikan tahu pendukungnya? jangan nutup mata😂",C0,0
rg..halu tingkat dews,C4,4
mungkin karena prabowo sayang dengan teddy & menghargai pelayanan nya selama ini.. dan teddy juga sayang dengan prabowo karena pencapaian karir cemerlangnya dibawah prabowo.,C1,1
mbg dan koperasi merah putih adalah dalang koruptor terbesar di bangsa ini.. dan mematikan umkm di desa2. pemerintah sekarang parah sangat dan kehancuran indonesia ddipn mata..,C2,2
agen intel mossad bernama george soros terus berusaha menggagalkan program makan bergizi gratis karena takut indonesia jadi negara maju,C3,3
tiga serangkai pembantu mafia petinggi pijak kita terus. wajib disikat semua.,C3,3
dibayar kalau tidak ada uang mana mau jadi relawan 😂,C4,4
saat eggi sudjana bentuk hmi mpo merasa paling islami dan mungkin menuduh hmi dipo tidak ideologis. cek bukunya karya eggi seingat saya judulnya islam fundamentalis. ketika eggi bertemu jokowi di solo apa eggi sudah tidak lagi aktivis islam fundamentalis?,C4,4
di babat habis sama pigai hahhaha,C0,0
"salut anis..👍. dulu orang-orang menertawakan anis memberi usulan dp 0% rumah untuk orang jakarta khusus kelas nenengah kak bawah.dan sekarang terealisasikan banyak pembangunan rumah subsidi dp 0%.terkhususnya ada bekasi dan banyak orang jakarta ambil rumah ada sini. walau pun pembangunannya bukan ada jakarta,mungkin karena lahan yang sudah menyempit.namun banyak orang jakarta dan orang luar jakata yang bisa ambil rumah. semoga seluruh indonesia terealisasikan. kalau ada yang bilang dp rumah 0% itu tidak mungkin,berarti orang dia bodoh.yg tak tahu kabar.dan tidak pernah cek.",C1,1
"betul sama roy, kala itu kalau keluarga pernah kesenggol palu arit, proses untuk mndptkan ktp sulit, saya lahir tahun 56 dan mengalami kkejaman pki",C3,3
"angin kok di kendalikan,yang di tanya pak prabowo tentang anggaran segitu banyak nya apa hanya bisa untuk beli data data saja ya😅",C0,0
the kadruners,C4,4
sudah jelas di depan mata rakyat bahwa ada main antara tedi dan prabowo . tinggal rakyat bergerak arak hancurkan ranjam. hahahaa,C3,3
bos ke 2 terakhir 🗿,C4,4
tolong kalau memangnya tidak layak jadi dpr nenayan petani diangkat jadi anggoda dpr kalau terus begini akan jadi apa indonesia ini .,C1,1
​ -b8s anak buah kang kayu,C4,4
mantap grace,C0,0
kan memang mulyono yang ngenalin tedi ke wowo,C4,4
justru kali ini pihak polisi benar bro. itu yang tidak di lulusin anak perwira polisi (kombes) makanya bisa sampai di sidang di dpr bukan dari keluarga ecek². itu anak tidak di lulusin mungkin karena bersikap arogan dan manipulatif terlihat dari kesaksian polwanya tadi. justru ini pihak polisi junior (polwan) lawan petinggi. polwan itu masih junior jadi justru kemungkinan dia yang jujur. jadi ini kayak penggiringan opini saja kalau pihak kepolisian salah lawannya masyarakat biasa. padahal mah aslinya polisi junior(polwan) lawan petinggi nya . jadi jangan mau ke giring opini publik kelihatan kosongnya,C3,3
"​ biar tidak sama seperti ahy (gagal nyawapres), walaupun bapaknya pernah jadi presiden, tetapi tntu pengaruhnya tidak sekuat presiden yang sedang menjabat 😂",C1,1
termul tidak sudah malu'a 🤣🤣,C4,4
apa yang kaw mengomongkan roy sudah dilaporkan bos ke kpk oleh dedi mulyadi.terbukti? tidak bos.jadi kalau omon2 semua juga orang bisa.seperti anies juga pernah dilaporkan.. apakah terbukti? juga tidak bos.kalo menilai obejktif.saya tidak suka anies tetapi tidak bisa juga cuma omon2 bilang anies korup. ternyata kan tidak terbukti oleh kpk. begitu juga mulyono family bos. jadi yang keluar dari mulut si roy cuma kebencian yang diulang2. rela tolol asal benci mulyono family.,C3,3
"sudah tidak sabar oknum-oknum yang ""lapar"" dikerangkeng. kpk harus gerak cepat, sebelum kerugian negara semakin besar.",C1,1
merusak mood saja sebut2 belimbing sayur,C1,1
sekarang (3 bulan kemudian) semua jadi terang benderang kalau semua by design oleh keinginan pak lurah dan bohir singapura untuk membangun dinasti politik. 😜👎🏻,C4,4
"yang buat aturan itu kan kpu, coba kpu bersikap fair dan tidak memihak, saya rasa tidak akan ada mantan koruptor yang jadi calon legistatif",C2,2
​ -zo2ws aamiin3x allahuma amin,C4,4
"nah kamu ketahuan kan belangmu, fufufafa mengatai prabowo tidak mengaku sebagai fufufafa, sekarang tidak mau mengaku lagi kalau lulusan sd, smp😅",C3,3
termul ya termul tetap termul tidak mungkin sadar karena mereka sudah nyaman bermain disitu,C2,2
seharusnya narasumber diberi kesempatan untuk bicara dan menjelaskan. jangan dipotong-potong saat narasumber sedang menjelaskan.,C1,1
"saya sebagai rakyat miskin, ingin tahu sekali cara kerja mereka orang dpr hari"" nya apakah mereka duduk santai sambil ngopi"" atau mereka ada di jotel"" lagi main prut ""an",C2,2
"senangnya tedy, jadi topik hangat di bocor alus. makin sering dibicarakan jadi makin viral deh",C4,4
"maksudnya terbaik dalam menangani wadas dan menjadikan jateng masuk salah satu dalam katagori provinsi termiskin di indonesia. 😁 | sulit mencari prestasi pak ganjar, di pemilu 2024 mungkin suara pak ganjar hanya 18% rakyat yang dukungnya",C1,1
enak sekali ya. gaji besar saya mah kerja kuli gajih cukup buat makan saja badan serasa remuk,C0,0
mungkin maksudnya semakin jelas menampakkan bukti kebenarannya. maaf kalau liru,C0,0
tetap fokus pada fakta dan jangan biarkan isu yang belum jelas memecah suasana.,C4,4
orang kalsel mah tidak kaget .. mungkin sudah rangking 1 m4f1 4 di 1nd0,C4,4
tidak ada link tidak barokah😀,C0,0
ya iya lah karena karena otak kamu sm.cb kamu tanya koh lueis sama-sama cina tetapi dia btl2 seorang keturunan cina yang nasionalis. sayang orang sudah gaada.,C3,3
sekarang bagaimana 😂 memilih presiden pembela koruptor,C3,3
"dari pemimpin sampai warga nya suka joget .gemoy lah ,wadidaw lah .aneh kelakuan bangsa konoha ini",C3,3
kalau bisa jangan pilih semua anggota dpr.,C1,1
"refli dan roki dibikin dongo,,jangan ikuti ya..",C2,2
"maju terus perjuangannya krmt dr.roy suryo ,titisan pejuang akan selalu punya dna pejuang , jak -sel hadir",C0,0
yang ada ganti itu posisi maruf dan mahfud yang ada bpip. karena kosong. jadi meminta pak jokowi tunjuk penggantinya. karena yang ada di bpip itu orang-orang yang ada tunjuk oleh jokowi. jadi ibu mega tidak mungkin nunjuk orang untuk gantikan dua posisi yang kosong tsb. makanya mintanya ke pak jokowi.,C3,3
"setuju bro, memang parah si kodok dan kel.",C4,4
mungkin jkw ingat masa lalunya dapat peluang dimanfaatkan,C4,4
anjani putri ha..haa..cuma di buli saja sudah mirip kasus besar banget.ecek2 itu..gimana waktu jaman suharto perjuangan bu mega sampai harto lengser.bhkan mau di bunuh pun tetap santai.ini cuma di bully.ha..ha..ecek ecek..bro.,C3,3
makin kacau yang kedepannya,C1,1
"indonesia habis2an diberakin jokowidodo, rusak semua dibuatnya. dia gencar bayar para ternaknya untuk membuat image kalau jokowi itu orang benar.",C3,3
dan bagaimana sekarang hasil kerja sigemoy puaskah😂,C0,0
saya pilih 02 karena saya sakit hati partai pdi bilang yang di ketuai oleh megawati dia bilang kita tidak bituh pendukung muslim nah bagi yang merasa dirinya masih muslim pasti sama sepikiran dengan saya,C3,3
aiman tv sebut anis pembohong,C3,3
bahlil selalu tahu bagaimana menempatkan diri sebaik mungkin,C4,4
"apa yang nanti dirasakan oleh korban²/keluarga korban pki nanti,,",C3,3
"kalau mahluk ini sudah mati menemui ajalnya,mungkin negeri akan terasa tenang,krn dari dulu dialah salah satu biang kerok keributan dan kegaduhan negri.",C2,2
"tebakan dan narasi tempo banyak yang gagal terbukti,",C1,1
"halah bukan keturunan pki saja berianat,,ajudan nurut atasan buat nembakin bawahan,,",C4,4
"wkwkwkk. iyupp. pembisik2 nya sebetulnya orang-orang lama yang pada berkiprah sejak awal-awal era reformasi 19-2001. kalau dicermati secara jeli, era mulyono kemarin itu sbtlnya banyak yang sifatnya pengulangan modus2 yang terjadi di era gusdur (pencitraan-pengkultusan buta lewat gorengan media & komunitas pemuja fanatik, nepotisme & korupsi yang memanfaatkan celah2 tata aturan), tetapi dengan versi yang sudah diupgrade dan lebih halus/ ""refined"". orang-orang dan pihak yang jadi motor & pilar penopang kekuasaan mulyono pun isinya sbtlnya orang-orang lama yang dulunya pilar2 pemerintahan gusdur : 1. di bidang hukum & akademisi/kaum intelektual : ada mpud (mantan menhan sekaligus menteri hukum-ham pemerintahan gusdur). 2. di bidang militer & diplomasi ln : ada lord luhut, jenderal yang mantan dubes singapura & menteri perindustrian-perdagangan kabinet gusdur. 3. bidang sosial & agama : ada said aqil & duo gus yaqut -yahya staquf (menteri seskab merangkap jubir gusdur) dan anaknya gusdur (yeny wahid). 4. di bidang ekonomi & keuangan : ada mafia oligarki & para taipan 9 naga. .",C1,1
-bi1cy om wowo yang aneh .masa gibran itu habib rijik .novel bakmugmin atau rocky gerung di orang cerdas,C2,2
gila memakai sound crush gear 🤣 bikin nolstagia 🤣,C4,4
"​ benar, anda benar sekali, jakarta, khususnya tanah abang kembali berantakan sejak si anies menjabat. jakarta telah mengambil keputusan yang fatal saat itu, dengan memilih si anies baswedan.",C0,0
"memang, akun sosmed saya instagram sama tiktok, kena banned semua gara-gara sering kritis terhadap kebijakan2 pemerintah. sekarang jadi akun anonim semua, meski anonim saya tetap kritis demi membukakan mata para rakyat, hanya impact nya jadi berkurang karena terkesan akun bodong",C0,0
"memang pengadilan dan hukum ini sangat menjijikan dan nilainya sama dengan 0 , tidak tahu lagi jadi apa negara ini",C1,1
"partai apakah yang hidupnya disuapi sama oligarki, kemana telunjuk oligarki mengarah kesana ia dan gerombolannya mengonggong. lihat cuan oligarki air liurnya menetes goyang2 ekor senangnya bukan main",C2,2
bagaimana dengan koruptor? sahroni sahroni,C3,3
"ih. kamu baweell,. ingin tahu iihh. 😅😅😂.",C4,4
kayaknya si iya,C4,4
"memang sangat-sangat tidak pantas gibran fufufafa duduk sebagai wakil presiden dilihat dari sudut ilmu pengetahuan minim, penguasaan masalah tidak mampu, kinerja nya tidak keliatan..",C1,1
yang paling parah memelihara buzzer yang selalu membela kecurangan dan kelicikannya,C2,2
hanya di jaman ini dan acara ini anak presiden mempersilahkan tamu untuk membully pemerintah yang dipimpin bapaknya sendiri. no bawa perasaan dan no lapor culik tangkap. bahkan di beking dia sendiri 😂👍,C0,0
"justru.ucap.prof.amin rais yang berpenfalaman,nkri sudah malang melintang berpolikan nkri. jadi.lokomotif reformasi.1998.maka daripada itu keyakinan kami,m2micu raktat aksn tdrjadi revolusi sosial contoh cina thn.1978.ada revolysi kebudayaan,pesan amin rais,niezen berpendapat adat babgsa i dinesia itu karakter nation buildingnya senang amok. pada,presiden prabowo.sebelum wafat si.p.amin rais. nkri merobah sistim demokrasi,otoriter jadi demokrasi civil.sosiety.",C1,1
indonesia diperdaya rezim berbohong,C4,4
"gibran jujur saja pada dirinya sendiri. kebohongan ditutup rapat2, di poles setebal mungkin, tetap akan terbongkar juga.",C3,3
amin ya robbal alamiin,C4,4
"bravo.. ! pak panglima jenderal andika tegas..!. pki organisasi terlarang. mohon pak tni loyalis/anti pki gemboknya(tapmprs 1965 no.25) dijaga diperketat. pki mulai mengorek mengharap berkarat. waspada..! ada tni merah(berpolitik) berbau pki, mungkin saja kelak ada untung untung baru hakiri pki berulah lagi membunuh jenderal terbaik bangsa.",C0,0
setuju sekali kapan anak bangsa jadi pintar,C0,0
"terlepas baik dan buruknya seorang pemimpin yang memiliki karakteristik dan gaya leadershipnya masing-masing, saya melihat pak surabaya merupakan seorang militer yang berwawasan sipil, tidak mudah memang memiliki pemimpin sekaliber beliau, tetapi tetap saya merinding mendengar beliau bericara dengan wawasan internasionalismen yang koheren dengan wawasan kebangsaannya, respect pak",C0,0
roky sehat selalu bersama akal sehatnya,C4,4
"yang bukan saja bisa terpapar komunis,apalagi yang keturunanx ?",C3,3
"yang paling penting kesejahteraan masyarakat, pembicaraan yang berbobot",C0,0
"sesama temennmain kelereng mungkin masih mending kalau bicara gitu. ini kepala negara loh, didepan banyak orang saja dibilang begitu",C4,4
saya setuju dengan pendapat anda..kewaspadaan itu penting agar tidak terjadi lagi peristiwa pemberontajan anak cucu pki..,C3,3
"وعليكم السلام ورحة الله وبركاته لبسم الله الرحمن الرحيم ‏semoga yang bohong dan yang jujur dibuka jati dirinya oleh allah swt. ‏semoga yang dlolim, yang sombong dan yang merusak negeri ini segera dibersihkan dan dimusnahkan oleh allah swt. ‏semoga orang orang muslim dan orang orang yang baik diselamatkan dari kejahatan orang yang dlolim, hasud, fasiq dan para pendosa lainnya oleh allah swt. اللهم صل على سيدنا محمد وأشغل الظالمين بالظالمين وأهلك الظالمين بالظالمين وأخرجنا من بينهم سالمين وعلى أله وصحبه اجمعين",C0,0
kalau saya sih masih terharu dalam debat ini sehat selalu pak prabowo ❤❤,C0,0
tahun 1945 baru merdeka berjalan terus penya presiden ir. wakil presiden juga sarjana s1. ironisnya setelah merdeka puluhan tahun yaitu tahun 2024 wakil presidennya bukan sarjana 🤦 malahan ijazah sama nya juga konon kabarnya masih bermasalah. parahkan. kemunduran .,C3,3
"yang kemarin kok tidak sebacot ini dek , o iya kebencian ya buka. penilaian performa",C1,1
uuperampasan aset koruptor tidak kelar2 dpr yang bakal selesai,C3,3
omongan nya pak bahlil sering kontradiksi. lahdala,C0,0
20:55 hemm sudah pernah dibahas sama pak anies baswedan. tetapi 58% memilih goyang gemoy,C0,0
negara konoha masih sibuk mengurusi ijazah palsu 😅,C2,2
"karakter ""model"" si rocky gerung ini terletak dalam kemampuan ""bermain dalam istilah2 filsafat"" yang kebetulan sangat dia kuasai dalam kesehariannya sebagai dosen tetap ilmu filsafat di ui dan dosen ""terbang""(dosen paruh waktu) dibeberapa perguruan tinggi lainnya didalam negeri. sehingga dengan ""modal"" ilmu filsafat yang menjadi ""andalannya"" maka dengan ""se enaknya dan se maunya"" si kirung ""memainkan"" dan ""memelintir"" kata dengan alasan logic and ethic,padahal sebagian besar omongan dan ocehannya itu ""ngawur"" karena dengan sengaja dia ingin mempengaruhi ""medan debat"" agar kacau dan melebar liar ber putar2 demi membingungkan lawan bicaranya,itulah tujuan dia agar dia menguasai ""perang kata"".! cara atau teknik ""adu omong"" lawan si kirung ialah dengan ""ilmu sipongang(suara pantul/gema)yg ""dibalikkan lagi"" kemukanya,agar dia marah dan kacau konsentrasinya kmdian marah dengan keluar kata-kata ""ledekan2nya"" tetapi tak usah digubris(jangan emosi dan jangan masuk dihati) justru itulah pertanda dia sudah mulai kacau.terus saja lawan dengan ""ilmu sipongang"" plus kata-kata lucu dan humor gaya ""sri mulat"" (ga perlu serius2 amat,tp harus sedikit cerdas) bila perlu mainkan adegan2 gaya alm.timbul,gepeng,asmuni dll.biar si kirung tambah ""sewot"" dan buyar ambyar . si kirung ini sebenarnya punya sisi problema"" psikis,dia belum kawin. itulah ""kelemahannya"" ! di olok2 saja dia dengan kata-kata sabun mandi atau sabun colek dan shampoo secara ber ulang2 dalam kata-kata jawaban sipongang kpdnya,kemungkinan dia gugup atau mndadak diam dan tercengang.dan kita sebagai lawan bicaranya tidak kena effek uraian2 logika filsafatnya yang menyesatkan.! apa sebabnya harus dilawan dengan cara dan teknik seperti itu ? karena si kirung selalu melakukan ""onani kata-kata dalam setiap adu argument dan debatnya..demi mencapai kepuasan hasrat ""beban psikis"" dirinnya.(amati dia baik-baik kalau sedang ""bermain"" filsafat.)",C2,2
"ya prabowo kuat sangat kuat ,saking kuat nya banyak omong kosong..😂",C4,4
kalau papua sudah maju tidak mungkin masih ada opm,C2,2
dari pada kamu tidak punya partai.,C4,4
wk.emang iya subscriber youtuber nusantara segitu ya om fredy?,C4,4
kalau pki berkuasa agama dibabat habis masjid gereja ditutup seperti terjadi di sovyet dan cina saat komunis berkuasa,C3,3
"anda bembalikkan fakta. uyut saya pejuang/pahlawan yang di habisi pki. ceritamu tidak berarti apa² bagi yang memiliki keluarga yang di bantai pki. sekarang saya tanya anda: apa anda tahu tentang jenderal gatot nurmantio ?, saya yakin anda tahu. apakah anda tahu kenapa jenderal gatot di lengserkan ? yang bagian ini mungkin anda akan pura² tidak tahu. anda menyatakan bapak soeharta sebagai pengkudeta soekarno ? itu fakta anda membalikkan fakta. pada kenyataannya soekarno pro pki dan di sandra pki untuk mengambil alih kekuasaan dan pki di habisi soeharto. anda jangan lupa keluarga para jenderal yang bantai pki sabagai bukti valid. disini anda berkoar² 🤣 saya yakin ada memiliki benih jiwa komunis",C3,3
kasus panci.sepele..😅 tetapi kasus geng solo. luar biasa daya rusaknya acak2 konstitusi nkri.. maju terus roy suryo,C3,3
tertarik pak,C0,0
usut tuntas pirli. mafia kpk,C3,3
"saya teringat ketika manusia turun pertama di sorga adam (manusia), iblis dihadirkan (jin pertama), malaikat, dan siti hawa (eva) ini seperti kehidupan sekarang! pak jokowi sebagai adam yang teguh dengan pendirian dan kebaikannya, rocky gerung sebagai jin pertamanya, megawati sebagai siti hawanya yang mudah tergoda jin pertama, lalu siapa yang jadi malaikatnya? untuk sementara penulis saja sebagai malaikatnya.",C2,2
yah.. jangan di terima lah.. mereka masih dendam pak. pki itu licik pak.. jangan di kasih celah,C3,3
"​ jangan kliru, maling2 itu ory. pejabat2 yang punya ordal",C3,3
kalau mak banteng pintar jaga ucapan dan jaga mulut mungkin no3 yang unggul.,C4,4
karena ahob kontaknya benar kok. kalian saja tidak nyampe. kenapa ahok dipenjara ha karena ada demo maksa kehendak itu aja. buni yani sudha sudah terbukti bersalah mempublikasikan kata yang di potong. dan lucunya di pendukung calon lawan ahok. jelas politisasi masih tidak mengerti juga. don penjara juga biar yang suka maksa2 itu diam semua kan. benar benar kata roky gerung. orang ini.,C1,1
kualitas debat cawapres sangat rendah tidak imbang dan pak mahfud tidak ingin mempermalukan lawan debatnya..mas arifin kritis mengulik info,C0,0
"setuju mas bro, mari kita berikan kesempatan dengan mendukung dan satukan suara untuk psi agar bisa masuk ke legislatif dpr tahun 2024 nanti untuk membuktikan dan menggolkan pengesahan uu perampasan asset koruptor yang sudah mangkrak selama 9 tahun, karena anggota dpr yang menjabat sekarang tidak ada yang bernyali",C1,1
"lebih bagus ahok jangan maju, issu sara masih sangat kuat dan warga dki jakarta mayoritas kadrun dan botol",C1,1
"anda kurang nalar bro.mksd pak prabowo itu menyindir rezim jokowi,sindir budget pembangunan lrt perkilometer 500 milyar yang tidak masuk akal.itu mark up harga nya gila2an..dr pada mengurusi korupsi kecil.yg di prioritaskan itu yang besar dlu.klo kurang mengerti politik byk2 belajar lagi bro,baca2 berita yang tidak hoak.",C1,1
kalau ibu kota politik berarti penghuninya anggota partai politik.para politisi suruh pindah ke sana 😅.,C1,1
"wkwkwk cek semua gubernur di jkt, siapa yang bisa menghilangkan macet dan banjir. coba wkwk",C1,1
alasanmu apa. berarti kamu masuk dalam antek koruptor yang tidak senang komplotanmu di gebrak dpr. iya kan.,C2,2
"yang buat kejadian dan membelokkan sejarah sudah mati bro , dan anak""nya ternyata maling uang negara , pki dulu ada itu nyata tetapi pembelokan sejarah dan dalangnya berkuasa sangat lama di negara ini , sampai sini you paham",C3,3
​ nyatanya yang dipilih hari ini .burukkan? cuma omon2..planga plongo.dr awal sudah kelihatan pasangan ini di paksakan dengan cara yang tidak baik ..di backup kekuasaan dengan memberi ruang kepada anak yang sedang berkuasa itulah intinya.. pemerintah sebagai wasit bertindak tidak adil.,C1,1
"anu boga modal mah bulak balik jadi anggota dpr,rek ngora rek kolot,tuh loba jalma karolot masih diuk di dpr,pinter ge ati teu boga modal jang kak dpr gatot lah gagal total 🤣🤭",C1,1
"wowo, ngeyel, tidak mau menerima saran & kritik ini sifat asli non pribumi",C4,4
​ -dy2cc apa-apa kalah2 terus narasi nya tidak bisa move on2 😂 padahal lagi di kibulin kok malah senang aneh 😂,C1,1
memang si wowo ini pulang senang dipuji apapun dikasikan termasuk 16 7 t demi pujian trum,C3,3
wah.. relate ini sama keterangan gus romy di podcadtnya putut ya terkait amran calon ketum p3. ternyata begini ya cara politik jalan.. pantas ngeri,C0,0
demi partai no rakyat,C1,1
nah ini dia orang-orang pelaku kriminalisasi kok begitu powerful tak tersentuh sangsi hukum?,C3,3
"seorang pemimpin yang menangis di depan seluruh rakyatnya menunjukan ketulusan hatinya bahwa beliau iklas mengabdi dirinya untuk memakmurkan rakyatnya mensejahterahkan rakyatnya,beliau sedang berjuang agar mendapat kesempatan untuk membuktikan dan mengabadi kepada negaranya, saya hormat kepada anda pak saya akan berikan telunjuk tangan saya pak untuk memberikan kemenangan kepada bapak,hormat!😢 saya memberi jaminan pak seluruh keluargaku mendukung anda,saya yakin pak tahun ini adalah tahun di mana bapak menjadi seorang pemimpin.",C0,0
​ rm dari hongkong. kmrt beda dengan rm lebih baik diam bila tidak tahu 😁,C2,2
kadrun cuma dapat 24% sedangkan banteng malah dapat 16% saja mana mampu,C3,3
"utang negara tembus 7,8 t, narkoba dan judi online, barang impor cina, impor beras dan lain dan dinasti, serta korupsi 99,9 pejabat daerah itu semua terjadi di rezim jokowi. ibu bangga dengan itu? ini bukti bahwa jokowi tidak kompeten memimpin negara.",C3,3
"rakyat mana ? apa karena dia anak perwira polisi , apakah pak syahroni itu tahu kalau anak itu pernah di keluarkan dari pendidikan al ? memang anak itu sudah bermasalah bro , syahroni itu mungkin kenal sama bapak si siswa",C4,4
iya benar.saya juga mikir keanehan itu.,C4,4
kalau sudah tahu trade recordnya jelek kenapa bisa diangkat jadi ketua kpk dan adanya pembiaran,C1,1
"​ -q9q saya tanya digogle ai pak nadiem makarim bukan dari yaman tetapi warga negara indonesia turunan campuran arab, minangkabau, jawa, madura.darah arab cuma 25% dan 75% pribumi.",C0,0
tiap bahas teddy sama prabowo jadi teringat meme yesking😂😂,C4,4
"bukti jelas ahmad sahroni ini bersekutu dengan para koruptor,dia saat dengar pendapat dengan kpk secara langsung dia seolah megintervensi kpk, dia bilang ""kalo mau ott anggota dewan yang terlibat korupsi atau gratifikasi harus lapor dulu ke ketua partai, maksudnya apa coba ?",C1,1
wkwk..ndak menyambung ya bahasanya. maklum saja deh 🤣🤣,C2,2
bapak mu sendiri juga tidak percaya kamu itu bibit burungnya,C2,2
sah kan uu sita aset koruptor baru rakyat percaya,C2,2
benar ini yang dikatakan pak bahlil,C0,0
benar bin hanya profesi bukan pengabdian !,C0,0
ya allah sang maha adil. tolonglah nadiem dan generasi muda untuk bangkit membangun indonesia yang benar adil makmur.sadar kan dan singkirkan orang-orang yang mendzolimi nadiem ibam dan orang-orang yang ingin indonesia baik. singkirkan orang-orang jahat. kami sangat sediih sekali dengan kondisi profesional yang dikriminalisasi.,C0,0
o pantas sudah ada darah jiwa pengkhianat dari jaman kemerdekaan dulu.,C2,2
masalah karakter kebencian ini terjadi tidak hanya di masalah politik maupun agama. orang waraslah extra hati hati,C4,4
"yang mengangkat gibran jadi wapres, ini sekelompok orang yang ingin menghancurkan nkri, karena dengan sekelas jokowi ini saja, negara sudah carut marut dibuatnya, kemudian mau diwariskan lagi keanaknya gibran yang lebih parah kondisinya. coba bayangkan sekelas fufufafa gibran yang menggantikannya. . . . . jadi sebelum semua ini terjadi, makzulkan gibran sesegera mungkin, lebih cepat lebih baik demi kebaikan dan terjaganya nkri kita yang tercinta ini.",C1,1
"bilangnya asli,tapi tidak berani buka data, benar-benar ini para professor pembohong",C2,2
actor nya bisa saja team 8 / anggota dewan dan koleganya😂,C4,4
"rakyat harus segera bergerak agar persoalan ini dapat digagalkan, kalau pejabat uangnya banyak kalau rakyat kecil makin menjerit dan tambah miskin.",C1,1
"​​ jelaskan unggul jauhnya dimana ya?. apakah ada bukti konkret berhasil menggagalkan satu menjebloskan koruptor?. cukup tahu saja bro, prabowo bahkan berhasil mencegah korupsi di departemennya sebesar 51 sama yang dilkukan penjabat lama dengan orang asing di pembelian senjata. dan sudah diproses secara hukum.",C3,3
ini sih menurutku si bima merupakan antek china dan jelas hilirisasi tidak bisa ditolak amerika jika ingin aset ke mineral. mau dengan alasan apapun semua dipaksa hilirisasi. soal batu bara itu untuk produksi baja lokal. bukan batu bara untuk pltu. dan semua juga ada hitung2annya apa yang kita beli memang harus kita beli untuk stabilitas perdagangan. jika kita tidak beli sedangkan ekspor mereka kesini tidak kompetitif lama-lama juga mati neraca perdagangannya.,C3,3
"bahlil , sri mulyani , basuki , retno , mahfud md , pratikno , prabowo ,erik tohir , pramono anung adalah menteri terbaik 2019 - 2023.semoga masih tetap dipakai di periode berikut nya",C0,0
info jadi buzzer /termul dong gaes😂,C2,2
"ya saya rasa negara ini tidak lama lagi hancur dari dalam karena kebongahan para pemimpinnya sendiri,,kita rakyat kecil cuma bisa berharap semoga segera sadar para pejabat tidak bermutu tidak peka pada keadaan cuma mikir perut dankantongnya saja",C3,3
yang namanya artis dan selebritis tidak usah masuk ke dpr. ini kesalahan partai yang rekrut artis dan selebritis untuk meraup suara saat pemilu..sehingga menambah jumlah kursi di dpr. dpr akhirnya jadi tempat melawak mereka masa diruang yang begitu resmi dan sakral..mereka jadikan seperti tempat pesta,C2,2
"pertanyaan besar adalah tidak lulus a evel secandary shool, lari ke australia tidak jelas apa sekolah setara sama atau kursus , kemudian lari ke singapura masuk mdis dan lulus, di pengadilan rakyat harus di buktikan sertifkat kelulusan setara sama yang legal bukan palsu, jika tidak bisa membutikan, maka lulusan terakhirnya di dapat dari money politics, jika dilihat dari kerjanya di lapangan sebagai seorang ri 2, rakyat tidak percaya sebagai lulusan luarnegeri dengan prestasi tinggi, coba setiap ada pertany dari rakyat jawbanya ngawur dan tidak menyambung begitupula ketika pidato pelanga-plongo butuh upgred ram32gb, dan coba apa yang dikasih job desk tidak pantaslah di berikan sebagai wapres, terlalu cetek, sedangkan ikn adalah proyek kkn untuk menggemukan team sukses elite politik sebagai rasa terimakasih di akhir rejim projo.",C2,2
apakah sdr belum melihat pemimpin yang sdr maksud ?!,C4,4
"kita selalu diingatkan dengan “bahaya laten komunis”, bahaya itu muncul darimana? ya paling kuat ya dari garis keturunan, dendam masa lalu itu yang orgtuanya, kakeknya, saudaranya dibantai oleh rpkad secara tidak sadar atau didalam ketidaksadaran kolektif mereka akan turun temurun diwarisi, dan ini akan sangat berbahaya kedepan ketika anak keturunan pki menjadi pemimpin2 di tubuh tni. jangan lupa penghianatan g30s pki tidak hanya muncul dari luar tetapi muncul dari internal tni yaitu letkol untung dan ada indikasi beberapa jenderal yang menjadi backupnya.",C3,3
"menurutku, tidak perlu punya teman di singapura untuk tahu jika pemerintah itu hadir bukan untuk mensejahterakan rakyat melainkan memeras rakyatnya.",C1,1
#ipdaferren?,C4,4
itu namanya tidak mengerti makanya diam tidak komen,C4,4
"tertawa nya tertawa palsu jadi kalau berteman juga di bikin baik"" palu kalau sudah maunya mncari untung, tapi kalau dari nya sudah men dapatkan untung besar teman"" nya dihabising dengan cara difitnah, di jelek"" in sampai di celakain.. dasar orang bersifat dakzall",C4,4
jos mantapp👍🇮🇩,C4,4
"narcissistic personality disorder ini memang tidak dibolehkan di luar negeri juga, takutnya suka cari muka membuat kasus rekayasa. untuk hasil tes mungkin bisa dites 5 kali dengan lembaga berbeda.",C1,1
"susah bang, kejaksaan sama hakim di indonesia sudah di pegang penguasa pemerintahan, makanya berapa kali pun kita kritisi kerja mereka, mereka bakal ulangi lagi, terutama kejaksaan di kasus2 korupsi, mereka sudah di kuasai oleh penguasa korupsi, maka yang tidak korupsi bisa jadi korupsi yang benar korupsi dan terbukti itu bakal dapat hukuman ringan",C1,1
"setuju mbak 👍 saatnya anak muda dan nasionalis berjiwa muda duduk di legislatif dpr mari kita dukung dan satukan suara untuk psi agar bisa masuk ke dpr tahun 2024 nanti. demi terwujudnya pemberantasan korupsi, pengesahan uu perampasan aset para koruptor, indonesia maju dan sejahtera salam solidaritas manula 60 tahun berjiwa muda di jakarta",C0,0
maklum orang bodoh itu pinternya nyinyir orang sukses 😛😛,C3,3
rakyat sudah mumet bos,C1,1
negara kalau di orang yang bodoh akan hancur,C2,2
masya allah pak prabowo harusnya di koreksi kembali kabinet nya siapa yang merangar undang undang yang sudah di tentukan oleh pemeritah jadi pak prabowo tegas bijak sebagaimana mungkin harus adil bagaimana rakyat juga jadi korban ketidak adilan hukum pada rakyat kecil,C1,1
tidak boleh korupsi.wowo gendut beri penghargaan ke koruptor.andalaj wowo yang lain di mulut dan lain di hati,C2,2
"orang-orang seperti nadim yang ada di pemeritahan inilah saya rasa perusak negeri ini dengan sangat ironis melalui merusak sistem pendidikan yang semerawut, beda dengan negeri lain yang saya dengar sudah jauh lebih maju di sistem pendidikannya. pengalaman anak saya tidak masuk sampai negeri karena ulah nakal oknum operator yang dimana saya bisa jelaskan bagai mana permainan kotornya yang di pelihara oleh kemendikbud.",C3,3
​ kemungkinan jaksa nya juga terima pesanan.,C4,4
di denpasar belum ada satu sekolahpun yang ada makan bergizi gratis itu proyek bihongan mungkin menjangkao 1% anak sekolah di lndonesia saja,C1,1
"#carasemestabekerja ada yang paham k.d.m.p ? kalau ternyata ini adalah isyarat semesta untuk bapak aing .? k.d.m lalu p nya ? pelayan rakyat, pemimpin, presiden pasti ada orang orang yang mencintai beliau sampai ada di setiap desa 😊 maaf ""ini saya melihat dari sudut pandang yang berbeda "" mungkin cara semesta berkampanye 😅 rakyat indonesia pasti lebih banyak mendukung kdmp maksudnya k.ang d.edi m.ulyadi p.residen ( selanjutnya)",C0,0
"s7 sekali komennya, kelihatanya masyarakat indonesia mau diframing supaya benci polisi dan sering dibenturkan dengan tni entah apa maksudnya, harusnya akun2 adu domba dan fitnah dibekukan",C3,3
suaranya saja yang digedein biar kelihatan garang dan berani. dengan kaum radikal wowo ciut nyalinya!,C2,2
"lagi aneh ide project kok koperasi di jaman sudah automatis ini, kayak primitif idenya dari awal. dan dongonya kok ada yang milih.",C2,2
dia calon jenderal kalau dipensiunkan mana bisa jadi jenderal.,C4,4
"menurut analisis rocky gerung jokowi sebagai presiden lemah dalam menjaga demokrasi. dia menilai jokowi berusaha berdamai dengan politisi korup dan pemimpin agama intoleran, dan dikelilingi oleh mantan jenderal yang tidak berkomitmen pada prinsip-prinsip demokratis. dia juga menyebut jokowi sebagai “bajingan tolol” dan “pembusuk politik” dalam beberapa kesempatan . rocky gerung menuding jokowi memanfaatkan hukum untuk kepentingan politiknya. dia mengkritik putusan kontroversial mahkamah konstitusi (mk) yang mengizinkan kepala daerah untuk berkontestasi dalam pilpres 2024, meski belum berumur 40 tahun. dia menilai putusan ini sebagai “karpet merah” untuk gibran rakabuming raka, putra sulung jokowi, yang maju sebagai bakal calon wakil presiden (cawapres) dari prabowo subianto . rocky gerung mengecam jokowi karena melakukan pembusukan politik dinasti. dia menganggap pencalonan gibran sebagai bentuk nepotisme dan pengkhianatan terhadap demokrasi. dia juga mempertanyakan kredibilitas prabowo subianto yang pernah menjadi rival jokowi, namun kini menjadi sekutunya. dia menilai prabowo sebagai “boneka” jokowi yang tidak memiliki visi dan misi .",C3,3
lajut bang,C0,0
pelajaran buat kita warga indonesia…. jangan pernah berusaha membangun bangsa karena bangsa ini milik para mafia koruptor…. berusahalah sendiri untuk penghidupan sendiri karena negara tidak akan membantu rakyat….,C1,1
"mohon bedakan emosi sama cara bicara.. banyak mantan militer di luaran sana masih melekat dengan karakter dan pembawaan mereka yang keras. dikit"" kok di bilang emosian. mungkin emosi anda yang perlu di periksa karena gampang membawa semua hal ke dalam hati",C3,3
makanya juga pilih purba sama mantan pembunuh bisa punya partai (mantan adk tomy)udh begitu pro amirika sekali mentang2 punyaperusahaan ada sana bs2 besok ada setir amirika.katany anti yahudi e malah pro sama biangny yahudi,C2,2
"yang saya tahu, kader psi itu tidak ada yang cerdas!, kalau debat saja tidak pakai data, dibantai mulu.wkwkwkwkwk",C3,3
jug we 😂😂 etik2 kdm .. parah,C2,2
itulah bedanya orang bicara pakai data dan orang bicara pakai selera.untuk orang yang kurang akal pasti sulit untuk bisa memahami.,C2,2
juga hapuskan polarisasi suku/ras. misalnya yang ras tionghoa harus memilih yang sesama tionghoa😂 hapuskan isu minoritas dan mayoritas yang mana minoritas tidak boleh playing victim untuk mencari dukungan.,C3,3
kami berharap tempo bisa membongkar penipuan jual beli online kerugiannya sudah mencapai ratusan juta. dan herannya tidak bisa diungkap.,C1,1
menonton podcast densu,C4,4
​ kamu tahu gak? pesawat bekas yang dibeli itu mau dikasih gratis sama dubai? kok tidak mau? malah beli bekas dari mamarika? itu apa maksudnya?,C4,4
salam pramuka,C4,4
di konoha susah membedakan pejabat dengan penjahat.,C2,2
"kita turunkan airlangga cs yang bikin hancur nkri ini ekonomi rakyat sengsaranya selama ini, mari kita bersatu menurunkan pejabat2 korup dan oligarki di negeri ini mari berjuang dengan satria piningit keturunan ratu adil dari sumatra wslm",C1,1
jambi dukung kdm,C4,4
telusuri dulu orang itu siapa dia sebenarnya. mungkin dia pengecer nakal,C4,4
41:00 saya abang 64 tahun tetapi jiwa masih 20an tahun bahasa² saya dikomen² sosmedpun tidak sesuai usia ✌ saya sekeluarga akan coblos psi 🙏🥰😍💕😘💃🎼🎤✌,C0,0
nah sekarang kalau si anis menang ucapannya akan 100% juga gk?,C1,1
bayangkan bila konhlomerat semua pribumi tidak ada lagi taipan.,C0,0
​ mana ngos2 san lihat sekarang saja keturunan yaman yang bingung cari domplengan partai. anies orang hutangnya saja banyak belum kebayar. jmn nyapres tidak jadi,C3,3
saya salut .grace itu wanita .keturunan cina .non muslim dan vokal.mental yang luarbiasa.apakah kita berani bila diposisi dia ?,C0,0
beginilah kalau negara di kelola orang-orang sakit jiwa. buta mata hati otak nya mampat isi nya taii.. semua kekenyangan makan hasil korupsi.. negara hampir di lego si wo,C3,3
"wo , kalau begitu : prabowo ini sudah melanggar undang undang. prabowo sudah melanggar banyak peraturan . aduh ! negara kita dirusakkan oleh penguasa yang sudah bertindak sewenang wenang . prabowo sudah bertindak sekehendak hatinya, otoriter . rakyat dijajah oleh orang dari bangsanya sendiri .",C1,1
bravo psi .. partai masa depan indonesia. bravo mbak grace natalie.,C0,0
"saya tinggal di usah sejak 1978. anak anak kami bersekolah di public school sampai tamat sma. sekolah masak sendiri. semua murid punya id card sesuai no induk. hanya items yang dimakan oleh murid ,breakfast dan lunch di charge ke id card seperti credit card. untuk kalau income students , tagihannya dibayar pemda sedangkan murid lainnya ditagih dan di bayar oleh orang tua murid. sesuai jadi bukan oroyek mbg, maling berkedok gizi.",C1,1
ayo kita bersatu mendoakan agar allah swt segera memberi pelajaran atas perbuatannya sebagai pengkhianat negara . masih ingat pada jaman kerajaan mataram . karena pengkhianat kerajaan dihukum dan makamnya setiap hari diinjak2 orang . yaitu di imogiri,C1,1
​ -zh7pr pki paling,C2,2
bukankah kalau seiman mah bebas? apalagi entar pakai label pribumi lagi.😅,C3,3
"jangan asal bacot, saya yakin dulu kamu pemilih wowo",C2,2
​ yang survei hantu yadah 😂,C2,2
"gas, maz gibran",C0,0
kasihan bupati2 disalahkan jalan-jalan rusak padahal real dananya di pangkas prabowo,C1,1
pret tidak ada mangpaatnya bapak presiden mbg itu saya orang miskin tidak perlu mbg bapak.,C4,4
sudah bisa di pisahkan.yg berakal ke mana dan yang fanatik buta kemana.ikut barisan masing-masing.yg pintar ikut yang pinter.yg bodoh tak berakal ikut calon yang di dukung koruptor2 dan oligarki2 perampok kekayaan sda negeri.yg membuat rakyat makin sengsara.,C2,2
saya setuju ini,C4,4
utututu gemasnya buna tedy. peduli sekali biar tidak capek😊,C4,4
"masayarakat skrn berpikir bahwa anggota dpr adalah bebang negara jika tahun depan ada pilih kembali pastinya akan berulah lg,salah satu untuk membubarkan dpr adalah jangan pilih pada saat pemilihan umum,otomatis tidak ada alasan dpr terbentuk lg,krn itu pilihan rakyat jika ada berarti yang angkat dpr adalah partai,mari seindonesia untuk bersatu tidak memilih lagi dpr tahun akan dtng.",C2,2
"kalau jokowi hebat, coba jangan nunggangi pdi-p partai yang sudah besar sebelum jokowi lahir di bumi ini. coba jokowi bikin partai sendiri bisa tidak,?",C1,1
"katanya prop, padahal setiap rocxy gerrung ngomong,slalu saya tidak ngerti,apa karena suaranya kayak gerungan knalpot resing,atau otak nya yang sudah mulai di knalpot racing",C4,4
"ketakutan yang berlebihan dengan komunis sampai lupa kalau kapitalis yang masih mencengkram indonesia sampai sekarang sama berbahayanya dengan ajaran komunis. melihat negara ini sekarang,semua dikendalikan oleh mafia pemilik modal. pemerintah bikin kebijakan untuk kepentingan rakyat kecipun seakan sia2,semua hanya menguntungkan kaum kapitalis.",C2,2
​ -08gd ngawur😂,C2,2
"subhana allah. tabbat ya abii lahabiwwatab. terimkasih pak roy, ternyata dia pengkhianat ya.",C3,3
kalau dengan warga sekitar saya yakin warga sekitar melindungi rumah& hartanya.mungkin ini cobaan atau dosa,C4,4
kalau tidak punya ijasah setingkat sma.bakal calon akan gugur persyaratan sebagai capres tapi cawapres.,C0,0
memalukan sekali cara2 kotor licik budaya penjajah saling suap menyuap jilat menjilat di pertontonkan ke rakyat oleh koruptor dan oknum kpk pimpinan nya lagi.saya harap rakyat indonesia mendukung chanel2 seperti ini biar kita rakyat kecil tahu dan paham,C2,2
"​ mana mungkin profesor ini mau?,gajinya di singapore pasti besar+fasilitas,dan yang terpenting kejujuran,keterbukaan,ilmu,non korupsi dituntut tinggi,kalau dia disuruh mengajar atau jadi pejabat disini,stress dia dan tidak butuh lama pasti ""pensiun""karena tidak mau ikut gerbong koruptor",C2,2
"ya tidak harus tapi kang, tipe orang yang tidak banyak bicara itu bisa saja banyak bekerja, juga bisa saja tidak mau/sedikit bekerja begitu juga sebaliknya.",C0,0
"salut saya! orang sekelas anda mampu berhasil membuat suasana jadi riuh rendah. silakan saja anda berpendapat demikian. tuhan maha mendengar doa mereka. ( ingat ; komunis bukan berarti tidak bertuhan, yang tidak beratuhan itu atheis.- seperti yang dianut bos rock_ger ( ajaran hidup yang tidak mempercayai adanya tuhan yang berkuasa mengatur dan mengendalikan serta memelihara hidup insan dunia & akhirat )",C2,2
pa jenderal kalau logo lambang palu arit pki masih beredar di masyarakat harus juga di larang.. karena itu jentik idiologi pki..gaya baru. !!,C3,3
"pantas bapak tidak pernah pantau ig sekalipun kali ya, padahal banyak yang ngetag beliau",C4,4
"negara bisa kacau di pimpin oleh anak kecil , negara cuma buat mainan saja parah melekk woi😂",C2,2
"yang bisa itu angket dpr ,sedangkan dpr di kuasai kim 85% di bawah komando prabowo dan mpr 15% cuma pdi. berarti itu cuma ilusi dan omon omon 😂",C3,3
partai yang mendukung agar segerah memecat dan paw itu dahroni fari anggota dpr termasuk dari pdip dan partai yang lain yang buat rakyat nkri murkajh dan marah serta emosi.maaf🙏🙏,C0,0
"katanya pemerintahan yang pro kpk, 2015 abraham samad dipersekusi dengan kasus konyol, 2017 novel baswedan dikriminalisasi tetapi baru respon sekarang, minggu lalu rumah ketua dan wakil ketua kpk diteror bom tetapi kasusnya tidak diusut. itu pro kpk? katanya pemerintahan yang transparan, kok demokrasi rasa oligarki? ketika dikritik dianya emosi 👏 👏 kalau ada yang butuh penjelasan lebih lanjut, siap siap membaca koran ya.. saya akan sertakan link dan bukti. kalau bisa iq minimal 120 biar nangkap. terima kasih",C1,1
tak ada yang baik di mata si roy suryo apalagi di keluarga jokowi sedangkan kelakuan dia tak ada apa apa nya dengan pengabdian mereka saya percaya sama babot nya sampah saja,C3,3
hanya penjahat yang menutupi kejahatan lainnya,C1,1
"untuk saat ini saya mulai apresiasi kinerja dpr👍emg fungsi dpr harus begini. soal mslah polri, pejabat, hakim, mentri dan lain2👍langsung di depan pihak terkait. bisa langsung keluh kan aspirasi rakyat. tapi harus selalu update, biar masyarakat tahu perkembangan mslah nya. lanjutkan",C0,0
sedemikian begonya kah mereka. ngotot sekali ingin memimpin negri.,C1,1
jika jokowi maju pilpres untuk diri saya sudah saya pastikan tidak memilih si jokowi ini.,C4,4
nara sumber yang sahih jika samad bisa mengundang dan menghadirkan pihak mdis yang punya legitimasi dan berwenang menyatakan benar atau tidaknya gibran lulusan mdis sah dan memiliki gelar bsc dengan menunjukkan bukti dan data ijazah wapres gibran tidak cuma omon omon saja seperti narsum ini. narsum ini tidak tahu persis hanya menduga-duga riwayat kuliah gibran,C4,4
​ -b7k2k termul mul mul sunda yang mau saja dibodohi tuan wiwi😂. bicara bahasa inggris nya saja cuma bisa bicara tok the tok 😂. aduh sep sep sep mana mah aneh atuh,C1,1
anis prabowo dilawan sudah jadi dpa kamunis kamu gagal srmuanis,C4,4
apa urusannya? ini yang dibahas keturunan dari pki bukan anggota pki nya. konsep dosa turunan begitu dimana bapaknya bajingan anaknya juga pasti bajingan itu konsep darimana. lagi juga yang diutarakan jenderal andika jelas. tidak ada dasar hukum untuk melarang keturunan pki masuk tni. yang tidak boleh anggota pki nya,C3,3
keren.ganjar makin arogan juga mahfudz.mungkin mengikuti arahan pdip dan antek anteknya.arogan dan kasar.,C4,4
usut nya diem. sejak dia jadi m. pendidikan guru² melarat,C1,1
kemungkinan karena sistemnya dirongrong dan dikelola oleh sebagian besar joker😂,C4,4
inilah yang disebut2 kebangkitan keturunan pki mereka akan menyusun strategi dari dalam tubuh tni seandainya para keturunan pki ini sudah masuk di tubuh tni,C1,1
pak presiden..apa kah anda sendiri lihat di lapangan pa..apa cuma kata y..lucu sekali .he,C1,1
ketua kpk sejak dari awal berkuasa di kpk sudah sangat buruk integritasnya tidak bisa di percaya dan deaws kpk juga sangat buruk jadi masarakat kurang percaya pimpinan kpk kurang di percaya oleh masarakat sebaiknya pimpinan kpk di usut tuntas kasus pemerasannya dan jika terbukti di hukum dan di pecat,C3,3
​betul.. mungkin saja beliauny merasa paling suci sendiri,C4,4
"ya bagaimana ya ibarat ini kakek kamu yang ikut pki,, tetapi kamu yang harus nanggung akibatnya,, tidak adil dong",C3,3
"ada, buzzer termul percaya",C2,2
"kalau ulama mengajak umat islam memilih pemimpin yang muslim dengan dalil ayat alquran itu nama nya edukasi, sekali lagi edukasi, tetapi kalau pejabat yang bukan ahli agama melakukan hal yang sama atau sebalik nya mempermasalahkan edukasi agama terkait politik, itu baru namanya politisasi yang berujung pada polarisasi. indonesia ini tidak bisa dijauhkan dari agama, karena kelompok yang terakhir kali melakukan pemisahan agama dengan politik dan negara adalah pki, yang sama-sama kita tahu akhir nya bagaimana. permasalahan nya bukan pada polarisasi agama, tetapi kalian2 yang tidak terlalu kenal indonesia.. saran saya, jangan mengulangi kesalahn pki dengan memulai pembangunan opini publik dengan narasi2 yang keluar dari narasi uud 1945 dan pancasila. pakem politik di indonesia itu jelas, politik nasionalis dan politik agama! itu sebab nya indonesia punya parpol nasionalis dan parpol agama yang hampir sama banyak nya.. ahok kan punya basis massa yang banyak dan bahkan 99% umat kristen mencoblos ahok. saya akan lebih respek jika ahok membuat partpol sendiri berbasis agama atau berbasis suku chindo, karena ini tidak bertentangan dengan uud 1945 dan pancasila ketimbang berusaha deagamaisasi/deislamisasi politik indonesia.",C3,3
😅 tanpa bukti matamu 😂 rektorat ugm punya daya semua. bukan hanya bacotan geng rrt,C2,2
"program gilakk, leader gila",C2,2
enggak tahu seteres mungkin,C4,4
"balas dendam lewat mana,ingat bos ini sudah tahun 2022 bukan tahun 60an,knp kita harus asingkan anak cucu pki sedangkan anak cucu jepang belanda kita pelihara mikir''""""",C3,3
pki ngelunjak,C3,3
jkw sengsarakan rakyat . pribumi digusur demi investor cina,C0,0
"enak kali hanya diberhentikan, kalau jlas terbukti pemerasan harus dihukum mati. kalau orang sudah kekenyangan pasti muntah, artinya bukan sekali ini saja, mungkin sudah banyak yang diperbuat. jadi tuhan menampkan keburukanya.",C1,1
bisa jadi informasi tidak di samoaikan sama mayor teddy kalau begitu caranaya mayor teddy,C4,4
dosa kami sebagai muslim kayak begitu,C4,4
siap beraksi,C4,4
partai gelora di ketek prabowo mengharap elektabilitas,C2,2
jangan cuma di priksa ayu dukung uu perampasan aset bagi para koruptor,C2,2
"betul, jangan hadir.",C0,0
pikun ! mirip tidak mengerti !,C3,3
"revolusi mental bapaknya, idiot pun jadi😅",C2,2
"bagaimanapun jawabannya ketika sudah memuja seseorang salahpun di benarkan, mungkin ini contohnya, ketika menghadapi polusi dengan menyalahkan angin. dulu banjir yang disalahkan adalah airnya yang terlalu banyak.",C1,1
"saya kagum dengan suara nyaring budiman, dan saya kagum dengan tingkat intelektualitas rocky gerung. dan kita semua tahu apa yang di ucapkan oleh wakil nasdem. tentang pancasila. semoga dia bisa memberikan bukti bahwa pancasila adalah ideology. minimal dokument2nya. yang menjelaskan pancasila adalah ideology.",C0,0
"jadi ingat agus buntung dari goa meki(intinya jangan ngegas dulu, teliti slidiki dulu pastikan baru bertindak)",C0,0
"roky grung memang idolah negeri ini, selalu memberikan komentar yang terbaik maju terus mas, roky",C4,4
ada apa . . . ya,C0,0
kdm tidak mungkin berani nyapres selagi prabowo ada keinginan nyapres lagi,C4,4
tidak ramai bang . 😅😅 buzzer tidak suka mampir disini,C2,2
masted itu fisiknya.. bisa jadi dalemannya si wapr3s dan kalau ditelusuri . sampai ke solo,C4,4
"dpr sudah dikuasai oleh orang-orang komunisme yang sok nasionalis, mafia dan koruptor serta provokator sudah seharusnya dibersihkan.. semoga indonesia bisa membuang kotoran ini dan diganti dengan yang benar benar bersih..jujur..amanah mengemban tugas dari rakyat oleh rakyat untuk rakyat bangsa indonesia.. ganti semua orang-orang dpr yang jadi mafia koruptor dan provokator.. dengan yang jujur amanah dan tulus membela rakyat bangsa dan negara..",C3,3
mungkin buat woowwoo itu tidak papa!😆 h,C4,4
"2024 buat partai siap siap saja hukuman menanti dari hak rakyat indonesia, jika 3 periode itu tanda ketakutan partai menghadapi 2024",C2,2
"kalau termul mana mau mengakui kebenaran 😂😂 para relawan yang baru kemarin lebih tahu pula daripada pak jika yang sudah malang melintang di dunia usaha dan politik. pak ferdinan betul, kalau rakyat tidak kenal mana mau rakyat milih, siapa kamu 😂. tidak ada yang ujuk ujuk broo, jangan kamu melupakan sejarah! si faldo sok pula bilang psi. apakah psi sudah lahir broo 😂. faldo saja pindah dari partai ke partai. dan baru gabung sama psi,. 😂 apakah faldo sudah jadi relawan jkw pada masa itu? (bertanya karena tidak tahu) setahu saya baru baru ini keluar dari kapan dan pindah ke psi. maaf kalau salah 🙏🏻",C1,1
kacang lupa kulit.pantas di sematkan ke jokowi.,C4,4
saya dari sulawesi tengah keluarga besar dukung kdm 😊,C0,0
akhir nya rumah di hancurkan rakyat 😅,C2,2
anus hanya berlaku pada sekelompok gerombolan yang berkedok agama. yang sedang memperjuangkan kekuasaan kaum tertentu. yang sekarang mulai masuk ke pemerintahan,C2,2
"sebagai tanggung jawab kolektif kolegial, sebaiknya semua pimpinan kpk mundur, bukan malah meminta perpanjangan masa jabatan. rakyat menuntut. kpk periode terparah.",C1,1
bangkai,C2,2
saya tetap ikuti pesan ceramah ulama uas..pilihlah pemimpin yang bisa jadi imam sholat dan yang sudah nyata bisa ya pak jokowi.yg lain bisanya cuma joget poco2 untuk ikut merayakan natal bersama keluarga dan itu kalau memang orang islam dosa termasuk yang memilihnya..hati2 di akherat kelak.,C3,3
ya mau dekat asing aseng,C4,4
saya kecewa diakhir jabatan jokowi terbersit ingin ingkar dari partai yang telah membesarkannya. kacang lupa kulitnya.,C1,1
"mengikuti channel as speak up dan nara sumber aulia (kalau ini benar lho) saya bisa ambil.beberapa catatan ,antar lain : - dpr yang salah pilih pimpinan kpk - semua orang pasti suka duit, termasuk pimpinan kpk dan staffnya - citra kpk dimata masyarakat , bagaimana ? - dewas yang tidak berani apa-apa pada pimpinan kpk, berarti takut (takut digeser/di non aktifkan, yang berarti tidak bisa/dapat lagi menikmati fasilitas apa-apa dari negara) - kok susah/sulit sih mencari orang-orang baik/berintegritas di negeri ini mudah-mudahan jangan sampai negara ini menjadi surganya para koruptor. - bicara soal penegakan hukum , instansi mana yang bisa dipercaya, kalau semua ikut bermain tst (tahu sama tahu). harapan saya sih tidak muluk2 : 1. semua pejabat / penyelenggara negara instrospeksi dirilah, jangan korupsi. 2. agar indonesia tidak bangkrut dan sukur-sukur bisa menjadi negara yang take off (ingat kita sudah merdeka cukup lama). mohon maaf bila ada yang tersinggung membaca inj",C3,3
"ya allah kenapa para jaksa dan hakim se olah"" berbuat semaunya menghukum orang sangat berat pada mungkin dia tidak bersalah,wahai pak hakim kaki kananmu di syurga kaki kirimu di neraka ingat itu hukum allah pasti",C4,4
​ tolong berpikir ya jangan sempit2 amat. indonesia jadi tuan rumah ajang international itu sangat membanggakan.mmbawa nama baik indonesia.dan jelas-jelas itu proyek mendapat untung milyaran. mmbantu umkm selama acara itu.. investor asingpun juga akan melirik indonesia. tidak ada bukti juga pak anies korupsi. yang ada pak anies dicoba dikriminalisasi sama jokowi.,C3,3
"​ mafia sudah menguasai.liat pilpres di amrik .siapapun rakyat tetap tak terwakili karena sudah dikuasai syetan berbayar. tetapi tiap usaha akan berkontribusi pada perubahan , ada saatnya momentum yang kecil bisa mengubah sejarah",C2,2
banyak tobat juga,C4,4
​​ 02 ketua partai ditambah petugas partai. 😃,C2,2
maaf prof.jangan menyela dulu ketika mbak grace sedang menyelesaikan penjelasanya.,C2,2
"ayo . saudaraku bangsa indonesia asli : 1). hilangkan mental budak kalian 2). jadilah tuan di negara kalian sendiri 3). jadilah bangsa yang punya harga diri, terhormat dan bermartabat di negara kalian sendiri 4). jangan jadi bangsa yang lemah, bodoh, jongos, kacung dan pecundang di negara kalian sendiri 5). sebagai bangsa indonesia asli, kalian harus bijak, berpikir cerdas dan pintar, jangan bodoh, supaya kalian tidak mudah dibodohi oleh kaum kadrun radikalis isis yang dimotori oleh bangsa keturunan asing dari yaman yang numpang hidup dan mencari makan di negara kalian dengan berdagang agama 6). jangan sampai di negara sendiri kalian malah dimanfaatkan, diperalat, diperbudak, diadu-domba dan dipecah-belah oleh dan untuk keuntungan/kepentingan politik dan nafsu duniawi kaum kadrun radikalis isis yang dimotori oleh bangsa keturunan asing dari yaman berkedok agama 7). sadar dan bangunlah dari mimpi buruk kalian, bahwa : a}. kaum kadrun radikalis isis yang dimotori oleh bangsa keturunan asing dari yaman tidak mempunyai jasa sama sekali terhadap negara/bangsa kalian, keberadaan mereka justru malah membuat negara kalian menjadi tidak aman dan bangsa kalian menjadi tidak rukun, saling bermusuhan, saling membenci dan saling mengkafirkan b}. disamping itu dengan berkedok agama dan memanfaatkan kebodohan sebagian bangsa indonesia asli kaum kadrun radikalis isis yang dimotori oleh bangsa keturunan asing dari yaman juga mempunyai niat yang tidak baik, yaitu : i]. mau menggulingkan dan merebut kekuasaan yang sah pemerintahan presiden jokowi ii]. mau mengganti ideologi negara kalian dengan khilafah yang jelas-jelas tidak cocok untuk negara/bangsa kalian yang terdiri dari ribuan pulau dan beraneka ragam suku, ras, golongan, agama, budaya, tradisi, adat-istiadat, bahasa daerah, dll. i]. mau menguasai negara kalian dengan segala sumber dayanya setelah gagal menguasai irak & suriah 8). jagalah keutuhan, persatuan dan kerukunan negara/bangsa kalian yang telah dimerdekakan oleh nenek moyang kalian dari tangan penjajah dengan mengorbankan harta, jiwa dan raganya 9). hargailah perjuangan nenek moyang kalian karena tanpa perjuangan nenek moyang kalian, kalian tidak akan bisa hidup dengan aman, nyaman dan mapan seperti saat ini 10). jangan biarkan kaum kadrun radikalis isis yang dimotori oleh bangsa keturunan asing dari yaman menguasai negara kalian, harga diri kalian sebagai bangsa indonesia asli akan hancur, kalian akan menjadi bangsa sampah yang hina dan kembali hidup terjajah di negara kalian sendiri, negara kalian juga akan hancur dan bangsa kalian akan terpecah-belah seperti irak, suriah, afganistan, libanon, sudan, angola, somalia, nigeria, kenya, libiya, yaman, dll. awas! bahaya laten isis dibalik agama! renungkan semua itu saudaraku bangsa indonesia asli, jangan sampai kalian menyesal dikemudian hari. saya a si p a ada a l a h !",C3,3
dulu saya sudah menonton ini. sombong. sekarang anak jokowi menentukan pilihannya biar tidak dikata katai seperti bapaknya. terus pdi bilang ini bilang itu.,C3,3
"betul,setuju dengan anda.jika gibran terima tawaran prabowo,maka seluruh karya,keteladanan,ketokohan bpk.jokowi hancur.semoga bpk.jokowi bijak tidak menerima gibran gabung prabowo.",C1,1
"orang yaman jangan sampai jadi pemimpin dinegeri indonesia,siapun asal kompeten boleh jadi presiden ri tetapi tidak untuk pendatang..yg dipertanyakan nasionalismenya..khabib bisa beternak luas",C3,3
"surabaya hadir.. betul mas fahri.. kita ini seperti nya memilih caleg hanya untuk partai, jadinya beliau2 kerja nya untuk dan milik partai.",C1,1
iya.sekarang sudah pulang ke yaman.nyapres disana.disini gagal total,C1,1
sudah ngubah undang2 pilkada kaesang tidak ada partai yang nyalonkan mana ada rakyat yang mau pilih😂😂,C1,1
kdm dan amran sulaiman pasangan yang ideal.,C4,4
hina sehina hinanya.keluarga penipu.keluarga yang menghalalkan segala cara.,C3,3
hati hati sahroni..,C4,4
"bos beliau itu sekarang presiden, banyak yang di pikirkan tidak bisa fokus ke semua mungkin takutnya terbebani salah bicara.. contoh saja debat capres sebelumnya saat dia belum jadi presiden apa bawa contekan ? tidak bos! penilaian anda terlalu dangkal latih otak anda itu untuk berpikir",C4,4
sudahlah kita akui saja bahwa mostly pejabat kita sekarang tolol dan korup jadi semua produk dan kebijakannya pasti tolol dan korup,C3,3
mas roy kayaknya punya banyak kartu as tentang keluarga raja jawa.semoga mas roy di beri kesehatan dan terus tegak kan kebenaran,C0,0
"mana ada yang mau mengadili jokowi, karena mungkin mereka semua menikmati angpau sehingga mereka enggan mengadili jokowi. sesungguhnya mudah saja, jika asli tunjukkin, maka beres. tetapi jokowi enggan menunjukkan karena mungkin ada orang di sekitarnya yang melarang pak jokowi untuk mengeluarkan ijazahnya karena takut ketahuan jika ijazah memang tidak ada.",C3,3
sedangkan di daerah kami rokan hulu gaji kaur desa sudah lima bulan belum keluar pak apa ini pengayom,C2,2
yang bukan komunis kini klakuanya banyak yang melebihi komunis.,C3,3
"bahlil keren yaa, mau menekan harga gas lpg yang dari pertamina seharusnya harga dibawah 18rb. lpg sendiri hasil impor itu cuma 12-13rb. tetapi sampai ke rakyat sampai 20-22rb, saya yakin bahlil berniat baik, hanya penyampaian nya kurang jelas karena tekanan dari pihak yang ingin bahlil keluar dari kursi menteri. semoga allah memberikan pahala kepada pak bahlil.",C0,0
masalahnya memang kan tidak ada larangan bagi mantan napi untuk maju lagi,C0,0
takut kalah ya lol 😁😆,C0,0
"kamu demitnya pkip, syetan kamu mega",C3,3
"bukannya kalau jadi presiden pasti setiap saat harus menghadapi masalah ya? kalau memang tidak mau mendengar masalah terus ya mengapai jadi presiden, kalau memang kondisinya tidak memungkinkan untuk selalu mendengar masalah dan harus menentukan solusi, kok bisa di awal screening kesehatan sewaktu daftar capres lolos.. kok bisa??",C1,1
"ahok pernah berkata: nasionalisme sempit itu yang bahaya. biar jelek, biar maling yang penting sesuku, satu ras dan agama dengan saya. itu yang buat negara ini terpuruk! itu benar sekali. wahai orang-orang jakarta kami saja di daerah sangat ingin di pimpin pemimpin seorang ahok. jangan sampai kalian menyesal ya.",C1,1
benar pak prabowo 🙏pemimpin itu harus mencintai rakyat seluruhnya bukan mencintai rakyat yang se agamanya . karena rakyat itu semua berbeda agamanya . ❤❤😂🙏🙏🤝🇮🇩🇮🇩,C2,2
"kalau dilaporkan pak jika bilang kami tidak suka lapor². tetapi kalau lawannya yang tidak sesuai mereka dikit² lapor. kelakuannya pr pendukung gerombolan oslo mana bilang lagi masih 75% dicintai rakyat, cuih jijik saya 😅",C0,0
saya pengurus pangkalan sekaligus pengecer kecil kecilan. masalahnya suplai tiap hari dibatasi cukup untuk satu hari saja ( di pas tidak boleh banyak ) susahnya setiap pangkalan kalau ada tanggal merah suplai libur sedangkan orang masak didapur terus jalan tentusaja dimana mana pangkalan kehabisan stok itulah yang menjadikan kelangkaan dibawah. intinya pemerintah boodoh .,C3,3
"ini gila sih, salut buat pak prabowo. “saya siap berdiskusi, dan membuka tentang masalah ini di luar debat ini karena waktu saya tidak cukup”.",C2,2
itulah jokowidodo pki.,C4,4
siswa calon polisi berteriak brimob siswa yang lain berteriak sabhara 😂..kejadian yang beginian di jadikan rujukan memvonis seseorang menjadi psicopat ? dungu 🇲🇨,C3,3
saya menduga ini soal percintaan prabowo dengan teddy kalau yang namanya cinta apapun akan dikorbankan untuk orang yang dicintai. negara ini sudah dijangkiti lgbt sampai ketingkat puncak.,C3,3
tidak ada kak diibukotapun tidak dapat. mungkin hanya wilayah tertentu,C4,4
pki,C4,4
aneh nya roeslan itu kan orangnya solo,C0,0
​ -n3g akhirnya jadi gelandangan politik broo😅,C3,3
mereka ini kerjanya apa sih serius nanya😢 mereka tidak takut apa azab kubur .. ditengah keadaan bangsa yang hancur ini mereka joget2 donk😅parah,C1,1
mantap,C4,4
​ 😅😅 buat apa setia sama partai yang toxic memang rada2 ini buzzer,C3,3
komunitas kadrunis pasti tidak suka kehadiran para pencerah yang akan merusak zona nyaman mereka,C3,3
"tidak usah banyak drama, itu angka 58,1% kepuasaan bukti dari teddy sangat efektif kocak",C0,0
"ini jelas bahwa prabowo cukup 1 periode saja, karena tidak pro rakyat",C2,2
tinggal turunkan saja harga jual dipasar.apabila diatas pasar harap laporkan melalui link yang disediakan. selesai.,C0,0
tradisi orang indonesia kalau salah mana mau mundur dari jabatanya.plh makin mempertahankan jabatanya.yah bginilah pejabat koruptor yang makin menggila di negeri ini.yg korupsi semuah sekelas mentri.walah walah piye tapi iki,C3,3
"buktinya anak aidit ketua pki kalau bicara di tv seolah"" pki itu benar dan bapaknya dianggap pahlawan. intinya anaknya sudah ke doktrin komunisme dari kecil.",C3,3
"betul saat ini survey membentuk opini jadi sangat tergantung lembaga survey condong kemana bila dia biaya sendiri lebih parah lagi dia akan menaikan siapa yang dia mau , kalau dia dibyr dan tidak sesuaindg nuraninya dia bisa lebih netral",C1,1
suaranya pak bahlil persis sama suara sunda empire,C2,2
pajak di naikkan untuk memenuhi keperluan dpr sedang kan kesan dari perbuatan tersebut telah menyusahkan rakyat yang tidak berkemampuan atau niaga dengan hasil keuntungan yang tidak menentu.,C1,1
jangan jangan orang ini antek asing awas teman teman jangan terprovokasi tangkap saja orang ini.,C3,3
"​ baru tahu indonesia sehancur ini? hidup enak depan layar terus sih.. kalau semua orang tahu seberapa hancur nya kita, tidak ada langit cerah di hari besok nya",C1,1
dagh gila dia,C4,4
"itu kan, prabowo juga tak beretika, artinya semua melakukan semena-mena. parah juga.",C1,1
"mbg,kdkmp,itukan menciptakan lapangan pekerjaan: contohx dalam satu dapur reguler tenaga kerjax +- 48 orang,dapur 3 t +- 30 orang belum lagi petani,peternak .pekerja kdkmp juga puluhan pegawai termasuk kelompok usaha. cobalah cara berpikir/pola pikir kita yang cerdas,waras,mendasar,pelajari dulu bagaimana maksudx,jagan asal omong. payah.. cobalah",C1,1
"​ analisis dan asumsi itu berbeda.anda sekolah lagi biar cerdas.😂 analisis adalah proses pengkajian, sedangkan asumsi adalah anggapan yang belum terbukti kebenarannya. penjelasan analisis adalah proses pengkajian yang dilakukan untuk mendapatkan informasi atau pengetahuan. asumsi adalah anggapan yang belum terbukti kebenarannya dan memerlukan pembuktian secara langsung. asumsi juga bisa diartikan sebagai dugaan atau perkiraan yang dianggap benar.",C2,2
apakah koruptor & vendor sudah setor ke kejaksaan sehingga dicarikan tersdangka (kambing hitam) baru - apesnya yang kena ibam,C2,2
"ya elah, pemerintah tidak becus ya wajar lah masyarakat suuzon. mirip tidak pernah mikir jelek saja kamu bot.",C2,2
"percuma mau bilang apapun juga kalau dasar nya sudah benci . kebenaran pun di tolak , di bilang palsu terus",C4,4
"baru jaman ini seorang presiden bisa di tunggang2 diatur2 oleh ketua partai hahahaha hadeuh🤦🤦 sontoloyo, negeri apa ini",C2,2
megawati kan bilang jokowi hanya petugas partai bukan peresiden..orang2 dungu saja yang mau di kasih nasi bungkus ples uwang 100 ribu.lalu nyoblos nganu..sekrang rasakan lah,C3,3
sekarang yang kena si armadillo dan gres natali kena jadi tumbal di buang dari partainya. dan soal vaksin itu yakin para pejabat termasuk si luhut tidak ada yang di vaksin.,C3,3
"saya pelaku usaha umkm yang punya pengalaman tidak bagus di bangun ketika mencoba mendaftar untuk jadi penyedia, petugas di bangun tidak memberi peluang, infonya proyek/ program ini prioritas untuk timses/partai tertentu, selaku bang penyedia saya & rekan2 pelaku umkm penyedia makan minum di kelurahan2 di jaksel lewat platform e-makanminum punya pemkot jaksel berharap di berdayakan, dalam penyediaan makan minum kami melibatkan warung2 makan & pembuat kue di lingkungan sekitar tenpat tinggal kami. ini benar mengkonfirmasi apa kelakar tim bocor alus bahwa ini proyek bukan program 😁 & sangat berpotensi jadi ajang baru korupsi",C1,1
​ memang layak dapat karma yang paling buruk.. bahkan dengan indonesia dapat karma tidak akan pernah bisa juara dan tidak akan pernah bisa maju pun sebenarnya tidak adil kalau dibandingkan dengan apa yang dilakukan pulau central kepada suku dan etnis terdahulu,C3,3
"masy atau publik agar ber-hati"" dalam mencerna setiap narsum yang diundang apakah mereka benar-benar baik, jujur dan ahli dalam sejarah/ bidangnya atau dia itu extrimis yang akan memcuci otak pemahaman para pendengarnya. tolong generasi muda agar jangan mudah mempercayai narsum yang mungkin terlihat hebat, jujur punya gelar dst.",C4,4
salam 3-1,C4,4
kolusi sama nepotismenya kamu tidak pikir?,C4,4
terlalu banyak partai.bingung,C4,4
"coba inventarisir semasa beliau memegang jabatan ketua majelis, semasa 2.president ri singkat (jatuh menjatuhkan masa pak gusdur dan ibuk megawati) apa sih yang bisa dan hasil kerja yang dibuat pak amin rais, kecuali hanya gonjang-ganjing rakyat masa reformasi dan masa singkat 2 president ri.* *serta coba cari vidio pernyataan gusdur terhadap siapa amin rais..!",C0,0
"dua-duanya dari mantan militer supaya ri, aman damai tiada gangguan dalam atau luar.",C0,0
orang kalau sudah benci ramalan yang di larang allah pun di terima. bawa-bawa nama allah lagi benar-benar gila,C2,2
"menyimak obrolan ini semakin menjelaskan bahwa nadiem makarin dan gerombolannya, termasuk si lien itu sedang membangun bisnis pribadi di dalam sistem pendidikan menggunanakan apbn.",C3,3
😢maaf pa pigai tolong dongonya jangan bikin malu indonesia,C2,2
"sudah sangat nyata kerusakan yang telah dilakukan oleh mantan ketua kpk (fb) terhadap internal kelembagaan kpk, sejak dia masuk pertama kali ke kpk hingga saat terakhir sebelum diberhentikan presiden ri. - tanggung jawab pemerintah ri, dan dpr ri periode 2019-2024 yang telah memilih dan mengangkat bapak fb!, secara kelembagaan; - juga pasti tanggung jawab individu pak facebook sendiri !",C3,3
"miritokrasi yang katanya di negara demokrasi sudah tidak diterapkan,sehebat cerdasnya, integritasnya, kejujurannya kalau jauh dari kekuasaan tidak akan kelihatan dan tersingkirkan dari kekuasaan, seorang mayor yang sepertinya dengan jbtan selevel es.iv, mnduduki jbtan slvel es.ii ? dan anehnya masih aktif dikedinasan.",C1,1
amin,C4,4
"tolong teman"" jangan doakan ibu megawati cepat mati.. (soalnya saya mau dia malu dulu,tersiksa,gagal total baru mati)",C3,3
"memang seharusnya pak prabowo selaku pejabat tertinggi di republik ini, memutuskan masalah ini dengan hati nurani yang benar-benar neutral dan bersih, tidak usah takut pada siapapun pak, hanya kepada tuhan yang bapak harus takuti, kami rakyat indonesia yang cinta pada negara ini menunggu keputusan bapak untuk masalah pak nadiem ini, semoga tuhan selalu melindungi dan menyertai bapak presiden didalam menimpin bangsa ini. amin🙏",C0,0
bp saya seorang koruptor apkh saya juga wajib harus korupsi bro,C0,0
tidak usah ditrima atau di buang depan rumah nya dadang,C4,4
"lengserkan prabowo gibran secepatnya,sebab.nilai rapotnya merahmerah,merah,merah. rakyat malu punya wapres hanya ijazah sd malu punya presiden hanya melindungi penjahat",C3,3
kata siapa hancur kalau kerja bisa makan,C4,4
"kejaksaan sudah disusupi hasbara dan mosad, ini kan merusak paradigma dan dogma tentang hukum. ini merusak sudut pandang hukum di indonesia. karena dampaknya bukan hanya dalam negeri, tetapi investor asing akan mempertanyakan keamanan aktivitas mereka di indonesia karena berpotensi dipidanakan dengan mudah.",C1,1
jokowi bisa jadi akan dihilangkan? masuk akal juga sih kalau jokowi ini memang dijadikan boneka oleh sistem global,C1,1
anis tengill sialan,C4,4
"-x1n pasukan kusus apa orang hanya jual tampang saja , kenaikan pangkat itu ada aturan dan jenjangnya, ngawur",C1,1
semoga tuhan mengirim orang baik membela dan membongkar orang di balik kasus andien.,C0,0
"waow. benar apa tidak nih, masak seorang presiden diatur olih seorang ketua partai.! 🤦‍♂️🤦‍♂️🤦‍♂️🤦‍♂️🤦‍♂️🤦‍♂️🤦‍♂️🤦‍♂️🤦‍♂️🤦‍♂️",C2,2
faldo maldini heran aku?,C4,4
ngawur lama-lama hensat narasinya.. asal mengarang datanya kurang,C4,4
etika nya dimana ini negara demokrasi masa ngesahin nya diam² kayak maling,C1,1
"saya ini jarang komen di yt, tetapi lama lama kenapa saya jadi heran sekali ya. satu negara dengan 200jt lebih penduduk bisa dipermainkan oleh sebuah keluarga yang pura pura bodoh ini ya.? sebenarnya ada fenomena apa ya?.",C4,4
data ngawur,C1,1
masyarakat sangat mencintai pak jokowi .apapun partainya rakyat bersama paj jokowi❤,C2,2
penjelasan yang sangat detail,C0,0
ini peringatan rakyat mungkin akan lebih besar pendemo yang selanjutnya,C4,4
kayaknya di disini tukang sakit hati semua. hati hati setrok menghampiri terlalu banyak sakit hati..,C2,2
"haram pilih partai ini, rukun iman ke 5 saja dia aga percaya. tunggu matinya aja.",C3,3
itulah maling teriak maling dia sudah tahu aparat tak akan menggunakan senjatanya untuk rakyat,C3,3
"tetap tenang dan jangan mudah terprovokasi oleh isu yang belum jelas kebenarannya. mari kita fokus mendukung kerja nyata presiden prabowo subianto demi kemajuan bangsa. hubungan yang solid di internal pemerintahan justru sangat penting untuk memastikan semua program kerja berjalan lancar tanpa hambatan. yuk, jaga kedamaian di ruang digital kita",C0,0
sejatinya hensat tidak suka sama pak jokowi sudah terbukti dia mantan jubir abah yemen,C4,4
jangan pandang sebelah mata soal komunis ya..skrg memang tidak nmpk..bila jumlah telah banyak dan berada dalam ketenteraan orang jabatan..bahayanya xterduga..malaysia contoh terbaik ya..jgn ulangi di indonesia..,C1,1
letkol buzzer bang? 😆,C2,2
.hahaha.kerja..kerja .kerja.namanya petugas partai.kalo tidak kerja/kuli dipecat sama atasannya yang memilih dia(jokowi) dan mak banteng yang angkat dia suruh kerja .hahaha,C2,2
"brown kamu pki modern ya, fpi kenapa..?! kasih contoh 1 saja pergerakan fpi yang membahayakan negara..?!",C3,3
perusak kontenn,C2,2
betul sekali kata dokter harus kita bangsa indonesia bersatu untuk melawan perusak undang undang 45,C0,0
"siapa pun yang percaya bahwa jokowi dan prabowo berbeda adalah orang bodoh atau pembohong. pemerintahan jokowi tidak pernah berakhir. jokowi secara efektif mengendalikan pemerintahan prabowo, dan keduanya adalah agen kolonial yang didukung oleh kekuatan kolonial.",C3,3
oh jadi membuli itu dibenarkan ya ? wes gila bro anda masuk ui sudah jalur prestasi,C2,2
"kalau ini benar maka benar-benar gila sihh. ini negara loh, serampangan sangat ngurusnya",C2,2
"​ kalau itu benar, itu artinya 3 darah minahasa ini sedang mengkritisi 1 darah minahasa yang saat ini sedang memegang amanah tertinggi negeri ini.. semoga prabowo masih buka medsos dan bisa mendengar kritik, bukan malah dengarkan apa kata teddy.. btw, komentar anda kok template seperti copy paste.😅",C1,1
taikk lah. yang di periksa itu dpr yang enga mau ngetuk palu uu perampasan aset. belaga keras kerja nya apa si dpr.,C2,2
mantab occrp raja tipu tipu. jugil awar awar raja maling zaman majapahit,C3,3
"buzzer semua buset deh saking bencinya sampai tidak bisa objektif 😢 itu anak polisi juga anaknya bermasalah benar itu pernah di berhentikan dari tni al dan ketahuan memalsukan dokumen, update hari ini demikian luar biasa nitijen budiman kayak emak-emak rumpi jaman facebook",C4,4
pasti pangkat prada ni😂,C2,2
wau ini opo ya roy panci.,C0,0
"yang buka jalan itu ya pki itu sendiri, berarti pak jendral. 🗿",C3,3
"logikanya aja, mantan napi sudah merasakan bagaimana di penjara dan menimbulkan efek jera. jadi kemungkinan untuk korupsi lagi kecil",C1,1
anda yang gila antek antek mulyono,C2,2
"selama si pirly kpk jadi alat politik rezim terbukti semua koruptor dari krewnya penguasa aman""saja. oleh krnnya tangk pirly dan adili,penjarakan.",C1,1
"maju terus roy suryo, kami rakyat indonesia dibelakang anda.",C4,4
"mestinya gibran menolak secara tegas ajakan prabowo dari awal, bukan sekarang setelah semua jadi geger, ini akibat gibran mem php prabowo.",C2,2
pantau di daerah rumah anda siapa tahu ada kang bakso 🤣kekekekekeg,C4,4
"keracunan ada unsur politik ,menghancurkan generasi bangsa dalam politik.",C1,1
"apa kabar dengan danantara?. mungkin sudah jadi 1mdb nya malaysia,, mungkin,cuma tanya saja",C4,4
termul kok masih eksis menyanjung gibran. mereka dapat energi dari mana. tolong di selidiki aliran dana yang mungkin masuk ke termul,C4,4
"parah presiden kita, stop dan kanji ulang aja.",C2,2
yang harus di waspadai itu para teroris para pemecah bangsa yang sedikit sedikit mengkafirkan orang dan suka mencaci maki tidak jelas 😂,C3,3
celios penerima bantuan dari soros. jangan dipercaya.,C0,0
orang yang pernah turun langsung di lapangan cuma diam sedangkan yang pintar bicara sangat percaya diri sabar pak prabowo saya mendukung bapak✌️,C0,0
pres prabowo itu di cintai rakyat ; hanya sayang ; kab. ; kapolri ; pet kak p kak ; hakim ; jaksa ; ter pej yang berada di lembaga trias p masih sama. hanya pres saja yang ganti ; yang lebih parah wapres nya gibran yang nabrak konstitusi sandungan nya banyak banget.,C2,2
"​ -n8n saya juga bingung, bennix itu sebenarnya terwok apa ??",C4,4
"almarhum benny moerdani pernah mengingatkan soeharto terkait bisnis anak-anaknya (keluarga cendana) yang dinilai sudah keterlaluan dan berisiko bagi kekuasaan. peringatan keras ini, yang sempat disampaikan saat main biliar, membuat soeharto sangat tersinggung dan berujung pada disingkirkannya benny dari posisi strategis. waktu itu almarhum benny moerdani menegur soeharto, meskipun berdampak pada karier militernya.",C0,0
dpr itu penjahat yang sesungguh,C2,2
"tetapi bisa blunder parah, kalau ini program gagal dan rakyat marah. berapa sih isi 1 kodim ? kalau srentak dimana2 , apa tidak pusing itu instansi,mau selesaiin yang mana dulu. bom waktu ini",C1,1
isso iria ser uma vergonha pra uma mulher que quer ser presidenta sudah indonésia,C4,4
"setuju. sudah basi itu semua. para kadrun yaman sudah mati kutu sekarang nazabnya dipertanyakan dan diperdebatkan ke absahannya. selama ini kita didoktrin kolonialisme .. ini negara demokrasi, negara semua suku,agama,ras,dan budaya",C3,3
o partai nasdem ya ya ya ya ya jauh jauh kalian,C1,1
"tidak sesuai dengan janji waktu kampanye, saya mengajar sudah 30 th, mau beli motor cash saja tidak bisa, karena tidak mungkin cukup duitnya, dapat sertipun harus dipotong pajak lagii😭😭",C4,4
​ -j7r presiden gila kokdilanjutin satu kata turunkan silowo,C3,3
cebong mana paham.mas.akakaa,C2,2
"di tempat saya di balikpapan, salah satu pangkalan gas 3 kg, antri seperti biasa tetapi setelah semuanya bubar berseling beberapa jam kemudian ada datang seorang bapak bapak dengan memakai motor, dan pas dia pulang bapak tersebut sudah membawa tabung gas 3 kg yang ada isinya mungkin kurang lebih 10 tabung, mungkin saja si yang punya pangkalan menjualnya dengan harga yang lebih",C4,4
tidak usah takut kebenaran cepat atau lambat akan terkuak siapa yang mau menghancurkan republik ini dengan peraturan yang tidak jelas,C1,1
"narasumber yang berani & hebat bapak selamet ginting, isinya daging semua dalam hal bidang pertahanan & kemiliteran. tni harus menginstrospeksi & mengevaluasi sistem institusinya.! dalam semua permasalahan yang ada di dalam tubuh tni di antaranya adalah: orang sipil influenzer selebritis dedy combuzer di rekrut & di beri jabatan pangkat seakan seperti prwiratni hingga menjadi stafsus mentri pertahanan. mayor tedy perwira aktif tni yang di rekrut di lantik menjadi stafsus presiden ri tanpa mengundurkan diri/pensiun dini dari tni, hingga sa'at ini dia diberikan/di naikan pangkatnya oleh presiden menjadi letkol, itu pun masih tidak mau mengundurukan diri/pensiun dini. sungguh ini sangat memalukan & telah merusak sistem tatanan uu negara & sistem tatanan dalam uu militer tni,hingga merusak sistem marwah di tubuh tni sendiri..! wahai para jenderal tni aktif wahai para purnawirawan jenderal tni bersuaralah kalian dengan berani & lantang dalam hal ini kepada pemerintah & dpr ,mpr terutama kpd.bpk.presiden ri. ini akan menjadi catatan buruk tinta merah dalam sejarah di negara ri. salam akal sehat salam komando salam nkri",C1,1
"awas ada dozer, ratakan",C0,0
joget di atas penderitaan rakyat saya setuju di bubarkan dpr,C1,1
harus diungkap jlh sks tingkat sarmud dan sarjana dengan benar serta ipk. tahun 1980an untuk kkn harus lulus teori atau menyisakan 1-2 matkul. nah tahun berapa beliau kkn? bisa ditelusuri.!!,C1,1
"tedy hanya action, nyanyi.! bukan iri hati tetapi keputusan gaduh keliru, tak diakui😃",C1,1
"super duper diskusi yang memberi pengetahuan , terimakasih pak akbar , maju pak ahok 🙌 salam dari 🇯🇵🇮🇩",C0,0
"rumah perubahan berarti tempat bernaung tokoh perubahan, anies baswedan",C2,2
mantab pak..aku dukung keberanian bapak..👍👍,C4,4
mana ?,C4,4
"rupiah sekarang sudah 17,776 berjoget saja eya eya",C2,2
"-xn9fn9yu2b negara yang plural kok mau memaksakan ajaran agamanya , itu namanya orang gila",C2,2
"pki tidak nyusf, tetapi kalau paham radikal yang nyusuf terus bagaimana ya?",C3,3
"pas ugm nya didatangin pak rismon dan bu tifa tidak mau diajak bicara, apalagi menunjukkan dokumen2 itu.. giliran sekarang muncul di stasiun tv dengan narasi,, aneh sekali anda bu padahal kalau ijazahnya asli itu sudah dipajang dengan bangga di fak kehutahan ugm",C3,3
"tidak punya partai saja terpilih 2 periode apalagi punya partai sendiri , jadi partai itu hanya sebaga wadah saja bukan yang menetukan dia bisa jadi presiden buktinya pilpres 2024 banteng mencalonkan ganjar cuma dapat 16% 😂",C3,3
ya. jangan sampai saat masuk penjara pura-pura gila,C2,2
"kdm tidak bakal mau,, sangat berat untuk menang.",C4,4
"kandidat terkuat sekarang adalah kdm, mungkin prabowo kalau memilih satu partai kdm lah yang paling tepat",C0,0
astaghfirullah. anak dengan bapak sama sama pembohong nya.,C3,3
"saya setuju ibu kota pemerintah pindah tetapi tidak perlu fasilitas bagus2. dan lokasinya kalau perlu irian pedalaman. isinya kirim semua anggota dpr, partai dan kementrian tak guna kesana 😂🤣🤣 jangan kasih fasilitas udara biar mereka disana selamanya😂😂biar benar-benar menjadi wakil rakyat",C0,0
"mungkin kami yang sdm rendah, bingung dengan jawaban pak anies",C0,0
yang dekat pak prabowo banyak penjahat .. mengiring pak prabowo.ke jurang kalau benar begini . semoga di batalkan.. ya allah berilah pemimpin negara infonesia orang yang pintar bijak cinta indonesia,C3,3
jokowi malah tipe orang yang gila dan rakus jabatan bro bahkan presiden paling santai lugu tapi licik dalam bertindak,C3,3
"kaum kadrun radikalis isis dan keturunannya termasuk antek-anteknya jangan boleh masuk tni, nkri bisa hancur seperti irak, suriah, afganistan, libanon, sudan, angola, somalia, nigeria, kenya libiya, yaman, dll.",C3,3
tandai partainya,C4,4
imho satu2nya partai di indonesia yang masih masuk akal cuma psi.isinya banyak kaum muda yang mumpuni ..dan tidak ada beban politik untuk tegas bersikap untuk kepentingan bangsa! semoga psi bisa terus konsisten kedepannya 👍👍,C0,0
"paranoid. ketakutan yang tak beralasan. akibat selalu melihat ke belakang. zaman now, intel kita sudah serba canggih. setiap gerakan terlarang pasti terdeteksi. komunis sudah tidak bisa masuk. komunis sama dengan atheis (tidak percaya tuhan). dan orang atheis ada banyak di belahan bumi, termasuk indonesia. justru tugas kita memberikan petunjuk agar mereka beriman. bukan malah dijadikan momok yang menakutkan.",C1,1
"masalah nya korupsi dianggap wajar di indonesia, tidak seperti negara lain yang menganggap korupsi sebagai kejahatan luar biasa !!",C1,1
kami rakyat lebih baik kembalikan gbhn.ksrns pencurian uang takyat lebih banyak dati orde baru..semoga saja nkri tetap jaya amin,C0,0
"mereka tidak peduli sama kita,karna mereka tidak punya otak karena mereka beriq - sekali",C3,3
jangan mengikuti emosi. sampaikan aspirasi tetapi jangan anarkis apalagi sampai menjarah karena apa bedanya kita sama mereka para koruptor . saya mendukung demo ke dpr tetapi tidak setuju dengan anarkis apalagi menjarah dan membakar fasum karena semua itu di buat dari uang rakyat. ..damailah indonesia ❤,C1,1
prabowo dan jokowi 11.12 hanya perusak kultur bangsa ..hanya kemunduran yang ada,C1,1
"ya,,mereka itu bagi saya pejuang,,andrie yunus dan banyak lagi orang yang kriminalisasi oleh rezim ini. benar-benar bangsa ini sedang menuju kehancuran kalau di biarkan,,semoga tuhan mendengar doa kita🙏",C1,1
lah . yang . sekarang kisruh jijasjah. . kan yang salah bukan dia 😊. yang salah ya ..yg memilih lah😅. dia tidak mungkin.memimpin .2 pra oday. tanpa ada yang milih.cuy. yang harus cerdas dan berisi itu. tidak lain tidak bukan. . ialah.para pemilih.. itu sendiri..🤫,C1,1
kdm .. ❤,C4,4
yang mantap freddy darmanik bukan ferdinan,C0,0
jokowi sekarang itu manusia kloningan dari china untuk merusak segala aspek di nusantara demi nguasai sda dan membodohi rakyat,C3,3
​ tidak mungkin dpr sama semu kali .ada yang betul betul membela rakyat..tidak semua orang sama sama abang aku.,C0,0
melawan para pengkhianat bangsa dan kaum munafik itulah yang paling sulit ..,C4,4
"mungkin korupsinya juga tidak seberapa., eh begini.. kalau curi ayam, benar itu salah, tetapi kalau merugikan rakyat triliunan, itu saya kira yang harus kita habiskan di indonesia ini,.,",C4,4
"tahu sejarah kadrun itu apa, . tahun 65 orang-orang dari pesantren atao kyai disebut oleh pki itu kadrun . dan sekarang terucap lagi .",C0,0
semua partai seperti itu seperti nya. cuma caranya saja yang berbeda. kemarin ketum mardiono kurang kayak apa. nyatanya juga tidak berani mengeluarkan uang pribadi untuk bantu partai p.. dan parahnya setelah p terpuruk mardiono tidak mau di salahkan,C3,3
hehe,C0,0
memang apa yang sudah dibangun selama ahok menjadi gubernur? 😂pasukan orange saja tidak digaji berbulan bulan selama ahok menjabat😂pribumi digusur dengan cara membakar untuk di bangun apartemen dan mall😅😂😅😂😅😂😂emang boleh sehalu ludah itu🤣,C3,3
mulyono 2.0,C4,4
bapak prabowo yang terhormat kami sebagai masarakat tolong pak jangan di kasih jabatan mahluk ini kalau sampai bapak kasih kami kecewa sama bapak,C1,1
resxi channel mengaji bareng mbak lia tentang pki.,C0,0
koruptor semakin di depaan .,C1,1
karena mayor teddy sudah sangat dipercaya oleh bapak presiden,C4,4
anak rizieq nanti tidak boleh masuk tni bagaimana 😂,C4,4
"bagaimana mungkin ini tidak politik dinasti, kalau ada yang bilang ini tidak politik dinasti dan politik oportunis perlu di cek iq nya. memang benar yang menentukan rakyat, tetapi kita tahu, semua sengketa pemilu itu akan bermuara di mahkamah konstitusi, terus kalau yang kalah di menangkan maka apa tidak chaos negara ini. makanya orang² berintegritas dan orang² pintar di negara ini harus bersuara jangan biarkan para sengkuni politik dan penguasa oportunis leluasa di negara ini!",C2,2
"reformasi 98 siapa yang belokkan arah, siapa yang buat 48 partai, menjadi sumber korup besar-besaran siapa yang menjatuhkan gusdur.",C1,1
"​ -sander7100 kamu koruptor nya,, tidak bisa ngebayangin kalau anis lawan parw mafia,, auto ketar ketir",C3,3
mic di matikan karena waktu yang di berikan sudah habis.malah bicara terus2 tidak ada tujuan.dengirin orang ling lung ya dimatikan.pasal berapa ayat berapa yang merugikan rakyat.malah kabur mirip maling ketahuan.di gedung dpr lagi.,C2,2
oh kalau tni bersih ya bang?,C4,4
jangan kendor kasih bubar dpr dan bubarkan semua partai2 politik yang begitu banyak tempat bersarangnya parah-parah koruptor.,C3,3
intinya dia termasuk komplotan koruptor. tidak mungkin tidak tahu bancakan korupsi di proyek itu. sukurin dah. 😛,C4,4
sama saja mendukung penjahat tahun depan ingat rakyat jangan pilih wakil dpr ingat ingat itu,C3,3
"aneh, sekolah di ln bahasa inggris tidak bisa. pakai bahasa isyarat mungkin selama disana.",C2,2
yang mengklaim dirinya sendiri pintar kalau tidak sombong ya gila 😂,C2,2
"akibat moral, p jokowi diburuk2an, jadi banyak elemen bangsa ikut-ikut buruk2an p jokowi. bahkan dengan bahasa vulgar ya lebih buruk dari ibu mega sendiri.",C1,1
banyak benar disii buzzer2nya wkwk,C3,3
"doa jalur langit buat pak prabowo semoga sehat selalu dan bisa menang melawan 2 penjahat itu, doa buat 2 penjahat semoga di beri balasan yang sangat buruk. amin",C2,2
angkat topi setinggi tingginya sama bang akbar dan mbak grace sangat bangga dengan ide dan paparannya sangat rasional dan seimbang tidak menjelekkan orang lain sukses selalu 🙏🙏👍👍🙏,C0,0
lah tidak mungkin bisa di periksa sih nadiem sudah ikut gerbong sih nganu pasti aman2 sajah wkwkwk,C4,4
"coba pak mentri merasakan mengantri panas²an hujan²an demi satu biji tabung gas, sudah gantri berjam jam eh tidak kebagian, terus kalau gas habis di waktu subuh di tengah mlm, biasanya bisa ngegedor di warung dekat rumah eh ini sudah tidak jual gas, pangkalan belum buka, mau masak pakai apaa, benar kata si bapak, kalau pak mentri punya senjata punya wewenang buat membasmi para mafia gas, ydh tangkapin saja mafianya bukan malah menyusahkan rakyat yang tak tahu apa apa, heran sangat sama pemerintah suka bikin kebijakan seenaknya tetapi tidak melihat kondisi lapanganya, semoga masalah gas ini cepat selesai..",C2,2
"media lain bisa dibungkam karena petingginya rata"" dekat dengan rezim​ -kh8jg",C0,0
cinta itu buta mungkin ada benarmya ..hiks,C4,4
"oh kalau dilihat komen si kayak ye kafir wkwkwk lebih parah si kalau sistem komunis, liberal, indonesia dijajah 350 sama kaum kamu",C4,4
anak abah,C4,4
"menikmati saja oke gas "" gas hancur akibat pemilu curang",C1,1
ya iya lah ada yang lain di lihat bagus - bagus,C4,4
oh ini yang di bilang antek antek asing,C1,1
bagaimana kalau rekomendasi dari mulyadi 😂😅 mulyadi & mulyono 1 kolam bro. beda kolam dengan kadrun & banteng merah.😂😅,C2,2
"sudah digeruduk rumahnya sama rakyat .,baru gemeter nangis2 meminta maaf.",C3,3
"yang bahaya bagi indonesia sekarang adalah radikalisme agama. bukan lagi pki, pki itu sudah usang hancur lebur dan tidak laku lagi. mantap panglima",C1,1
guru penipu murid saja gaji gede. kerja cuma mainan hp ditutupi sama buku.. sudah piknik dibayarin murid.. masih saja disanjung sanjung prabowo😅😅 aneh pemerintahan sekarang.,C2,2
dengan keterangan prof zulfikar harusnya kementrian pendidikan kita malu kalian harus bertanggung jawab dan jlskan ke masarakat indonesia yang membayar mengaji kalian jangan langgar aturan yang ada cuma seorang gibran karena anak presiden kala itu masarakat akan tuntut kalian yang pintarnya bohongin masarakat yang gaji kalian ini kacau.,C1,1
"gagal paham, oke bisa dikatakan begitu. tetapi kalau matan napi tipikor, prabowo kmungkinan prabowo tidak tahu, karena tidak sedetail & seluas itu melihat semua sisi, termasuk menurut icw. prabowo jwb, 'itu kan menurut icw?', karena prabowo tidak tahun langsung anggota partai gerindra, apalagi tingkat bawah & cuma 6 saja, mantan napi korupsi. jika anda perhatikan, korupsi suap / gratifikasi lebih 'prioritas' disasar kpk daripada megakorupsi di bumn. kepala daerah tetangga ku saja hanya karena keputusan keterpaksaan bertanda tangan, harus masuk penjara. padahal tak sepeser pun uang negara digelapkan",C1,1
bu mega tidak pernah membaca qur'an kali ii dan tidak mengerti isi kandungan al qur'an jadi ya begitu celotehnya tahunya koran hi hi hi. waktu waktu waktu,C3,3
"aneh bener..udah punya gaji pokok..eh sekarang ada tunjangan beras dan bensin..mmng dari gaji pokok itu,tdk cukup buat beli beras dan beli bensin?",C1,1
"jangan su'udzon tentang dpr siapa tahu apa yang kita anggap tidak baik, ternyata memang buruk sejelek jelek nya , pasti ada lebih nya lebih baik dibubarkan misal nya",C1,1
sekarang partai kenal oknum,C1,1
saya senang netijen ribut disini hahaha lanjutkan.!,C0,0
"saking amannya para koruptor, layak negeri ini distemple sebagai negeri surga koruptor, dan bisa jadi kedepan koruptor merupakan kesempatan yang diidamkan setiap insan negeri ini.",C1,1
iya bro..jangan jangan sudah dipegang pki lagi ini negara kita..cita cita mereka tetap ada,C4,4
"begini bang misal moyangnya yang pki cicitnya apa tau? seolah² mereka mirip anak tiri bagi indonesia seperti dibuang,padahal mereka tidak tahu menahu tentang keturunan nya kalau pun tahu itu karena diselidiki secara rinci 🗿kasian bagi klean yang malas membaca buku sok² pintar padahal kaga, mudah di provokasi dan terutama malas membaca buku 🗿ga tahu yang terjadi sebenarnya di sejarah tersebut,lebih percaya ""katanya""🗿",C2,2
"kenapa harus takut sama pki.? kalau rakyat sejahtera ,hidup layak, tidak kekurangan maka idiologi-2 komunis tidak akan berkembang yang perlu di waspadai ada lah idiologi kilafah.karena sekalipun dia sejahtera tetap bisa menyerang.",C3,3
komisi i dpr harus turun untuk mengkoreksi kekacauan hukum dibidang ini. karena mafia hukum masih merajalela,C1,1
kalau saya lihat itu hanya umpan pancing umpan itu menggiurkan tapi pancingan nya menyakitkan ketika pancing di tutup dengan umpan yang ada menggiurkan bahkan kalau pun di makan tidak menampak bisa menyakitkan anggap saja keburukan nya tidak menampak yang menampak hanya menimbulkan rasa simpati namanya juga politik,C1,1
apa pengganti yang selevel dpr. apa kita jadi absolut monarki. seperti thailand dan inggris. tetapi kamu tidak boleh bersuara. karena hal mutlak ada di tangan raja.kau mau yang begitu. gila kamu kawan. di kasih negara yang begini kamu cari negara yang bagitu. nanti tidak cocok tinggal ganti lagi dengan model lain. minyak twlon azza jangan cuma coba coba. apalagi sist pemerintahan sebuah negara. kamu belajar ppkn atau ilmu tata negara dimana. boss.?,C3,3
"​ jangan selalu kdm, apa yang tidak bisa dlakukan zaman dulu bisa dlakukan skrg, pmbangunan yang jarang sjak dulu sekarang sudah mulai brbenah dan trtata,, segitu saja sih selebihnya insyaalloh jabar akan istimewa, bismillah",C0,0
"perlu dikaji tentang ekonomi koperasi. simpanan wajib, simpanan suka rela, semua punya anggota untuk anggota. kalau koperasi merah putih itu koperasi atau sistem apa? kok pakai modal awal dari pemerintah, bukan dari anggota. kedua, kalau modal dari pemerintah 700 juta (misal), di kaji tidak di desa berapa jumah uang yang beredar per hari? jangan-jangan ada barang tidak ada yang beli, orang masyarakatnya tidak punya uang yang cukup. contoh kegagalan; kud, usaha desa yang sedang berjalan, pasar agro di beberapa desa, yang tinggal bangunan. tempo coba investigasi ke desa-desa terpencil.",C1,1
"sebernya wajar militer kita harus kuat, mengingat saat ini bukan sekedar perang digital atau perdagangan.. beberapa tahun terakhir banyak negara bentrok dalam segi pertahanan negara yang mengharusnya militernya turun medan perang dengan senjata..",C0,0
setuju,C4,4
"ahmad sahroni adalah buronan masyarakat dia yang pantas di adili,dia yang membuat negara ini ricuh dengan ucapannya yang menyulut amarah masyarakat",C3,3
"masih juga tidak percaya oknum - dewas kpk saat ini bermasalah ?. track record hasil revisi uu kpk yang luar biasa merusak lembaga korupsi. dirreskrimum polda jaya jika sukses mepidanakan oknum pimpinan kpk saat ini, merupakan kesuksesan ""tri brata"" institusi polri",C1,1
"saya masuk kerja jam stengah 6 pagi,dan kerja saya di emporium pluit,lalu dari rumah saya ke emporium pluit tempat saya kerja jarak nya 1 jam stengah pakai motor,dan dari situ saya kalau brangkat kerja nya jam 4 shubuh bareng sama maling ayam,itu saya bisa seperti itu,nah kamu kerja bilang macet ya kamu berangkat kerja nya jam 4 shubuh supaya tidak kena macet,pada inti nya kalau orang niat kerja sungguh-sungguh dan benar biar kata kerja jauh tidak akan ada kata terlambat atau pun macet,klo kamu bilang macet ya kamu brangkat nya jam 4 shubuh supaya tidak terkena macet,faham",C2,2
kacau sudah lembaga penegakan hukum korupsi kalau ini benar.,C1,1
wah kalau itu sepaket sama buzzer komen sebelah bang nnti😂,C0,0
"gila yaa, setahun anggran 800 triliun..kemanain tuh duit",C1,1
orang partai golkar 😂,C4,4
apa mungkin itu setara dengan sekolah paket b atau paket sih jika di indonesia,C4,4
"mas gibran, gubernur jateng saja kemungkinan jadi besar sekali semoga mas gibran senantiasa sehat",C0,0
"ingat kita sekarang sudah masuk perang dingin jilid 2. dan di perang dingin sebelumnya juga kita sudah salah memilih (atau lebih tepatnya dipaksa milih) pihak - ingat soekarno dulu juga condongnya ke cina, lantas beliau dikudeta dan digantikan soeharto antek mamarika. tidak heran kalau sekarang akan terjadi lagi kejadian yang serupa, dan harapannya ya kali ini kita bisa memilih pihak yang benar.",C1,1
hahahahahahahaha,C4,4
"bersamaan dengan penerapan uu perampasan aset koruptor, seharusnya partai politik juga mulai dibiayai penuh lewat apbn dan diaudit secara rutin oleh bapak + kpk + dll. misalnya: setiap suara yang berhasil diraih, diberikan rp 1 juta untuk biaya operasional partai politik. sehingga, tidak ada alasan apapun bagi partai politik dan para kadernya untuk menerima gratifikasi & korupsi. 🇮🇩 nkri harga mati 🇮🇩",C2,2
menggadaikan kedaulatan dan ekonomi indonesia 😢,C0,0
iya benar . datangi rumahnya .. itu pas,C4,4
lose s.saya ini kadrun kok sakit hatiku tambah parah ya 🐩😘,C2,2
pekerjaan proyek yang tidak dipegang ahlinya pasti hancur dan sia2,C1,1
"dulu tedakwa korupsi berhasil lolos dengan praperadilan, langsung para koruptor melakukan hal yang sama biar bisa lolos dari hukum. kemarin pak tom lembong lolos dari hukum dengan membangun opini dikriminalisasi hukum. hal seperti ini nantinya juga akan dipakai para koruptor untuk lolos dari hukum dengan membangun opini dikriminalisasi hukum oleh pemerintah.",C3,3
"stop mbg, mbg proyek korupsi, uang rakyat habis di maling alih2 berkedok gizi.",C1,1
"dia main-main dengan kata toleransi, dan nasionalis, kurang ajar ini wedok",C3,3
indonesia tidak punya pemimpin yang bernyali yang tidak tersandra oleh kepentingan.. negara ini sudah hancur di semua lini. dari yang paling miskin sampai yang paling kaya.. dari yang paling lemah sampai yang paling kuat semuanya sudah hancur.,C1,1
20 ..ditempat kami 50 ribu harganya,C0,0
"​ pdip partai ""petugas"".",C2,2
"cinta memang tak selamanya bisa indah, cinta juga bisa berubah menjadi sakit begitu yang kurasakan ini perih hatiku tinggal kehancuran",C1,1
"saya pernah dengar owner umkm di daerah saya cerita bahwa untuk menjadi mitra mbg mereka harus menyetor dana minimal 50 jt, dan harga 1 porsi nasi bergizi lengkap tersebut hanya di hargai 15. ribu padahal untuk di daerah kami harga sayur saja bisa 2 kali lipat dari di pulau jawa, jadi die bilang ke kami, untungnya belum tentu dapat alias rugi. yang juga harus di setor kan ke sebuah rekening ( tidak dijelaskan ke rekening mana) karena owner pemilik usaha makanan kating ini menolak untuk bergabung menjadi mitra yang kebetulan pelaksanannya diatur oleh instansi pemerintah ( tidak mungkin dapat sbut sensitif😅) mereka juga nelaksanakan atas perintah dari kementerian yang ikut menyukseskan ini program 😂",C1,1
kenapa firli punya trek rekod yang buruk tpibrezim justru memakai terus bahkan masa jabatanya di perpanjang .ra waras,C2,2
ngotot. perampok memberikan makan maling! rakyat cuma tumbal😂,C2,2
benar sekali .bisa jadi musuh dalam selimut.,C4,4
pigai yang mantap❤,C0,0
saya kardun..biasa2 saja kalau maka lolosan gibran jadi cawapres..kalau dipikir2 benar juga muda tidak masalah..disamping puas2in keingian pak lurah dimasa akhirnya..kalau tidak menang..ngajuin ke jakarta juga boleh deh..asal jangan bawa-bawa piara buzzerrp jahat suka fitnah lawan politik.,C2,2
"memang benar pip ada malingnya ,bu dewan benar sekali",C1,1
"yang melarang anak /keturunan mantan pki menjadi tni itulah yang sesungguhnya komunis., karena dengan demikian dia tidak mempercayai takdir allah karena lahir mati ditangan allah siapa yang bisa memilih utuk di lahirkan dimana",C3,3
hentikan mbg..motong honor rt,C4,4
rusak nya syatu bangsa di tangan orang orang yang salah,C1,1
"tugas partai hanya ngusung saja sehabis itu keputusan tertinggi ada tangan presiden bukan ketua partai, coba melihat di amerika si trump memang trump pemimpin partai republik? bukan tetapi dia tidak diatur sama ketua partai republik,",C2,2
diprediksi prabowo tidk akan mencalonkan diri ya lagi pilpres 2029 nanti karena tidak ada dukungan dari psi jokowi atau karn sakit kemungkinan besar gibran jadi presiden 2029 2033,C4,4
"​ -p9p9b termul memang serba tau, tahu yang bayar tahu sekolahnya samsul . hebat kamu mul ngarangnya",C2,2
"salahnya dari komen diatas apa sih? kan benar jangan memainkan isi agama. ahok dikriminalisasi agama, anies dikriminalisasi masalah memandikan jenazah. kan sudah betul pernyataan komen diatas. kenapa kalian pada sewot? sudah tinggalkan semua cebong dan kadrun. muak",C2,2
"ibu ina benar sekali dari sebulan lalu hingga sekarang sidang tidak kelar, pertanyaan jaksa pun tidak berbobot. kacau",C1,1
kalau itu hanya rotasi biasa berarti partaimu sudah benar-benar bukan partai rakyat lgi.,C2,2
merusak suasana nanti,C4,4
jangan banyak bacot bu. saya lebih percaya dengan kerja mentri. dari pada kalian cuma bacot saja gaji besar menyebalkan,C2,2
"menuduh tanpa bukti itu fitnah, dan itu lebih kejam daripada pembunuhan",C4,4
selamat untuk turunan pki.orang tua maupun kakek nenek mwreka selalu bilang pki itu tidak salah,C3,3
"gila gaji dpr naik 3 juta perhari, saya pikir 3 juta sebulan, demi allah saya sebagai pembayar pajak tidak ikhlas dunia akhirat.",C3,3
"kalau mau debat sama termul itu hpembykanya ditanya dulu ""hari ini masih waras kan"" baru deh mulai debatnya biar kelihatan itu orang waras apa orang gila , 😂",C2,2
"anda bukan penyidik/detektif/pencari fakta valid, siapa pembisik anda sehingga bisa menjustifikasi. ??",C0,0
saya alhamdulillah masih bisa melihat dan bisa mendengar,C4,4
guys ayok full support ahok ❤,C4,4
"tentara terjun ke koperasi, polisi dikasih jatah urus mbg, benar-benar pembagian adil dan merata 😂",C0,0
woyy ingat umur..sudah banyak yang nyumpah in jelek ke anda woy ketua.dah ada sumpah i di do a kan jelek.tobat woy,C2,2
"mayor teddy prestasi nya nampang, narsis penampilan itu sudah prestasi yang luar biasa mungkin",C2,2
​ saya tidak mau menghalangi imajinasi pikiran anda.. 😅,C0,0
memang pki sekarang sudah bubar tapi prilaku tindakan anarkis intimidasi memaksakan kehendak sifat mementingkan ego tak mau tahu dengan hak dan kewajiban orang lain inilah prilaku dan ideologi yang secara terang2an mengingkari hati nurani masih hidup subur,C3,3
biang keladi ini yang merusak keutuhan persatuan rakyat,C3,3
"mirip nya media , ternak buzzer kumpulnya disisni",C4,4
-tn7df percaya odgj kasihan kamu,C2,2
pak amin rais bukan sebatas tokoh reformasi kalau 🐢tokoh reformasi sangat banyak bahkan sangat banyak yang mengaku tokoh reformasi atau menokohkan diri dan ditokohkan pengikutnya seperti gusdur megawati dan banyak lagi jadi yang benar pak amin amin rais bapak reformas,C0,0
"kurang pekerjaan amat jadi buzzer bos, mending bela harga diri sendiri dan keluarga lebih penting ketimbang bela bela in orang lain, dan bohongin banyak orang banyak wkwkwkwkw",C2,2
"justru kamu lah yang berhasil dibodoh2i ditipu dengan media2 sampah yang terafiliasi oleh yayasan milik george sor*s, terafiliasi dengan orang-orang imf, dan kaki tangan operasi intelligent dari negara sing*p*ra. mereka diluar sana itu tidak mau indonesia ini menjadi negara maju, mereka ingin negara ini tetap kerdil, tetap hancur..biar mereka bisa dapat cuan besar dengan kekacauan di indonesia. paham lu?? indonesia cuan besar, surplus dagang :",C3,3
"awal jadi wakil presiden sudah kriminal dengan memalsukan ijazah & uu, tentu saat menjabat semua tindakan & kebijakannya konyol dan bodoh semua.!",C3,3
kita tidak tahu duduk masalah yang sebenarnya. lebih baik kita serahkan saja kepada penegak hukum. jangan membuat narasi narasi masyafakay jadi bingung.,C1,1
"kita juga harus lihat sejarah pdip di dirikan oleh bu mega dalam proses pemberontakan rezim orba bersama mahasiswa, dengan tujuan reformasi dan demokrasi. pemilu pertama lahir di era bu mega. capres yang di tunjuk adalah kader terbaik. bukan keluarga atau anaknya. malah kader pdip digoda partai lain buat jadi wakil 😅😅 dan kita juga harus ingat sejarah pdip dengan idiologi yang kuat konsisten di luar pemerintahan menjadi oposisi di era pak sby. psi adalah partai baru dengan promosi akan membawa harapan baru, dengan claim partai anak muda, semoga capres nya tidak tua ya psi 😁😁",C0,0
"bagaimana kabar nya sekarang ? dibayar kontan koruptor merajalela, pengangguran makin banyak, rakyat di peras dengan pajak2, pabrik banyak tutup, phk massal, belum kebijakan2 tidak masuk di akal",C1,1
"partai satu satunya yang kerjanya cuma nyinyir pak anies ,",C0,0
jika tidak terbukti asli pasti kamu setuju dong gerakan gerombolan roy suryo masuk penjara?,C4,4
mengapai bayar pajak lah. jadi mangkin malas bayar pajak😅,C0,0
"-b6g lebih kasihan rakyat indonesia. tidak dapat uu perampasan aset koruptor, malah dapat uu perampasan aset rakyat",C3,3
walaupun ada yang dulu ada yang membantu tidak mungkin jokowi ada timvalbaliknya bagaimana ganjar pranowo dengan pikiran tenaga dan waktu tetapi pak jokowi tidak peduli orang bilang maling kundang,C3,3
adi sendiri jakowi,C4,4
partai salah input.,C4,4
"jokowi kacang lupa kulit, tidak tahu berterima kasih dan balas budi. bahkan parahnya, jokowi berkhianat kepada pak jika dan bu mega yang telah membawa, mengusung dan membesarkannya.",C1,1
"sombong dengan gaya mafia,bahwa ya sudah merasa orang terkaya sehingga dia merasa mampu membayar para bekibgannya,dan akhir nya rumahnya pun hancur dan barang barangnya pun habis di jarah ini bagai tindakan sang dewan siapa yang mau di penjara,ulah kesombongannya,allah sudah murka kepada orang yang sombong,",C3,3
"saya suka bung fahri ini..sampai2 ingin gabung partai gelora..tp tidak tahu partai gelora nya mau apa tdk,,wkwkwk",C0,0
"mau asli atau tidak bukan masalah, beliau tetap presiden terbaik, dbandingkan kamu kontribusi untuk negara ini apa, cuma banyak bacot saja",C2,2
😊aku sakud dengan ktbhan hati nanda yang tbh wlupun banyak hlangan dan rintangan yang menghalanginya namun nada selalu merima. dengan santai dan senyum smin,C0,0
umurmu hlo berapa kok bicara makin kesini makin kacau ?,C2,2
penjahatnya tentu kaum yang dijungkirbalikkin kepentingannya oleh nadiem saat jadi menteri. sekarang mereka balas dendam,C1,1
"saat gibran lagi jalan / jalan walkot surakarta, pks yang berpotensi mengusung lawan gibran, dikucilkan tak bisa gandeng parpol lain. semua parpol kecuali pks dikondisikan kekubu gibran maka muluslah jalan. tetapi gibran emoh melawan kotak kosong maka tiba-tiba muncul tukang jahit yang kebetulan tetanggaku dari jalur independen sebagai lawan gibran. kapan forum keadilan atau pun madilog mengundang pak dharma pongrekun. kita perlu tahu cara elite dajjal memanipulasi pikiran manusia yang beragama, pak dharma banyak tahu hal itu",C1,1
mpok2 sedang dagelan wayang..,C0,0
"astaga! 23 warga koja keracunan usai santap nasi kotak dari psi. warga rw 06, kelurahan koja, jakarta utara keracunan setelah menyantap nasi kotak yang dibagikan petugas partai solidaritas indonesia (psi) pada minggu (24/10/2021) sore. sebanyak 23 warga keracunan setelah menyantap nasi kotak yang berisi lauk telur, sayur buncis dan tempe orek dan dibawa di igd rumah sakit koja. xxc",C2,2
maklum andika itu anak . itu lah kenapa ia di tunjuk jokowi jadi panglima yang jelas sekarang nkri sudah dalam keadaan bahaya,C3,3
kadrun itu apa?,C4,4
banyak orang jahat yang menduduki kursi kursi jabatan di lembaga pemerintah indonesia makanya pak nadim disingkirkan dan dikriminalisasi,C1,1
"astaga! 23 warga koja keracunan usai santap nasi kotak dari psi. warga rw 06, kelurahan koja, jakarta utara keracunan setelah menyantap nasi kotak yang dibagikan petugas partai solidaritas indonesia (psi) pada minggu (24/10/2021) sore. sebanyak 23 warga keracunan setelah menyantap nasi kotak yang berisi lauk telur, sayur buncis dan tempe orek dan dibawa di igd rumah sakit koja. sih",C1,1
"kalau aparat jujur, mungkin saat ini mlyn sudah di jeruji",C4,4
"mudah² semua warga negara paham, tersadar, dan melakukan tindakan dengan penjelasan ibu liem., karena seperti inilah sektor pemerintahan. orang baik, orang pintar pasti jadi tumbal pihak mafia yang berada di dalam pemerintaha. allohuakbar",C0,0
sama saya juga tidak percaya,C0,0
kayaknya lagi ada yang membicarakan diri sendiri ini 😁,C4,4
tdk.waktu hj.hisam mmberantas mafia pangan justru si wapres yang nyinyir.jadi brsebrangan.selagi untuk kbaikn bangsa ya bagus.,C0,0
parah termul,C2,2
pak jokowi bukan ketua partai boss..dan juga bukan pengurus partai.sedangkan prabowo adalah ketua umum partai gerindra.,C0,0
"sebenarnya titik terparah adalah, mereka para mafia seenaknya dihadapan rakyat terang terangan bermain aturan. tahi dijakan emas saja bisa asal mereka mau, level pengadilan tertinggi maka saja diacak2, apa lagi yang dibawah2nya miris sangat",C3,3
lebih kasihan lagi wan yohanes ngambang.. bacapres bisa gagal maning..ha.kualisi sama partainya sengkuni saja tu..partai umat sengkuni indonesia.ha,C2,2
sehat selalu pak prabowo bawa indonesia lebih baik,C4,4
omong opohh-h,C4,4
bahas reformasi polri please kapan ganti itu kapolri.,C2,2
​​ -i8f antek aseng bukan asing om,C2,2
namanya juga perwira salon 😅,C0,0
susupi ? cari di mana anak baru tamat sama anggota pki,C4,4
"-u3s menyalahkan boleh, tetapi omonganmu ketinggian, tak akan mungkin kudeta,.apanya yang dikudeta..kostrad dibelakang dan masih kompak. memang kasus teddy itu salah besar,.dan semestinya tidak ajudan terus, dia ini selayaknya di satpur..",C1,1
parah kpk😮,C1,1
"sangat berintegritas, dan berkualitas,ahok,",C0,0
tidak mungkin mas gibran jadi cawapres prabowo,C0,0
"​ bro, ahok sudah dihukum penjara 2,5tahun. karena bukan dianggap kasus kriminal, makanya ahok ditahan di mako brimob. salam nkri salam bhinneka tunggal ika salam pancasila",C0,0
"si hensat itu hanya lucu lucuan saja tidak pakai data , lupa ya kemarin prabowo tidak mungkin menang kalau tidak sama gibran",C4,4
"soal pejabat"" yang koruptor kamu tidak koar.",C3,3
ini namanya jika membuat masalah baru seharusnya mantan orang nomor 2 di infonesia bicaranya harus di jaga jangan betkata memancing masa emosi 1 bbm harus naik kalau tidak bulan juli agustus akan keos 2 menistakan agama apalagi bukan agama yang dia anut 3 jangan ikut ikutan mengatakan kata kata termul itu tidak pantas dia ikut ikutan nyebut kata kata termul,C1,1
😂 si anis. manusia model begini di bilang cerdas😂😂 di jawab jadi kayak orang dongo😂,C2,2
cuma ada dua kemungkinan : 1. jaksanya telah disuap 2. jaksanya terindikasi stunting,C2,2
"buat netizen yang maha pintar dan sopan, membaca dulu deskripsinya!, ini acara perayaan anniversary pdip ke 50!, namanya acara perayaan/pesta tidak mungkin bahas yang serius - serius!, intinya bu mega lagi roasting kadernya, kayak melawak/melucu, kalau tidak lucu buat orang luar ya wajar, karena tidak paham apa maksud si mega, jokes ini hanya untuk orang dalam partai saja yang paham.",C1,1
"hancurkan petugas partai,",C2,2
"sahroni ini manusia tetapi tidak ada prikemanusiaan , orang ini propokator masalah adanya demo, ada seorang dewan bicaranya seperti tidak ada orang cuma sahroni yang hidup di dunia ini, mungkin sakroni kalau mati maunya gali kuburan sendiri, tolong kalau bicara jangan arogan karena jadi dewan kalian dulu rakyat biasa juga bos, salam settong dheri dari madura",C1,1
bang akbar tidak bikin partai ?,C0,0
"kapan indonesia maju kalau begini terus. uang pajak dari rakyat malah dipakai buat gaji mereka.. negara tetangga kita malaysia malah lebih maju, karena para pejabat nya tidak gila uang, dan tidak korup seperti di indonesia",C3,3
profnya kurang jelas.,C4,4
"dan di survey oleh lembaga sure pay si denny saja dengan tingkat kepuasan 80% ( cebong semua dari 1200 orang yang di survey) , penduduk indonesia 270-280 juta.!🤪🤣",C3,3
"itu penugasan oleh prabowo kontraktor jadi subkon saja dihargai 1 sama per lokasi, entah berapa dari pemerintah selisihnya apa dumakan tentara sendiri dan prabowo tidak paham apa apa",C0,0
mungkin cita cita mereka tercapai.. makanya joget-joget. ketika meminta pilih janji manis setelah jadi joget,C4,4
anis jangan kan jadi presiden jadi ketua rt saja tidak layak.,C3,3
ngabalin 2 😂😂,C4,4
bisa apa dia,C4,4
setuju firli harus di nonaktif kan demi untuk menyelamatkan kpk dari oknum mafia dan koruptor,C1,1
memang ada program pemerintah sekarang yang ga' gagal disain. 😂🤣,C1,1
sang komando roy suryo,C4,4
😂 ganjar pranowo ri 1,C0,0
​ -gs9qv memang susah menghilangkan sakit hati wkwkkw,C2,2
pertanyaan saya kenapa kasusnya mirip besar sangat gini? sampai disidang petinggi2. spesial kah siswa yang gagal itu?😮,C0,0
"anda mendukung penangkapan pendemo yang anarkis.tapi anda tidak mendukung kpk melakukan tidak ott, justru anda mengatakan kpk kalau mau ott harus izin sama ketua partai.kocak!!",C1,1
"mengapa ya kalau anggota keluarga jou-know-who yang usahanya sering bangkrut dan tiba-tiba bisa beli klub bola + partai itu tidak pernah dicurigain, sementara rakyat yang baru jual tanah semeter langsung digali ya asal uang/tanahnya 😂",C4,4
"oknum itu ketika minoritas, a few of.. kalau mayoritas bukan lagi oknum, karena itu di negara ini yang menjadi oknum adalah orang yang bersih.",C1,1
hancur dan tidak ada damai negeri ini selama masih ada relawan2 dan buzzer2 jokowi yang menjelma menjadi relawan dan youtuber nusantara binaan jokowi sangat masif,C3,3
"seharusnya kantor dan pemilik survey dinepalkan saja karena mereka telah menjadi media pengumbar kebodohan,kebohongan sekaligus penipuan. silakan di nepal kan🇮🇩😡",C4,4
ikn di manfaatkan untuk penjara koruptor saja gemana,C1,1
buka comment isinya buzzer semuanya:),C0,0
"loh kan dalam pernyataannya prabowo sudah menjawab pertanyaanmu "".dan kalau hukum masih mengijinkan.."", pernyataan itu hasil kerja siapa? presiden sendiri loh yang bilang jika mantan koruptor masih diberi kesempatan untuk nyaleg. jawaban itu sebenarnya telak, hanya saja prabowo mampu menyampaikan pernyataannya secara elegan dan mampu mengontrol emosinya..",C3,3
selama kantong pakaian pejabat yang tidak punya rasa malu menghadap keatas maka korupsi di negeri ini tetap berlanjut kecuali uud hukuman mati bagi koruptor di berlakukan,C2,2
wah gaji bersih sebersih dosa fir aun hahahaha lawak lawak 😂,C2,2
"penegak hukum bobrok seperti itu apa bedanya dengan koruptor? indonesia darurat koruptor 💪 "" uu perampasan aset koruptor"" harus segera di sahkan 💪 jangan tunggu sampai rakyat marah 💪",C2,2
"senang melihat seorang tokoh yang adil makmur sentosa, terlihat dari perkembangan tubuhnya walau mungkin peninggiannya sih tetap nampaknya.",C4,4
"psi di era grace dan giring tidak mau berkoalisi dengan partai lain tetapi dukung orang yang diusung partai lain, beda dengan kaesang yang mau bersilaturahmi dengan partai lain tanpa harus menunggu partai lain ke psi terlebih dulu",C1,1
kalau jelas-jelas tidak masuk akal maka perlu dibahas secara akademik dan jika benar-benar tidak jelas maka jaksa dan hakim harus diproses secara hukum dipenjara/dipecat.,C1,1
masa gila kok gagah heeran,C2,2
dasar hukum. mafia minyak goreng sampai sekarang saja susah. mengurusi dasar hukum yang model bagaimana kalau minyak goreng langka.,C1,1
"​ , yang susah di atur negara kita kebanyakan termul buzzer2 taming kekuasaan piaraan dinasty genk oslo",C3,3
😃,C0,0
"kpk di era ini seperti nya cuma alat politik . lawan disikat ..kawan lewat .. seharus nya kata korupsi di ganti saja dengan istilah lama yaitu ""maling uang rakyat "" ( mur ) .. biar kalau negara tidak becus menghukum mereka ..serahkan sama rakyat saja pasti beres . tidak perlu masuk sidang .pasti selesai . dan akan menciptakan effect kapok sekapok2 nya .",C2,2
"semoga tni tetap dijalurnya, dengan tanpa disusupi pesanan, proyekan yang dilakukan oknum2",C0,0
"langsung saja antri ke pabriknya biar rame. jangan ngereportin pangkalan karena pangkalan sudah punya wakil namanya warung pengecer, dan dari warung pengecer lari ke warga. ini mentri bicara bukan pakai mulut tetapi pakaidengkul",C0,0
kadrun kepanasan.😆,C2,2
memang boleh se halu ludah itu😂,C4,4
itulah mantan mentri yang suka maling panci,C3,3
"nice.. artis masuk politik jadi dpr, konyol kalau mereka tidak punya dasar politik.. seperti untuk know laahh.. sudah mending di entertain saja mereka",C3,3
mantap bicara etika tetapi sangat tidak punya adab si anis.,C3,3
bagaimana pertanggungjawaban perangkat desa atas pemakaian dana desa untuk pembangunan bangunan koperasi merah putih?,C0,0
itulah kenapa harus menggunakan litsus lebih obyektif. karena tidak semua keturunan pki berpaham komunis. jadi kalau yang diblok keturunan pki itu subyektif.,C1,1
tujuan mbg itu bukan untuk memenuhi gizi anak bangsa.tapi hanya untuk mensejahterakan para pejabat2 sekitaran prabowo..😢,C3,3
"mung azis infastruktur untuk apa mndhulukn itu semua kalau rakyat kemiskinan tidak bisa di tanggulangi, jangan kan beli mobil makan saja susah. jadi siapa yang akan menikmati tol itu, untuk apa tol banyak kalau rakyat miskin saja masih bnyak, harusnya ciptakan lapangan kerja dan krgi impor serta tolak tka, lihat pershaan pertmbangan jutaan tka masuk smntara pribumi ngelmar kerja disana tidak ditmrma. saya mngaju kan pendpt ini tolong pertimbngkn pilihan masing-masing tolong melihat sejarah memperjuangkn bangsa. 01 02 punya klbhan masing-masing .",C1,1
"zmengapa kita memang benar kita ini dalam merdeka dengan domokrsi yang digembar gemburkan ,tepi rakyat hanya mampu berdemontrasi.koropsi menjad jadi,,aneh? sidtem pemilu harus duroba.yg memang benar-benar hak rayat,harud diutamakan ,dripada wakil rakyat, kalau tidak nampu rakyat wajib mengambil ali h dari wakilnya karena tampu menjalankan tugas yang bak? !",C1,1
maling. periksa. maling. 😂😅😊,C3,3
akbar saja sampai salut dan sebut dari dulu ahok menggila menolak pemberian oleh2 sekalipun karena terlalu jujur,C2,2
"terus kami rakyat harus percaya sama siapa lagi, selalu begitu dan begitu, disetiap masa kepemimpinan ketua pasti berkahir duka, apa yang salah dengan sistemnya, apa mungkin sistem di cina sana kita terapkan di negeri ini",C1,1
survey khudori.survey jilatan maut.posisi staff khusus istana..gilaa,C2,2
"logika sederhananya, berarti kejaksaan juga ada yang bermain. bisa jadi kejaksaan disogok oleh mereka-mereka yang terlibat. wajib diperiksa",C1,1
"diskusi ini adalah signal bahaya hancurnya sendimen pertahanan negara, dimana bukan hanya isu melainkan grand desain yang sudah di buat sedari awal oleh para penjahat elit negara yang duduk di pemerintahan.",C1,1
anis raja bohong sangat memuakkan,C3,3
kayaknya jusuf hamka dipersiapkan justru untuk menjegal ahok.,C4,4
"mungkin sirik, & sukanya coment😅",C2,2
"tak mungkin jomblo ,mengapa ? faktor ketumnya sudah jelas kemana kecendrungannya.",C4,4
mayoritas rakyat indonesia sudah mengetahui gibran jadi walikota solo tidak sah dengan cara licik mengkriminalisasi/menjegal calon kuat pesaingnya dengan dicovidkan .. ini bukti nyata aparat negara ikut bermain jadi kakitangan gibran-jokowi alias termul .. pertanyaannya .? .tidak adakah segolongan orang baik-lurus yang mampu mengadili-menghukum jokowi &termul2nya.,C3,3
salam mantaf 🐱,C4,4
psi partai masa depan. harapan rakyat jujur,C4,4
"​ harusnya dimintai pertanggung jawaban untuk seluruh rakyat dan kak r i,",C4,4
siapa yang cocok ?,C4,4
saya samasekali tidak merasa punya wakil peresedin gibetan. tuh,C0,0
"maju terus pak zul, ayo bersatu padu untuk nkri. hati hati dengan pengkhianat bangsa, melihat saja arah kebijakannya. kawal para pejuang ri.",C3,3
"tidak jelas,yg kamu maksud itu siapa, terus kata-kata laknat kok mirip ustad gila,atau jangan-jangan kamu muridnya,pantes",C3,3
"engak pada malu ya sudah bapak2 yang bangga nya , sudahlah di dpr ri itu gudang nya para mafia berdasi korupsi , masyarakat juga sudah tahu itu . pemangilan para pejabat menteri itu hanya kamuflasenya dpr saja biar dilihat kerja padahal nantinya juga meminta jatah sama menteri yang di panggil ..",C2,2
semua kebijakan kdm atas restu ketua partai nya lahh.. kdm mana berani macam-macam tanpa restu pak ketum,C1,1
"gibran itu kemampaunnya mungkin bisa lebih dari pak jokowi, kesabarannya, sopan santunnya, kecerdasannya, integritasnya, jadi gibran diajak debat hal yang mudah, ringan",C4,4
keluarga jokowi adalah keluarga mafia.bahkan pdip pun di kadalin.yang sudah kadal saja dikadalin.,C3,3
yang penting tidak korupsi🤐 undang-undang penyitaan aset untuk koruptor segera disyahkan.,C0,0
bukan menikam kali sebalik nya pak prabowo nya tidak berani tegas sama maling maling di negeri ini justru sekarang cenderung bergabung dengan mereka yang tadi nya pidato nya mau kejar para maling sapai kutub sekali pun nyata nya malah sebalik nya begitu hormat sama mereka bahkan sekarang gabung sama asing bukan hanya atek atek nya saja,C3,3
"ada cerita.. aparat desa, terdepan memfollow up untuk mewujudkan koperasi merah putih di desa nya.. singkat cerita semua proses nya lewat tni.. ternyata dana pembangunan nya koperasi merah putih, besar potongan nya.. wah sudah ng amanah lgi.. gila nya lagi koperasi merah putih diambil dari dana desa.. wah wah. sudah ng bener.. parah..",C3,3
"makanya siswa yang bermasalah harus dikeluarkan, jangan sampai ketika sudah menjadi anggota, malah bermasalah. tetapi faktanya. netizen membela siswa yang bermaslahm",C0,0
sak karepmu dewe wae..,C4,4
"para garong menari diatas penderitaan rakyat, pki muncul dieta prabowo.",C3,3
untung tidak kepilih 😂 kalau kelpilih bangsa ini lebih lebih rusak😂,C1,1
"bpip tinggal bpip, berjalan enggak, dring2 pancasila ? nkri harga mati? mulut bicara hati nurani tidak ada percumah, itu gaya komunis, maling teriak maling, dipikir pikir benar juga yang di katakan rocky gerung, memang cerdasnya",C3,3
"setuju, saya jawa (jogja) tetapi saya lebih respek terhadap mereka itu. yusril, fahri dll. karena faktanya politikus/pakar² yang ""jawa"" sebagian besar pada tumpul otaknya karena sudah terkontaminasi materi dll. belum lagi yang kyai mengaku budayawan, romo mengaku budayawan, jurnalis mengaku budayawan, seniman bodoh mengaku budayawan setiap 5 tahun sekali muncul ke permukaan. dan teriak² seolah negeri ini akan hancur kalau salah satu calon menang dalam pipres, mereka jawa semua.! tetapi memalukan. hidup 🇮🇩",C3,3
"​ betul..pembohong berjilid jilid dapat jokowi tidak dilindungi allah, bahkan kena karma.. sudah terbukti.",C3,3
menarik sih gagasan psi semenjak dipegang kaesang,C0,0
apaan sih banteng2 ? apa tidak ada yang lain ?,C4,4
"halo manusia kuno, saya dari masa depan.. lagi kunjungan ke masa sengsara kelam indonesia",C2,2
"negara kita pasti akan menjadi maju dan hebat di mata dunia asalkan yang memimpin anak-anak asli pribumi indonesia, jadi mari kita semua rakyat bersatu dan bertekat untuk menjaga nkri kita ini agar selalu di pimpin oleh anak-anak asli pribumi indonesia menjadi presiden seperti selama ini, kita jangan sampai lengah dengan anak-anak keturunan bangsa lain walau pun sudah menjadi wni karena mereka akan sangat berambisi juga untuk menjadi pemimpin di nkri kita ini, kita anak-anak bangsa asli pribumi indonesia harus selalu bersatu dan bergotong royong untuk menjaga nkri kita agar jangan sampai di pimpin oleh anak-anak keturunan bangsa lain. merdeka 🇮🇩 ku.",C3,3
tampa partai politik pun jika mnyatu pada masyarakat pasti akan menjadi pondasi yang sangat kokoh dan tak mudah ada profokasi,C0,0
"koperasi merah putih dan mbg beberapa instrumen yang dibutuhkan dalam upaya indonesia swasembada pangan, air, dan energi yang berkelanjutan. indomaret dan alfamaret mulai merambah sampai pelosok bumi nkri mereka diam seribu basa😢",C0,0
ketua partai perlu tempat buat main main,C1,1
"presiden surabaya dimasa tuanya masih memikirkan masa depan negaranya, respect",C0,0
"senang banget, lucu sekali podcast ini. mas kaesang fokus entertain saja mas, tidak usah ikut politik 😢",C1,1
presiden nya teddy,C4,4
​ para monyt memang mereka,C0,0
"​ biarin, saya sudah pernah merasakan rezim otoriter. tidak buruk buruk amat",C1,1
mental maling tidak akan setuju.orng mau di benahi supaya rakyat mendapat harga subsidi tepat sasaran,C2,2
biang segala kekacauan.!😂,C2,2
setuju.kadrun yang perlu di waspadai .hti ..di/tii..fpi.nii.dan ormas lain yang anti pancasilalah..yg harus enyah dari nusantara.,C3,3
"mbg dan koperasi akal akalan presiden biar apbn negara bisa dimaling, buat modal pemilu 2029 prabowo butuh 10triliun . karena anggaran pemilu kemarin besar sekali.",C2,2
"psi = partai cerdas bertujuan mulia sebagai parpol harapan bangsa. podcast ini bikin kami tahu lebih banyak perihal psi partai solidaritas indonesia. hidup psi, bravo mbak grace natalie ◇♧◇",C0,0
"mau menanggapi, bukannya justru jagoan paslon mu yang mengijinkan malah seorang kriminal boleh menjadi pejabat pemerintahan? coba di crosscheck dulu, soalnya tim jokowi sukanya begitu, menuduh orang tetapi sendirinya melakukan..",C3,3
"ngerii. hari demi hari semakin melengkapi. ciri2 negara yang bakal di adzab allah kok pas dengan negeri ini. syarat2 allah menghancurkan negeri ini sudah hampir lengkap.?? membaca qur'an di bawa ini. ""jika kami hendak membinasakan suatu negeri, kami perintahkan orang-orang yang hidup mewah di negeri itu (agar menaati saya kata allah). lalu, mereka melakukan kedurhakaan di negeri itu sehingga pantaslah berlaku padanya perkataan (azab kami). maka, kami hancurkan (negeri itu) sehancur-hancurnya."" al-qur'an surah al isro; ayat 16.",C1,1
satu keluarga bisa membuat bangsa sebesar indonesia kacau.biarlah pengadilan akhirat yang mensidangkannya..,C3,3
"bener, buruk sekali aparat negeri kita",C1,1
kalimat yang dikatai anis ini tidak bisa dicerna orang tidak berilmu,C2,2
"hati-hati banyak buzzer dilokasi y, apalagi di sosmed, yang mau manfaatin keadaan ini buat kepentintan tertentu. intinya jangan mau diadu domba, apalagi kalau tiba-tiba ada orang yang bawa-bawa ras, suku, agama mending amanin aja, buzzer bayaran itu, stay save teman-teman",C3,3
belum pernah membaca hadis ini orang terlalu cinta negara sampai lupa agama cinta negara boleh tetapi agama tetap no 1 tanpa adanya agama mana mungkin indonesia ada suruh orang suruh jadi pancasilais eh tahunya ini nene2 gila,C2,2
​ pakai otak bro ❤,C0,0
"jangan dong beda kelas ,",C4,4
nepal dan indonesia bedah jauh bro tidak bisa hawa nafsu mu bermain di nkri ini,C0,0
-kr6ms pk jkwi presiden ..tp tahu tidak partai siapa yang mengusung pk jkwi sampaii hari ini,C2,2
"sekarang hampir semua partai merapat ke kabinetnya prabowo-gibran, logic nya pro prabowo sama dengan pro jokowi om.",C0,0
yang di video aslinya koruptor semua yang sok suci,C4,4
"enak lho,rakyat pajak naik kerjaa apa ,uu perampasan aset di tahan payah",C1,1
yang tidak setuju itu grup roy panci ..lanjut mbg,C4,4
patut di tanyakan sudah bukan jadi presiden ke kayaan ya berlimpah,C4,4
lanjut infokan terus mas roy.agar makin jelas.. bahwa : rakyat pernah di tipu oleh pembohong. miris.,C4,4
"saya termasuk yang mengidolakan bang fahri . cara komunikasi yang terkesan sinis tetapi banyak terbukti betul. cerdas, berani & jadi diri sendiri😊❤",C0,0
tidak belajar dari kkb ternyata,C4,4
goblok,C2,2
hayo siapa yang cari moment prabowo joget dan sandi memijat prabowo 😄 #👍,C0,0
agung sukmawan .. bantai pki sampai akar2nya,C4,4
"saya melihat dan mendapat info, seperti nya nandien di kriminalisasi karena mengganggu bisnis nya ""chaplin"". menjadikan bisnis bimbel nya jadi jadi tidak diperlukan lagi dengan adanya merdeka belajar. dan masih banyak dampak nya, banyak yang terganggu bisnis nya dengan ada nya merdeka belajar. betul seperti ibu ina lim katakan bahwa guru2 malas berubah.dll..dll",C1,1
ya masa keturunan salah juga.dudul aah.jgn mengadili orang yang tidak salah,C4,4
"jangan berdoa jelek dong bu, karena imbasnya ke rakyat juga, dan sekarang kita sudah kena azab covid, siap2 krisis ekonomi apa anda siap miskin dan kelaparan ?",C1,1
"mantap om masukannya, semoga di dengar oleh pihak istana 👍🔥📢",C4,4
"sahroni mundur diri dari dpr rakyat tidak rela bayar orang songong, di indonesia juga tidak boleh ada tunjangan tunjangan siluman, tidak boleh ada pejabat jadi koruptor.",C2,2
"pak surabaya bukan cuma seorang jenderal,mantan preiden 2 periode tetapi juga pemikir dan juga speaker yang mumpuni.",C0,0
"​ si p2 f4 sedang kampanye mau jadi pleciden konoha seperti bapak nya moekidi, tidak tamat sama bergabung tidak tamat sd, tok2 pletok2 gorong2 kok2 belekok",C0,0
gita itu kan barisan jokowi.,C0,0
-q8t kenapa ya almarhum faisal basri tiba-tiba meninggal sekembali dari medan? hm jangan-jangan kematiannya itu disebabkan oleh ….. dimunirkan… harus diusut tuntas nih…,C4,4
undang cawapres kita dong mas ketum,C0,0
jadi tumbal untuk menutupi si raksasa koruptor.,C4,4
ayah arya harun masiku beda kelas harun masiku dari partai demokrat loncat ke pdip.mencoba wani piro..emangnya era suharto dan sby..susah bro jaman sekarang bagi mau jabatan yang tingi,C2,2
mereka demonya setelah pada ribut2 dan pada ngamcem2 kan. mereka tidak bodoh tetapi sedang berpolitik,C4,4
rocky sering marah-marah.sering mengatai suka mencaci maki.kata prof kasali.rocky gerung napsu birahinya tidak tersalurkan dengan baik.,C3,3
"yahh, semoga tidak terjadi apa² lagi ya pak dengan tni kita tercinta ini, seperti jaman pki dahulu kala, semoga intelijen bapak mampu mengawasi anak buah yang berani macam² untuk melakukan pergerakan yang membahayakan keamanan negara. dan tetap waspada.",C0,0
nanti kalau sudah jabat lupa contoh prabowo mengurusi food esttet gagal terus boros dalam penggunaan anggaran kalau diselidikin ada tuh korup nya kemarin di ultah tni disinggung tuh soal anggaran,C1,1
selama kpk dipimpin oleh firli bahuri koruptor semakin merajalela karena setiap kasus korupsi ada transaksi tawar menawar,C3,3
"periode 1 sudah ancang2 mau ngerusak negara, periode 2 makin berani ngacak2 negara, astagfirullah bu ingat liang lahat",C3,3
"orang ini mengadu domba rakyat sama polisi,ini bagusx dipecat saja dari partaix",C3,3
-go8in4jt6e buzzer kayaknya,C3,3
menteri titipan😅,C4,4
-ln9 ow kalau di pecat itu hoax terus bagaimana dengan kata di berhentikan mungkin kata di pecat terlalu sadis begitu 😂🤣,C4,4
psi partai ssb kelakuannya sundul langit,C2,2
"kan yang mencetuskan diawal itu hasim adiknya, uang negara blbi yang dia pakai saja sampai ditagih oleh rezim mulyono 2021 karena tidak bayar-bayar. apalagi kata bowo yang mendanai dia banyakan adiknya, makanya yakin 100% cari modal untuk uang kembali faktor kegagalan 3 kali nyapres sebelumnya.",C3,3
bangsatlah.jadi bodoh benar pejabat.,C2,2
"saya yakin psi bisa membuka dan lebarkan market nya diluar dari nasionalis, mungkin saja undecided voters",C0,0
"bisa diamati; siapa yang cepat naik, juga akan cepat pula surutnya",C4,4
"mari sama sama kita menyimak dan mendengar serta berpikir secara positif, pemerintah sedang berbenah, apapun itu pasti ada dampaknya, baik buruknya. pemerintah punya niat yang baik untuk masyarakat. program ini untuk memutus perlahan mafia mafia gas..",C0,0
memang dari dulu polisi itu rusak karena yang di carinya itu duit.,C3,3
dengan cara bekerja smaa dengan mantan pki?? atau memang masih anggota pki?? tidak ada yang tauu.,C3,3
buzer 100 sama banyak amat ya.. keturunan pki juga banyak amat ya.,C2,2
kasihan negeriku pastas dilagu ibu pertiwi sedang bersusah hati ternyata saat ini yah.akibat si cerdas luar biasa ini,C2,2
tidak nurun bapaknya sama sekali!,C4,4
"terimakasih pak akbar faizal, dengan adanya chanel ini kita mendapatkan informasi yang lebih detail daripada yang ada ada tv",C0,0
"jangan bawa bawa rakyat, tidak sampai 300 orang demo bawa bawa nama rakyat persis pdip, sediit sedikit rakyat tidak tahunya pdip maling teriak maling",C3,3
nah ini masuk akal.,C4,4
bapaknya pejuang bangsa dan negara..anaknya penghancur negara dan bangsa..apakah ini yang namanya pengkhianat ? jawab pendapat anda..apa ?,C1,1
"orang banyak suka tuding awas komunisme, coba yang suka tuding kasih tahu saya apa keuntungan berpaham komunis?",C0,0
ikn tuh mau misahin jawa dari ri atas dukungan nabi jack mul di sponsori aseng saing wkk,C4,4
jangan-jangan ini strategi pki sebelum pergantian presiden..org2 mereka dimasukkan dulu dalam pemerintahan,C3,3
"kenapa baru di buka sekarang tidak dari dulu awal awal mendaftar ., kalau memang sudah ada kecurigaan .aneh aneh aneh aneh",C1,1
"kekayaan itu bisa jadi ukuran korupsi. tepatnya, tingkat kesejahteraan. koruptor itu kebanyakan diawali dari orang yang biasa aja, terjun ke pemerintahan dan makin lama makin kaya. nadiem sudah kayak karena profit enterpreneurship-nya. dia sudah punya beberapa perusahaan sebelum masuk pemerintahan. istrinya juga punya usaha, dan kekayaannya bukan kacangan.",C1,1
wow baru tahu saya,C0,0
yang jelas termul ini modalnya nekat alias bonek. asal ngomong. jadi tampa didukung bukti,C1,1
"satu2 pesiden rela tidur ber sama dengan rakyat, kettika kami mengalami bencana gempa bumi kalau ntb.",C4,4
"cobalah pampang ke45 poin itu di media sosial, supaya rakyat indonesia tau,,",C4,4
"pemerintah ,dpr ,aparat hykum dan lain sebenar nya cepat tanggap dengan peformance pimpinan kpk.! masalah terus timbul tentang kwalitas pimpinan kpk.kok tak di respon .? ada apa.? sekarang ngulang lagi indikasi pemerasan mentri syl.. jika tidak di tindak atau lainnya.! tentu rakyat bisa saja nyimpulkan aneh aneh.wibawa hukum tentu dipertaruhkan.",C1,1
kerajaanmu datanglah atas bangsa ini.kuasa jahat dihancurkan,C0,0
pood setate pungagal membeli pesawat sken han saja,C0,0
negara sedang menata untuk maju.. mari kita sama sama pahami,C0,0
untuk itu bapak dengarkan suara rakyat kasihkan ke ortunya.,C4,4
bukti ketidakberdayaan pemerintah menghadapi mafia penimbun dan pengoplos gas .,C1,1
​ -y9z 😂yg ada otak macam kalian menjilat.dapat jabatan paling tidak bansos inilah yang menyebabkan hancurnya negara ini,C3,3
kadrun ya 😂,C2,2
🤪,C4,4
"kami suka turbo tetapi benci pdip, partai yang wajib di benci",C2,2
presiden jokowi yang sedang menjabat begitu ….direndahkan….,C2,2
12:28,C4,4
yg. mehancurkan negara bukan jokowi. yo. kamu yang bermusyawarah tidak bermutu bro,C3,3
"andika perkasa jenderal tni lurus anti pki, tidak mau terjadi lagi peristiwa kelam seperti th. '65.",C0,0
-k1d siapa yang nipu woii..baca berita lagi..itu anak penipu..pernah dipecat saat sekolah tni al,C3,3
orang gmbluung..,C4,4
f h istirojd tidak ngerti.,C4,4
mbg adalah investasinya prabowo untuk pemilu 2029,C4,4
"makanya agak heran sama narasi yang sengaja dibangun oleh buzzer bahwa megawati sombong dan otoriter. padahal dengan kekuasaan yang dipunya beliau tetap mementingkan rakyat. tidak mungkin jokowi jadi capres, ganjar jadi capres jika megawati otoriter. jika mega otoriter mending pasangin puan dengan prabowo. lebih jelas dan mungkin jokowi akan setuju. makanya pdip menjadi partai yang tetap menjuarai legislatif karena megawati masih berdiri menjaga pdip untuk tetap memegang konstitusi",C1,1
itu penjelasan. mungkin. bukan beliau mendukung korupsi. oon kok dipelihara. 😂😂,C4,4
di balik senyum pak jokowi.ada rasa sakit hati yang sangat luar biasa.beliau di permalukan secara gamblang ketum partai.karna itulah mengapa partai merah mulai kocar kacir,C2,2
"sebenarnya orang2x yang tidak suka dengan keberhasilan pk jokowi dalam memimpin indonesia adalah orang2x ogpa (orang yang gila parah & akut),orang2x yang buta mata & hatinya,orang2x kafir berkedok agama,orang2x yang tuli kupingnya,orang2x yang otaknya tidak waras,dsb,dsb,dsb",C3,3
ditangkep dulu baru cari bukti. disinilah anehnya,C0,0
"banyak dugaan bahwa biang kerok masalah ini adalah jokowi, karena di duga tidak berani menunjukkan ijazahnya ke publik, sehingga adanya dugaan membiarkan dan membuat rakyat terpecah belah dan saling caci maki si media",C1,1
"anda benar bapak jenderal.mmg yang di larang pki..ajaran komunisme dan marsisme.tp kita harus waspada dengan ajaranya bagaimana.adakah yang bisa menjamin di dalam ajaran komunisme ini tidak menjalar dan mendarah daging sebab yang namanya anak cucu tahu cerita pasti dari orang-orang tua dan para sesepuh.itu perludi pedomani,dan anak cucu tahu hanya sebatas cerita,dia tidak tahu cerita ini di tambahi atau di kurangi.bumi sedang tidak baik-baik saja.mulai satu persatu terkuak apa yang di katakan bapak jenderal purn gatot nurmantyo.",C3,3
"ada bukti anda bilang seperti itu? coba tunjukkan bukti pki? jangan tukang hoax deh, anda yang sok tau, dan benar-benar tidak tau. kalau prabowo tukang culik itu fakta",C1,1
bagus pak jika biar termul tidak semakin sombong,C2,2
"perpolitikan indonesia, baik atau jeleknya akan punya muara. yaitu sistem kekhalifahan. kekhalifahan ini bukan seperti kekhalifahan yang di bayangkan para kelompok2 yang ingin memaksakan pakai kekholifahan saat ini. tetapi kekholifahan yang sangat ideal karena sudah di infokan rosululloh yaitu kekholifahan al mahdi. ruh demokrasi saat ini menuju kesana, tetapi tidak ada orang yang memahami selain saya.",C0,0
"mas kaesang,,undang ibu susi dong,,pengen tahu bagaimana rasanya kalau tengelamkan kapal pencuri ikan",C3,3
mau mengatai tetapi kasihan melihat mukanya 🤣,C2,2
wkwkw mungkin pengalaman?,C4,4
"orang ini yang suruh nangkep para pendemo dan bubarkan pendemo, sekarang dia lepas tangan pergi liburan ke singapura, wakil rakyat kerja kayak mafia",C3,3
"ναиιllα уαи izin agak meluruhkan, bukan suatu pembelaan kepada pak 02. prabowo-sandi. kalau mantan korupsi/koruptor di gerinda itu ikut caleg di tahun 2019 ini kan atas dasar aturan yang ada di legislatif sekarang. kan sekarang yang membuat aturan itu pemerintah, dan di setujui oleh kabinet dan presiden semasa jokowi. kok malah itu di bahas jokowi. seandainya saya di posisi pak prabowo pasti saya ucapkan begitu. intinya ""caleg korupsi/koruptor yang ikut di pemilu tahun 2019 ini atas dasar aturan uu pemilu semasa kepemimpinan presiden jokowi, kok malah jokowi tanya lagi, kan dia yang membuat aturan itu"". saya 02. pas saja lagi 2019 ini.",C3,3
tenang tentu mas roy sudah ada bodyguard❤,C4,4
"cocok,bos sama pemikiran, you & i,m !",C4,4
"negara ini bergerak manipulatif .. mau data,main drama .. apapun bekerja secara manipulatif .. kalau negara ini bekerja dengan keadilan,tidak mungkin negara maupun orang-orang yang coba berpolitik itu bermasalah.",C0,0
kalau nasdem tidak memecat sahroni.boikot partai ini,C2,2
"pdip mau tenggelam, koruptor nya pindah ke psi. koloni baru untuk koruptor. tadi nya biang nya di parte bapak. mau mampus pindah ke parte anak. 😂😂🤭🙏",C1,1
kdm lah cocok wowo sudah udzur pikun mungkin tidak lama allmarhum,C3,3
"aiman masih saja bisa jadi host, padahal tersangka.",C4,4
"wkwkwk,,cebong mengharap sekali like,smpe edit comment ,prtama ngemis like pakai nama prabowo🤣🤣",C3,3
pdip partai kader bro. jangan meremehkan mesin partai. siapa kamu,C0,0
"sama saja. kalau dia tidak cocok, tidak mungkin bertahan 😂",C1,1
makanya. keturunan dijadikan dasar kewaspadaan..,C4,4
"lucu ya kalau video ini dilihat di tahun 2026,, negara makin amburadul",C1,1
duo ini yang sangat kompak saling mengisi dengan sangat cantik saat melakukan podcast. duo yang selalu saya tunggu-tunggu. mantap!!😊,C1,1
mundur enak bubarkan dpr reformasi buat lembaga baru dari non partai yang mendengar aspirasi rakyat,C2,2
wahai antek antek aseng 😅 efek punya presiden hanya demi panggung. saya tak ikut malu 🫣 ya .aku tak pernah ikut pilpres pilpresan 😊,C3,3
"percumah, polisi diam tidak mempermasalahkan, malah yang mengkritik mau di tangkep_ itu roy suryo , ini indonesia, bung anak presiden tidak punya ijazah tidak masalah, mau jadi apa juga,usia kurang, juga bisa diatur, uu kalau menghambat bisa di robah, tidak tahu lagilah, bagaimana indonesia ini_",C4,4
"selama bapak-bapak ini masih ada, indonesia tidak akan kehilangan akal sehat. salam perubahan.",C0,0
nanti dibilang antek-antek asing,C3,3
"tidak mungkin dibatalkan oleh pak prabowo, lah orang ini progam prioritas pemerintahan prabowo gibran, untuk balik modal kampanye pilpres.",C3,3
sama saya juga masih mengganjal.wkt di solo gelarnya drs.nah kelukusany tahun berapa waktu dapat gelar drs,C1,1
"kebocoran terparah waktu rezim mertuanya dulu, si wowo juga menikmati, eh sekarang mau lagi, tidak lah you, sadar lah kalian jangan mau dibohongi.",C1,1
"99% pasti dinasti politik, apa kata masyarakat betul.",C1,1
pas komplit kegagalannya.,C4,4
"hanya golkar yang partai bukan warisan, gila sekali sih persaingan nya, pantas saja prabowo, surya paloh, dan lain bersaing ketat sekali",C2,2
"regestrasinya program sarjana muda, atau sarjana s1 pak",C0,0
​ tahi kamu 😂,C2,2
sekarang lebih tepat itu demo kerumah2 para koruptor .,C1,1
"benar kata pak amin, jika pak prabowo nanti jatuh, maka itu bisa terjadi karena ulah parah pembisikx yang tidak baik.sebaikx pak prabowo tidak.mudah percaya dengan pembisikx.",C1,1
gibran telah mencoreng sejarah hidupnya dengan tinta hitam mahkamah konstitusi ..praktek nepotisme . dan bisa jadi walikota juga ternyata melalui proses potong kompas .pdip yang memberi jalan .dan partai ini dia hianati .contoh yang lengkap sebagai pengkhianat ..,C3,3
"rekening di blokir,pajak di naikkan, koruptor di lepaskan,tanah di sita negara, pejabat gaji di naikkan.demo demo demo.",C1,1
ahok banyak bangun mesjid contohnya balai kota sedangkan anies tidak pernah bangun mesjid dan dia bangun bambu getah getih ​,C1,1
dihancurkan sendiri itu sinenek sihir,C0,0
dia lahir di maluku. membenahi dulu faktamu.,C0,0
"kan yang melaporkan pak jk, bisa di lihat, mereka dari pihak mana ?? adek amando, abu janda , lalu gogon cs, & dari partai gajah",C2,2
dari dulu. heran kok masih ada ini partai,C1,1
mana mungkin indonesia bisa berubah kalau logika mistika dan koeupsi adalah dna bangsa?,C4,4
"mulyono bikin omnibuslaw, sawit rakit art, dan puncaknya fufufafa yang maju, meramu keduanya, ultimate damage. tidak perlu kartosuwiryo dan daud beurreuh , santoso dan imam samudra untuk mereset ""ulil amri"", mereka punya fitur self destruct. napiter tinggal ngopi menonton di gunung sindur atau nk.",C0,0
"kebahagiaan, kejayaan ada batasnya, tak ada yang kekal ibu.ini dunia..kita hanya pendatang.ingat itu ibu.",C3,3
"lebih tepatnya anis ini menyalahkan angin dan indikator, padahal di daerah lain juga punya indikator tetapi tidak parah pulusix tuh. 😂",C2,2
said didu dkk dikibulin prabowo hahaha kacau3x,C2,2
"habis bertengkar dengan suami di rmh, akibatx terbawa bawa dalam rapat, padahal partai demokrat ini partai yang paling banyak kropsix mulai zaman nazarudin",C2,2
padangan dengan serrly,C4,4
inilah fakta bahwa korupsi pungli mafia makelar nepotisme dimana mana,C1,1
1angakata jkwi.ijasah nya asli semua.cuma ijasah jkwi ..dugaan sangat sangat berat.palsu.oknum rektor ugm yang terlibat.wajib bertanggung jawab.terbukti .penjara.,C3,3
berapa bulan lalu juli 2025 black rock hedgefund terbesar di dunya lagi ada pertemuan dengan prabowo dan mereka lagi beli saham batu bara di kalimantan. kok enggak dengar apa-apa di media ??!!,C1,1
"kalau sampai terjadi kriminalisasi, maka rakyat layak bangkit perlakukan hukum rimba terhadap para penegak hukum seperti terjadi beberapa waktu lalu terhadap anggota dpr dan seperti terjadi di nepal. semoga ada lsm yang meneliti kekayaan & gaya hidup para penegak hukum dibandingkan dengan pendapatan dan tunjangan resmi, kmdn diviralkan.",C1,1
"bu mega tolong pdip selalu bersinergi kerjasama dengan nadhatul ulama ( partainya pdip sedangkan agamanya mayoritas nadhatul ulama ) pdip dan nadhatul ulama adalah patriot pancasilais sejati yang membela membentengi ideologi pancasila dari serangan fitnah ujaran kebencian kadrun kampret fpi dan antek anteknya, yang intoleransi terhadap negara nkri,",C3,3
"izin tambahkan. jangan remehkan orang lain itu intinya, dengan cara apapun mau pakai kata kata mirip si ibu. intinya jangan! juga berlaku di masyarakat!",C0,0
"bang aulia,buat saya beliau adalah contoh pahlawan dimasa kini",C0,0
pak jokowi terlihat tegas dan tidak mudah untuk di bohongi. sensitif terhadap kesalahan. yang pasti cara kerja nya terhadap para menteri nya pun seperti itu juga. selalu sensitif dan detail menanyakan cara kerja para menteri2nya,C0,0
"secara logika jika ijazah jokowi palsu, yang menuntut ke pengadilan mestinya pihak ugm, bukan yang lain, aplg jika hanya didasari motif politis, rasa kebencian ingin menghancurkan nama baik jokowi dan keluarga",C3,3
parah si cuma yang korupsi nya triliun yang diusut kasusnua. mana promosi partai wkwk,C1,1
​ buzzerp cik,C2,2
saja rap kalau urusan agama aplg akherat jangan pakai logika..ga menyambung bro..cuma pakai iman/keyakinan..payah lo..,C2,2
"si uya dan si eko joget"". keliat pasha ungu malah keliat geram dan sedih.",C0,0
kata-kata penutupnya keren,C4,4
jangan berpikiran negatif.,C4,4
"pon : maka sayatak ikut kekuasan partai atau organisasi. , namun badan negara musyawarah keaemua duduk semua badan negara bermusarawah , mau ada presiden ya situ mau tidak yasitu",C0,0
"mantap kang hatur nuhun atas dukungan suaranya saatnya anak-anak muda dan nasionalis berjiwa muda duduk di legislatif dpr mari kita dukung dan satukan suara untuk psi agar bisa masuk ke dpr tahun 2024 nanti. demi terwujudnya pemberantasan korupsi, pengesahan uu perampasan aset para koruptor, indonesia maju dan sejahtera salam solidaritas",C0,0
"itu dulu.masih independent,sekarang mah sudah jadi pwtugas partai.",C1,1
"kalau nasdem partai bermartabat,harus berani mengambil sikap pecat sahroni",C2,2
yang paling penting persatuan dan kesatuan hormat menghormati antar sesama umat muslim beragama stop kekerasan stop kekejaman stop uighur hapus perang jangan merusak tatanan yang sudah ada tetap nkri tetap indonesia tetap merah putih membaur,C0,0
"sebelum 1998,china memang sudah mengincar indonesia untuk dikuasai dengan menciptakan presiden boneka dan eddy tansil,kabur tahun 92, 6 tahun kemudian terjadi reformasi dan ternyata,krismon itu ada campurtangan mafia cina yang kerjasama dengan george soros ,bukti kerjasama cina-yahudi untuk kuasai indonesia,jokowi waktu blusukan ,ditemani dubes inggris dan james riady sebagai pion cina",C3,3
"dekmokrasi indoneisa hannya alat untuk memeras rakyat, mereka yang di[ilih rakyat bukan kerja untuk rakyat tetapi untuk parpol, jadi tidak guna memilih pemimpin , yang kerja untuk kepentingan korninya, terbar janji politik hanya untuk bagi-bagi pajak rakyat untuk digarong, diasat pemilu ada tidak yang akan mensyah uu hukum mati untuk para koruptor",C1,1
"sangat"" tidak layak",C4,4
"salam jkw menjadi penguasa lebih banyak mudzorat ketimbang manfaatnya,nenek lampir inilah yang membuat peraturan pemerintah republik indonesia hancur, jkw diatur oleh elit2 politik laknat allah.",C3,3
"siapa yang bangun koperasi merah putih? tni, ditenderkan, atau siapa? pemdes tidak tahu, pengurus tidak tahu. nasib kopdes pun juga tidak tahu.",C4,4
termul bikin bising,C4,4
banyak buzzerrp ikut komen. 😂,C3,3
"soekarno jatuh karena bujuk rayu pki yang seolah mendukung gerakan nasakom nya bung karno. tetapi pki punya ambisi sendiri. pak soeharto jatuh karena bujuk rayu harmoko dan golkar.ujungnya 3 bulan kemudian dikianati juga. pak habibie jatuh karena transisi dan pdip yang menolak pertanggungjawannya. gus dur jatuh karean bisikan tukang pijitnya dan bulog gate, . apakah pak prabowo mau mengikuti 4 presiden tersebut.?",C1,1
sehebat apapun pemimpin sebaiknya patuhi konstitusi jangan terlalu mudah mengubah dan mengamendemen suatu uu jika urusan nya tidak sangat darurat. pak jokowi bijak 2 periode wajib. tetapi yang jadi masalah orang pinggir takut kekurangan pemasukan seandainya pak jkw tak jadi presiden lagi.,C0,0
01 anti korupsi 02 calegnya mantan koruptor?,C2,2
"mak banteng dan kodok kodoknya.h.klo mak ini sudah pasang jurus,.amburadulah negeri ini.",C2,2
xixixi.,C4,4
sahkan dulu uu perampasan aset para koruptor dan juga hukum mati buat koruptor kalau tidak bisa sahkan maka bubar sajakarna bukan rakyat yang kalian wakili,C2,2
"sudah dari dulu kali, mulyono itu bau"" mega sukarno, saya tidak bakal nyoblos yang ber bau"" sukarno, suharto, loreng, dan mulyono tidak bakal saya coblos",C2,2
termul fredi termul refen termul faldo tidak usah pada bicara . sudah jelas jokowi jadi presiden karena jasa pak jika,C4,4
sehat selalu sahabat. lebih santai jika hadir kan narasumber dengan pola piramida terbalik: masyarakat awam. jadi berbicara politik lebih autentik,C0,0
"ciye di sembelih bantengnya kandangnya di obrak abrik gagal jadi king maker pensiun saja mbah, anak-anak sekarang sudah tidak relate dengan situ 😂",C2,2
"rakyat indonesia jangan biarkan hanya mahasiswa saja yang kritis dan demo, ayo bergerak bersama2 demi ibu pertiwi yang kita cintai ini !",C0,0
"sahroni nya yang aneh sih, dimana analisa kebencian nya. kalau siswa sudah meminta di istimewakan bagaimana nanti kalau sudah dinas,",C1,1
"astaga! 23 warga koja keracunan usai santap nasi kotak dari psi. warga rw 06, kelurahan koja, jakarta utara keracunan setelah menyantap nasi kotak yang dibagikan petugas partai solidaritas indonesia (psi) pada minggu (24/10/2021) sore. sebanyak 23 warga keracunan setelah menyantap nasi kotak yang berisi lauk telur, sayur buncis dan tempe orek dan dibawa di igd rumah sakit koja. kali",C2,2
langsung curang cureng ho hp yang buat rusak itu siapa mak,C1,1
orang kayak tak tahu malu gaji besar masih kurang kerja duduk tidak mewakili rakyat sok pintar hambur2kan uang rakyat. elum tahu rasanya cariduitcoba kao becak baru tahu rasa hidup susa bos,C0,0
"anda pembohong nus, kalau bicara iya jago",C3,3
"walau tidak sebut, agama yang manapun pasti meyakini dunia akhirat. ada surga dan neraka.. lah ini. ini sama saja menistakan semua agama.. ajaran agama kok dibilang ramalan. begini kok dibilang cerdas ya ?, meg meg ini nyata sekali tak bertuhannya ya. parah.. parah. #pusingkepalabarbie #tepokjidat",C3,3
kita percaya pemerintah sedang mengupayakan yang terbaik.,C1,1
"setuju berikan uang, uangnya untuk beli rokok bapaknya 😂 bodoh",C4,4
"kebijakan ekonomi yang sedang didorong ini bukan sekadar keliru, tetapi berbahaya secara sistemik. ini bukan pembangunan, melainkan pembongkaran fondasi ekonomi nasional. ketika impor dilegalkan besar-besaran, industri lokal dilemahkan, petani & peternak dibiarkan kalah, maka negara sedang secara sadar membunuh kemampuan produksinya sendiri. ini bukan salah strategi, tetapi salah arah total. negara besar tidak hidup dari impor, melainkan dari produksi. ketika produksi dihancurkan, maka lapangan kerja hilang, daya beli runtuh, kemiskinan melonjak, & ketergantungan asing menjadi permanen. ini persis pola krisis 1998: liberalisasi brutal, industri mati, utang membengkak, rakyat dikorbankan. jika perjanjian internasional membuat indonesia kehilangan kedaulatan ekonomi, maka itu bukan kerja sama, tetapi penyerahan diri. negara ini tidak dijajah dengan senjata, tetapi dilumpuhkan lewat kebijakan. presiden & tim ekonominya harus bertanggung jawab penuh. ini bukan sekadar risiko politik, tetapi taruhan masa depan 280 juta rakyat. jika kebijakan ini gagal, maka kehancurannya tidak akan bisa ditutupi dengan narasi apa pun. sejarah akan mencatat kehancuran ini lahir dari keputusan mereka sendiri. jujur saja saya bisa bilang presiden kali ini adalah presiden terbodoh sepanjang sejarah indonesia.",C3,3
ahir zaman memang banyak fitnah,C0,0
"sulit cari pemimpin yang gagal, gagal, gagal dan akan gagal lagi, fahri saja yang lagi mimpi, berkhayal dan halu unt menjadikan prabowo jadi presiden. 😂",C2,2
hukum dan syarat ketentuan masuk tni sudah melalui beberapa kali musyawarah dan mufakat serta sudah dipertimbangkan sebagai mana mestinya antara para jenderal dan perwira. sekalipun mau diubah atau dihapuskan harus melalui mufakat dan musyawarah antara para jenderal dan perwira.. karena keturunan pki berkaitan dengan ajaran komunisme dari turun temurun yang disembunyikan dan telah dicap( pki dan keturunannya) merupakan pengkhianat bangsa dan negara. tolong kepada perwira tertinggi negeri untuk bersatu memufakatkan syarat dan ketentuan tsb.. #jendral_ad,C3,3
"ya memang ternak, ternak memang bikin kacau!",C2,2
"saya melihat ini debat, si wowo pada enggak jelas ngomongnya, ada hominem, saya temu komen ""gak mengerti dua paslon bicara apa, tetapi gemoy ngomongya mudah dimengerti"", oalah do, pantas ini indonesia kena kutuk iqnya, parah",C1,1
hamburadul ekonomi rakyat sekarang .rokok tambah naik,C1,1
boleh asal membicarakan game dan lomba mancing saja,C2,2
"selain bung, roky gerung,.. pembicara yang lain hanya mewakili keperluan & kepentingan partai & bisnis nya saja.. alias omong kosong mereka itu.. salut dengan bung r g.. 👍👌👍👍",C2,2
"bukan bodoh,tapi justru cerdik menjual negara menjadi negara bagian amerika bahkan lebih buruk lagi. bila negara bagian amerika masih terhormat, ini bahkan menjadi anak hasil kawin siri yang tak di akui negara amerika",C4,4
"tuhan memelihara dan menjaga orang yang benar,.yang pasti siapapun yang mengkriminalisasi pak nadiem maka tuhan akan setia menjaga pak nadiem dan mereka yang jahat akan mendapat balasannya dari tuhan.",C0,0
"saya,,orang,yg,tidh,pernah,,di,tolong,sama,folisi,tfi,,saya,rakyat,biasa,funya,hti,nurani,melihat,,fenjahat,berdarah,dingin,,hti,saya,,melihat,a,nak2,,f,sambo,,merasa,iba,anak2,yg,tdk,ber,dosa,akibat,folah,orang,tua,yg,sadis,,setan,afa,yg,memasuki,,nya",C4,4
"brown pak harto pernah bilang,, awas bahaya laten komunis!! sebelum komen belajar sejarah,,dan lihat gerakkan nya apa yang sedang terjadi, jangan suka menonton bokep jadi planga plongo",C3,3
solusinya satu.. perang rakyat dan rezim koruptor,C2,2
"lanjut atas, gusdur sendiri saat jadi presiden itu untungnya cepat-cepat digusur diturunkan mpr pimpinan amin rais. pelengseran gusdur di tahun 2001 itu memang wajar dan sudah seharusnya, untuk mencegah ri makin terpuruk nyungsep ke dasar jurang. persis seperti kejadian pelengseran sukarno tahun 1967. sukarno dan gusdur itu 11-12 : - sama-sama merehabilitasi & mencabut pelarangan pki (sukarno tahun 1952, gusdur tahun 20 tetapi gagal) - sama-sama membubarkan parlemen yang sah, hasil pemilu demokratis (sukarno lewat dekrit presiden 1959, gusdur gagal karena tidak didukung tni & masyarakat, kecuali pkb). - sama-sama diturunkan kekuasaannya lewat sidang istimewa mpr ri. -sama2 dikultuskan. dianggap sebagai wali atau manusia setengah dewa. orang-orang yang ngalamin sendiri masa-masa itu tidak akan lupa soal bagaimana carut marutnya kondisi sosial-ekonomi ri, saat gusdur menggantikan habibie. kondisi sosial ekonomi yang sebelumnya sudah mulai membaik & tertata lagi di era habibie (era habibie tercatat sebagai satu2 nya era kepresidenan dimana tidak ada skandal kkn di lingkaran istana), mundur kembali acak2an parah. nilai dollar yang sebelumnya berhasil dikendalikan habibie (dari rp16.800 ke rp 6.0 an) dalam waktu singkat, malah jadi melorot lagi terus-terusan hingga ke angka belasan ribu rupiah per dollar. skandal memalukan & kasus2 kkn kembali bermunculan (bulog gate, brunei gate, skandal asusila dengan binor ny. aryanti sitepu). baru juga setahun menjabat, sudah terkuak kasus korupsi di bulog. seorang suwondo, tukang pijit presiden bawaan gusdur dari kampung, bisa membobol duit negara puluhan miliar rupiah dengan melibatkan pejabat bulog. duit2 bulog tersebut mengalir ke orang-orang dekat gusdur. saat situasi ri dalam kondisi saling bunuh2an dan perang saudara berdarah dimana2 (ambon, poso, sampit-sanggau ledo, opm papua & aceh), gusdur malahan bikin geram rakyat dengan mengundang boysband top dunia dari irlandia ""westlife"", untuk konser di istana negara, memeriahkan acara pesta sweet seventeen anak bungsu nya dan teman-teman alaynya, yang berdandan heboh ala wibu shinjuku, pada pecicilan di istana negara . anak bungsu nya tersebut sekarang sudah dewasa dan di era jokowi sudah menjabat sebagai komisaris independen pt unilever indonesia. menyusul kakaknya yang jadi komisaris garuda indonesia. tambahan di era jokowi lalu, ketua pbnu bid inovasi strategis : yeny wahid & suaminya (yg seorang kader partai psi) pada menjabat sebagai komisaris tambang emas terbesar kedua setelah freeport : tambang tujuh bukit ""tumpang pitu"" di banyuwangi. tambang emas raksasa tersebut pemilik sahamnya mrpkn sindikasi oligarki2 kakap & keluarga taipan 9 naga. diatas kertas, seharusnya kota banyuwangi & prov jatim sekarang sudah jadi provinsi yang kayak dan kota yang ultra modern seperti dubai atau minimal seperti balikpapan. tetapi yang ada, hingga saat ini yang ramai di sana malah kelakuan2 sdm rendah ala prindavan lokal : dari mulai sound horeg, maling sapi, ""wisata religi"" ngalap barokah ke kuburan keramat, konser2 sholawat koplo, hingga tawuran antar bonek atau ormas/perguruan silit. .",C3,3
"tidak paham dengan yang dimaksud, manfaat mbg dengan lebih penting pendidikan gratis.",C4,4
"dulu ahok menjabat, banyak perubahan ada dki, indonesia",C4,4
raja bohong penipu ulung !,C3,3
mungkin sudah saling setuju jadi saling mengamankan lah,C4,4
presiden mengangkat orang orang karena sudah berjasa dalam pilpres makanya asal asalan di angkat jadi pejabat,C1,1
sekarang kamu yang termakan begonya,C4,4
"tempo, auto dubbed di youtube bisa di off mungkin 😢",C4,4
keren pembohong & penipu besarnya 🤪,C3,3
"dari cerita ini semua, kebinyakan presiden sama menteri mengejar ketertinggalan, namun kadang yang di bawah nya yang payah,",C1,1
mantap pak syahroni. lanjutken. hukum panglima tertinggi ada nkri yang kita cintai ini. rakyat mendukung mu sepenuhnya.,C0,0
"politik anti korupsi dan anti diskriminasi bagus. apa sebutan politik atau kebijakan menjadikan anggota dua hari sebagai ketua umum partai? seandainya sang ketua umum bukan anak penguasa, dijadikan ketua umumkah? adakah data rekam jejak yang mendukungnya?",C2,2
"betul president yang sekarang memang sangat hebat jadi jangan sampai president dari golongan kadrun"" & golongan bohir"" maling itu saja tidak usah repot..",C2,2
anak abah nanti marah kalau anda bicara seperti itu bang.😂 anak abah pokok e paling benar dech.bener bagi kaumnya sendiri 😂,C2,2
memang ada institusi negara yang masih dipercaya? ini negara tinggal tunggu hancurnya kok,C1,1
pdip adalah salah satu partai penyaring pki banyak terdapat pki yang bangkit dan mudah menyusup di partai pdip. seperti yang sudah terjadi dalam acara pdip terdapat bendera pki yang berani berkibar di indonesia bahkan ketika ulama yang bersitegas mengusir pki pdip lah yang paling banyak menyerang ulama ! ada apa dengan pdip tunggu kebenaran itu pasti datang. !,C3,3
"setuju.memang begitu tabiat institusi satu ini.sudah bukan lagi rahasia umum..sih.cuman orang yang berkilah aja..yg tidak kesatria.makanya banyak di urusan keluarga darah mengalir karma2 hebat dalam menuju kehancuran.entah anaknya kena narkoba""entah bercerai entah ..apa saja karena karma yang di perbuat.di kira hidup hanya mengandal kan ital jenius..enak aja..semesta alam pun menyaksikan..jdi .hukum ..semesta yang bekerja dalam keselarasan.kwkwkwk.",C2,2
"maksudnya lee kwa yuk yang sudah menyingkirkan penduduk asli orang melayu sebagai pribumi singapura, dan diganti dengan etnis cina? melayu yang tadinya mayoritas sekarang jadi minoritas di singapura?",C0,0
"ibu mega itu gambaran soekarno 😂 soekarno itu bagus cuma pas di era kemerdekaan, tapi di orde lama/ era demokrasi terpimpin itu pemerintahan masa itu buruk sekali",C1,1
kalau tidak dibatasi akan memicu kekacauan dan ketidak,C1,1
"jika itu orang cerdas, jadi tahu bahwa jokowi itu hebat, makanya dia berani bawa jokowi ke jakarta. dan terbukti bahwa jokowi hebat sehingga banyak orang dan partai yang mencalonkan jokowi jadi presiden",C0,0
"psi dibawah kepemimpinan kaesang bin jokowi akan segera menjadi partai besar, bilamana fokus pada: 1. berantas koruptor. 2. berantas intoleran. 3. berantas narkoba. 4. bpjs gratis. 5. kuliah gratis. 🇮🇩 nkri harga mati 🇮🇩",C3,3
hati hati diyoutube banyak lambe rusak.😂😂,C1,1
sebenarnya bowo itu boneka sama saja dengan jokowi yang berkuasa itu elit partai yang punya bisnis punya nafsu serakah termasuk yang ada di dpr,C3,3
yang rusak maknya,C4,4
maju terus bang fahri. saya siap mdukung partai gelora,C0,0
para pengkhianat bangsa wajib di adili,C1,1
"jelas laa, jadi teman amerika dan israel..",C1,1
"hati-hati mbak, nanti di kasuskan juga. negara ini aneh",C1,1
"sama saya juga cinta pak jokowi dan pendukung prabowo gibran, tetapi jangan pernah kita berkata kasar dan membinatangkan manusia. kalau cinta pak jokowi , tirulah sopan santunnya bicara dan bertindak, tidak pernah beliau menjelek2kan orang lain. dosa besar tahu 🙏",C0,0
"pak bahlil memang cerdas, simpel, dan sangat menguasai permasalahan. termasuk beliau sangat mampu menjelaskan secara detail segala persoalan terutama seputar pemilihan mas gibran sebagai cawapres pak prabowo. mantap lah. pak jokowi tidak salah pilih menteri.. 👍👍 prabowo - gibran memang layak memimpin negeri ini.. ✌",C2,2
"kita harus memahami pernyata,an mahfud md lebih baik dpr jelek ketimbang tidak ada sama sekali",C0,0
"intinya kalau ada paham seperti itu penjara. sudah enggak zaman membahas hal hal seperti itu. taillah pki dibahas mulu, sudah selsai perang paham. kadrun khilafah yang sudah terlihat dan menggunakan pki sebagai modus tetapi cara dia seperti pki.",C3,3
. dari pada pak kiai mu joget dan di pantatin artis dangdut !! pak prabowo joget mengisyaratkan kalau dia santai menghadapi debat. coba jokowi yang joget .. apa tidak bertebaran itu kertas contekan nya.😅,C0,0
semoga birokrasi semakin membaik dan kesejahteraan rakyat diwujudkan,C4,4
"​ maaf kemungkinan kecil beliau mau, saya secara pribadi melihat beliau itu contoh pejabat yang benar-benar negarawan dan menjaga pembiacaraan mengenai pak jokowi.hati kecil sih semoga beliau mau membuka walau sedikit😢",C0,0
lebih parah tni kalau sudah berkuasa rajanya koruptor,C2,2
​ -hr2bi kalau dia militer asli kenapa waktu anak buahnya di bui di lari kak yordania terus ketika pendukungnya habis ada kata katain kardun dia malah lari meminta kue apem kak jokowi eehh sekarangk malah memilih wapres yang 🙏🙏 iqnya rendah cuma karena mengharap bantuan dari bapak & koleganya !,C2,2
host ini lg. tidak enak sangat suka motong tidak jelas,C4,4
"gila, yang sudah jelas menerima malah jadi saksi. ngeri kali kejaksaan",C1,1
"saya fokus pada pernyataan menteri tentang penertiban pengecer. bagusnya disini, pertamina yang di kasih perhatian lebih untuk pengawasan terhadap agen2 gas lpg. karena sekarang banyak agen yang jadi mafia berkerjasama dengan pengecer. jadi pertamina harus berperan penting dalam pengawasan. pertamina kan banyak pegawainya tuh setiap daerah, apa salahnya coba kalau setiap minggu atau paling tidak 2minggu sekali lah cek dan audit agen 2 yang ada di desa. kalau ada pertamina yang merasa berat dengan itu, yakin saja bahwa di pertamina tersebut ada mafia nya juga yang bekerja sama dengan agen2 gas lpg. karena yang biasa kita temukan di daerah kami ini, bahwa setiap tabung langka, pasti ada saja cara pengecer menampilkan tabungnya dengan harga yang fantastis. andaikan tabung itu tidak cukup untuk masyarakat, kenapa ada pengecer yang bisa jual. oklah kalau jumlah pasok dari pertamina kurang dari biasanya, tetapi yang jadi pertanyaan pengecer ini dapat dari mana begitu terima kasih atas perhatiannya",C1,1
bismillahirrahmanirrahim saya mendukung sampaian pak dokter yul teruskan sampaikan kebenaran insaallah allah swt melindungi orang-orang yang mrnegakkan kebenaran memang soal isu ijasah palsu itu untuk mrnglihkan perhatian publik karena untuk mengulur waktu supaya kelompok pki gaya baru kuwat dan menguras kekayaan negara sebesar besarnya negara jadi bangkrut dan anak bangsa di adu domba jadi kekuatan rakyat bercerai berai jadi kekuatan bangsa lemah tinggal dor hajur bangsa indonesia itu yang kelompok pki gaya baru harapkan karena pejabat-pejabat perwakilan kita banyak yang jadi pengkianat bangsa indonesia ini,C3,3
"gwe sering menonton konten ibu ina liem tentang pendidikan, beliau orang cerdas dan jujur secara intelektual. dugaan kriminalisasi itu nyata! sehat selalu bu ina lien❤",C3,3
"🔴🔴pak joko bangun pak woyy.. anda sendiri pernah menegaskan, mantan narapidana kasus korupsi punya hak untuk mencalonkan diri dalam pemilu legislatif ! jakarta, kompas selasa (29/5/2018) . orang anda selaku pemerintah pusat saja mengijinkan kok kenapa seolah2 pak bowo selaku ketua umum partai jadi akar permasalahan tersrbut 👈?? . dan menteri anda hukum dan ham yasonna laolly merujuk pasal 240 ayat 1 uu 7/2017 tentang pemilu, yang menyebut mantan narapidana yang telah menjalani hukuman lima tahun atau lebih, dapat menjadi caleg, asalkan mengumumkan kasus hukum yang pernah menjeratnya!! jadi mana yang salah pak, tidak sadar anda terkena boomerang dengan pernyataan anda sendiri 😂",C1,1
pp lppl,C4,4
sudah pasti lebih baik orang yang sholat lah daripada orang yang tidak pernah sholat. sdgkan wowo sendiri sudah mengakui sendiri dia tidak pantas untuk jadi imam sholat karena dia menyadari kwalitas dirinya videonya viral..dan si samsul keluarganya wiwi liberal ibunya pakai jilbab kalau mau pemilu saja. begitupun bapaknya sholat jadi imam 5 tahun nan 😀. mustahil rakyat mendapatkan keadilan dari orang orang yang jauh dari ajaran islam tsb.😎,C1,1
"karena beliau memiliki kapasitas orang pintar baik secara akademis mapun secara budaya, alhamdulillah barakallah semoga selalu dalam lindungan allah swt",C0,0
"bagaimana pemerintah mau pelihara yang seperti ina lien ini jangan jangan pemerintah mengsingkirkan ,karena pemerintah ini sdh.di kuasai mafia mafia memutar balikan hukum dan orang baik berpitesdi di singkirkan tetapi orang bodoh raja kuropsi di pelihara indonesia ini sfh genting hukum dan keadilan. negara sudah di kusai mafia perampok , penindas kuropsi lihat saja dpr indonesia semua anggota kuropsi menindas rakyat dengan peraturan yang menyusahkan rakyat dan undang undang peramoadan adet pejabat sudah bertahun tahun tidak di proses tidak dibuat, karena mereka itu kuropsi.penindas rakyat.",C3,3
agen cia 😂 nongol belakang setelah korban reformasi berjatuhan mafia berkeley memang lawak tidak ada obat,C4,4
yang pilih dia harus bertanggung jawab tuh 😂,C1,1
semoga pemiu berjalan lancer dan aman,C0,0
ih geramnyo dpr jelek,C2,2
yaa.. penyamun2nya datangnya dari partai dan ormas.. tak selalu korupsi demi membesarkan partai dan ormasnya!!,C1,1
"salah besar,, koperasi yang di cita citakan bung hatta bukan seperti yang di gadang2 pemerintah hari ini,, apa yang bhima suarakan 90% facta di lapangan,,",C0,0
"​ kayaknya gitu, ini jelas anak orang kayak",C0,0
rhenald kasali sejak dulu pengusung perubahan,C0,0
"dan pada akhirnya tidak akan mau bekerjasama dengan pemerintah, dan disitulah akan diisi para koruptor.",C2,2
"kalau menuduh orang buktikan dengan fakta penipu dan pembohong kalau sudah ada buktinya lapor kan ke polisi.itu jempol namanya, kalau masih ngemeng2 saja itu hoak😅.salam damai ye😊",C2,2
"omongan jika menampak mencerminkan kekecewaannya jokowi jadi hebat dan luarbiasa sebagai presiden ,, dan tak rela keluarga jokowi bisa jadi dan disukai rakyat. terlebih sangat tak rela gibran bisa jadi wapres dan kemungkinan presiden.",C1,1
"hehehe, sama saja kan satu partai.",C2,2
keturunan pki belum tentu anggota pki semua jelas dan sah tidak ada undang² larangan untuk keturunan pki masuk akademi tni,C3,3
"mungkin bukan saling membenci, tetapi panas sesaat dalam belajar politik demokrasi itu wajar dan saya yakin rakyat kita cinta perdamaian.",C0,0
"sukses selalu tapi psi semoga kelak bisa menjadi partai besar, partai yang bisa memperjuangkan aspirasi rakyat, partai yang bisa mendahulukan kepentingan rakyat",C0,0
bapak nya pembohong anak nya pun harus ikut berbohong.,C3,3
ada yang sedang menikmati kegaduan ini. dan duduk ongkang2 sambil transfer menunggu pecahnya bangsa dan negara ini.,C1,1
"👍,semoga bapak sehat selalu dalam menjalankan tugasnya.aamin.",C4,4
"banyak komentar yang tidak berpendidikan, debat diskusi antar aparat tni, masalah pki. tetapi yang lain bawa-bawa kadrun. berarti yang bawa-bawa kadrun itu orang pki,karna sudah salah tetapi malah nuding orang. pki itu memang otak iblis, lain vidio lain yang dibahas",C3,3
"kelihatan ramah, tetapi hatinya busuk, segala cara merusak konstitusi supaya anaknya bisa maju yang sebelumnya terhalang oleh umur",C3,3
kalau memang anda tahu kontrak politiknya seperti apa?,C2,2
"bukan ambisi? 😅😅 sejak pilpres diselenggarakan secara langsung tahun 2004, prabowo sudah ikut berkontestasi, melalui konvensi capres partai golkar. dia kalah oleh wiranto. tahun 2009, melalui partai gerindra yang dibuatnya tahun 2008, prabowo maju ke pilpres dengan jadi cawapres megawati. dia kalah dari sby-boediono. tahun 2014, berpasangan dengan hatta rajasa sebagai cawapres, prabowo kalah dari jokowi-jk. 2019, untuk keempat kalinya maju berpasangan dengan sandiaga uno. menantang lagi jokowi yang kali ini berpasangan dengan kiai ma'ruf amin. dan untuk kesekian kalinya kalah. dahsyatnya, setiap kekalahannya tak pernah diakui oleh prabowo. dia mengklaim kemenangan, sujud syukur kemenangan berdasar quick count timnya sendiri, pendukungnya mengamuk, membuat kerusuhan, menyerukan untuk kudeta. banyak korban jiwa yang berjatuhan. dua kali maju ke mk, dengan saksi&bukti serta para pengacara yang membuat lawakan tak lucu pada negara. kalaah melulu, tetapi tak pernah malu. kini akan kembali maju kelima kalinya, yang menurut andà bukan atas dasar ambisi? nampaknya anda tidak mengerti prabowo. jejaknya di tentara sudah banyak catatan tentang ambisinya itu.😢😢",C1,1
di momen ini anis terjebak dengan dirinya sendiri bicara etik tapa sadar bahwa anis sendiri etika nya agak kurang,C0,0
senyum ceria dari calon presidente bas wewenang sesungguhnya adalah cerminan senyum kebohongan besar & penipu serta tiruan. penjahat akan ceria dan berjualan senyum jika ada yang dimaksud. boleh diperhatikan dari bising & misinya.ontoh: masa dipersalahkn tentang pemindahan obu kota negara. dia sudah tahu kota jakarta seperti kolam ikan sj.,C3,3
",,saya akan tetap lanjut kan agar rakyat saya bisa makan,, apa kah slma ini tanpa mbg kami tidak makan 🤣🤣",C4,4
perjanjian perdagangan seperti art justru menunjukkan indonesia makin dipercaya dalam kerja sama global. ini langkah strategis untuk membuka pasar lebih luas bagi produk nasional. 🇮🇩,C0,0
"ingat sekelas pejuang sekaliber bela umat yang mutakhir seperti egi bisa kebalik gerak lidahnya nutup akal & hasrat pejuangnya karena uang kira-kira bagaimana yang sekelas narsum ini, di bawah rezim jokoun ratusan ulama bangsa & ormas islam di kriminalisi, syariah agama di pinggir hinakan, instusi2 rusak, bumn2 bangkrut, sda & apbn di korup mega super besar tetapi kara egi jokoun orang baik lebih baik dari egi.",C3,3
"harus dites pakai alat kejujuran biar jujur,polisi kalau jujur tidak mungkin kaya.😅",C4,4
"pki itu organisasinya pak, tetapi yang menjalankan adalah orangnya, orangnya disini bisa pelaku pki dahulu dan keturunan pki. jadi mutlak keturunan pki tidak boleh menjadi tni dan polri.",C2,2
"gus, saya sama. tidak kaget gibran bisa. saya bahkan heran sebelum2 debat ini kalau orang-orang berpikir gibran tidak bisa. kayaknya terlalu termakan hoax yang diciptakan sendiri sampai percaya mas gibran tidak bisa. pagar makan tanaman",C4,4
ya allah lindungilah nkri 🇮🇩,C0,0
tentang macet ( saya sebagai kariawan pabrik masuk kerja jam8 jika tahu macet atau kota padat ya berangkat agak pagi seperti jam 6 pagi berangkat awal ini dpr wakil rakyat macet jadi masalah wkwkkww kita saja kariawan pabrik berani berangkat lebih awal dan kenapa dpr tidak berani hukum mati koruptor dan mengambil perampasan aset ?,C2,2
hanya orang gila yang tidak sakit hati sama perkataan nenek ini. jelas saja presiden jokowi bersikap aneh akhir2 ini dan sebisa mungkin menggunakan powernya yang sebentar lagi kadaluwarsa untuk memenangkan gibran. itu semua karena nenek merah satu ini,C3,3
masih ada ya presiden di atur2 oleh partai,C1,1
-u3s bahaya ini komen pki 🤣,C3,3
saya tidak setuju kalau itu disebut bodoh.. karena yang lebih tepatnya adalah idiot 😂,C2,2
"kasihan orang mengaco di jadikan idola,virus roy sudah merenggut korban.",C3,3
"​ kamu mau bilang soal orang-orang yang tes angkatan tapi gagal karena saingan nya pakai orang dalam.jaman nya pak prabowo jadi menhan peraturan dalam tni maupun polisi sistem orang dalam itu sudah di hapus.mknya bnyk"" dengr berita mbak",C0,0
"tujuan pemerintah hanya untuk membuat subsidi gas tepat sasaran. dan jika itu sudah di lakukan, maka otomatis harga gas juga akan turun. memang bapak yang pakai topi itu mampu membeli gas dengan harga tinggi karena dia mungkin punya uang. tetapi bagaimana dengan masyarakat menegah kebawah? harga 24, 25, atau 26rb itu kemahalan pak. itu yang sedang diusahakan pemerintah. mungkin bapak yang pakai topi itu salah satu penyumbang iq rendah di negara ini🤔",C2,2
mutlak perkataany selagi masih sejalan dengan kepentingan,C4,4
saya dari pemilu 1971 hingga kini..gk pernah nyoblos memilih siapapun..jd tidak mengambil pusing deh.,C4,4
pengurus partai,C4,4
gara-gara ijazah palsu jadi rusak anak bangsa bertengkar terus😢,C2,2
dikibuli yaman baalwi,C2,2
mantap kali lah bapakku ini,C0,0
kira-kira siapa ya di belakang teddy? lalu kenapa prabogo bisa tunduk bannget sama teddy?,C4,4
siapapun yang merasa berjiwa pki silakan gabung dan membela jokowi.,C3,3
patenn ini pak bahlil😅😅,C0,0
"kok bisa yang kosong yang terpilih, dari kualitas diksinya kelihatan dari lihat saja dia sangat gampang ketriger menandakan very bad emotional regulation",C2,2
keblinger semua orang orang di dalam kekuasan pak amin saja sedari dulu 1998 ke mana .giliran sudah di luar kekusan sook paling bijak dan benar .partai sendiri saja di serhkan oleh oligarki .kini buat partai umat jangan jangan di blkangnya oligarki lagi,C2,2
​ -op9yf terus kalau asli yang menuduh tinggal meminta maaf ya? hihihi.udh menuduh mencaci maki sampai ke kuburan segala hihihi.baru ada laporin sudah panik bilang kriminalisasi hhihihi.ngaku pakar dan peneliti ternyata bodoh bodoh hihihi,C3,3
viralkan supaya pak nadiem cepat di bebaskan karena tidak korupsi jangan sampai di kriminalisasi dijadikan tumbal .,C2,2
mbah idn ini memerlukan orang idealis yang diperlukan orang yang. mau diajak main. untuk menyelamatkan dapur mereka. semoga pak prabowo tanggap membersihkan aparat mungkin musuhnya banyak. kita doakan agar kuat.,C0,0
kdm yang bagus jadi presiden 2029 nanti,C0,0
hukum rakyat terhadap sahroni yang bilang rakyat tolol dan pecat dari dpr makan uang rakyat,C3,3
gawat .memelintir dasar hukum ini mh.pki itu komunis..jelas di larang.utk mewaspadai..jgn di loloskan dong pak panglima.,C2,2
ininninnin,C4,4
"nagara ini mengalami stagnan karena prabowo, selama 1 tahun prabowo menjabat, seluruh persoalan hanya berkutat padanya, dia mengelola negara sesuai selera, semua menteri berjuang sangat keras hanya untuk menyenangkan bos, mungkinkah ini kepuasan🤔 terlalu berharap😢",C1,1
"​ -n3g lanjut atas, gusdur sendiri saat jadi presiden itu untungnya cepat-cepat digusur diturunkan mpr pimpinan amin rais. pelengseran gusdur di tahun 2001 itu memang wajar dan sudah seharusnya, untuk mencegah ri makin terpuruk nyungsep ke dasar jurang. persis seperti kejadian pelengseran sukarno tahun 1967. sukarno dan gusdur itu 11-12 : - sama-sama merehabilitasi & mencabut pelarangan pki (sukarno tahun 1952, gusdur tahun 20 tetapi gagal) - sama-sama membubarkan parlemen yang sah, hasil pemilu demokratis (sukarno lewat dekrit presiden 1959, gusdur gagal karena tidak didukung tni & masyarakat, kecuali pkb). - sama-sama diturunkan kekuasaannya lewat sidang istimewa mpr ri. -sama2 dikultuskan. dianggap sebagai wali atau manusia setengah dewa. orang-orang yang ngalamin sendiri masa-masa itu tidak akan lupa soal bagaimana carut marutnya kondisi sosial-ekonomi ri, saat gusdur menggantikan habibie. kondisi sosial ekonomi yang sebelumnya sudah mulai membaik & tertata lagi di era habibie (era habibie tercatat sebagai satu2 nya era kepresidenan dimana tidak ada skandal kkn di lingkaran istana), mundur kembali acak2an parah. nilai dollar yang sebelumnya berhasil dikendalikan habibie (dari rp16.800 ke rp 6.0 an) dalam waktu singkat, malah jadi melorot lagi terus-terusan hingga ke angka belasan ribu rupiah per dollar. skandal memalukan & kasus2 kkn kembali bermunculan (bulog gate, brunei gate, skandal asusila dengan binor ny. aryanti sitepu). baru juga setahun menjabat, sudah terkuak kasus korupsi di bulog. seorang suwondo, tukang pijit presiden bawaan gusdur dari kampung, bisa membobol duit negara puluhan miliar rupiah dengan melibatkan pejabat bulog. duit2 bulog tersebut mengalir ke orang-orang dekat gusdur. saat situasi ri dalam kondisi saling bunuh2an dan perang saudara berdarah dimana2 (ambon, poso, sampit-sanggau ledo, opm papua & aceh), gusdur malahan bikin geram rakyat dengan mengundang boysband top dunia dari irlandia ""westlife"", untuk konser di istana negara, memeriahkan acara pesta sweet seventeen anak bungsu nya dan teman-teman alaynya, yang berdandan heboh ala wibu shinjuku, pada pecicilan di istana negara . anak bungsu nya tersebut sekarang sudah dewasa dan di era jokowi sudah menjabat sebagai komisaris independen pt unilever indonesia. menyusul kakaknya yang jadi komisaris garuda indonesia. tambahan di era jokowi lalu, ketua pbnu bid inovasi strategis : yeny wahid & suaminya (yg seorang kader partai psi) pada menjabat sebagai komisaris tambang emas terbesar kedua setelah freeport : tambang tujuh bukit ""tumpang pitu"" di banyuwangi. tambang emas raksasa tersebut pemilik sahamnya mrpkn sindikasi oligarki2 kakap & keluarga taipan 9 naga. diatas kertas, seharusnya kota banyuwangi & prov jatim sekarang sudah jadi provinsi yang kayak dan kota yang ultra modern seperti dubai atau minimal seperti balikpapan. tetapi yang ada, hingga saat ini yang ramai di sana malah kelakuan2 sdm rendah ala prindavan lokal : dari mulai sound horeg, maling sapi, ""wisata religi"" ngalap barokah ke kuburan keramat, konser2 sholawat koplo, hingga tawuran antar bonek atau ormas/perguruan silit. .",C3,3
"sangat setuju, saya salah 1 anggota koperasi simpan pinjam di tempat saya lahir. saya menjadi anggota sejak tahun 2002. saat ini saya sedang menganggur di usia saya yang beranjak 38 tahun. manfaat yang saya dapat dengan menjadi anggota koperasi simpan pinjam ini, tiap bulan tabungan simpanan saya berbunga 9% pertahun (dengan syarat dan ketentuan) jadi saat ini saya, istri dan anak saya hidup dari bunga simpanan kami. hidup yang cukup, tidak kurang, tidak berlebihan. yang saya pahami, ""koperasi, dari anggota, untuk anggota, demi kesejahteraan anggota""",C0,0
"jika ingin indonesia maju wajib membaca ini. selama ini kepala daerah bahkan presiden di jegal di kendalikan parpol yang terima duit tambahan kampanye dan lain dari para oligarki.partai tak salah tetapi sistem yang salah. sistem pemerintahan salah=orang-orangnya pun ikut salah. a> sistem indonesia harus di ubah jadi:demokrasi terpimpin modern(bukan orde lama),(ini bukan otoriter,bukan militeristik,tapi:demokrasi dibatasi,kekuasaan dipusatkan,parpol dikerdilkan).artinya: *presiden sangat kuat(tapi diawasi).presiden dipilih langsung rakyat.masa jabatan1x panjang(8–10 tahun),>hasilnya supaya fokus kerja bukan kampanye,tidak bisa dijatuhkan dpr kecuali:korupsi berat,pengkhianatan negara. *dpr tidak dominan.dpr tidak bisa sandera kebijakan,tidak ada bagi-bagi kursi menteri,fungsi dpr dipersempit(pengawasan anggaran,persetujuan terbatas uu strategis).>hasilnya dpr bukan pengendali negara,hanya pengawas. b> transisi 10 tahun:“menetralkan parpol”.(ini bagian paling krusial). *tahun1–3:penjinakan.audit keuangan seluruh parpol,dana swasta besar dilarang,parpol hanya boleh terima dana negara.pelanggaran=dibekukan.> hasilnya 50% parpol akan gugur alami. *tahun4–6:kompetisi independen.calon independen dibuka luas.dpr diisi campuran(independen & parpol lolos audit).>hasilnya parpol bukan satu-satunya pintu kekuasaan. *tahun7–10:parpol sebagai klub ide.parpol tidak wajib ikut pemilu,tidak punya hak“jatah jabatan”,hanya berfungsi:pendidikan politik,rekrut kader.>hasilnya kalau rakyat tak percaya:mati sendiri. c> birokrasi,teknokrat=jantung negara.negara tidak boleh tergantung politisi. *menteri & pejabat=profesional(dipilih lewat:rekam jejak,uji publik,panel independen,parpol dilarang titip jabatan teknis). *lembaga kunci super kuat(kpk,ma,bpk→otonom penuh,gaji tinggi,hukuman) pelanggaran=sosial+hukum.>hasilnya elite takut hukum,bukan sebaliknya. d> demokrasi langsung terbatas(aman).bukan semua rakyat voting tiap hari(itu chaos).yg boleh referendum:amandemen uud,penjualan sda strategis,utang besar negara,pemindahan ibu kota.>hasilnya isu besar:rakyat langsung. e> elite pasti takut model ini karna:hilang ladang uang & posisi aman,tidak bisa sandera presiden & barter proyek.ingat parpol hari ini:bukan alat rakyat,tapi alat bertahan hidup elite. f> parpol dibubarkan total=beresiko.jika parpol dihapus tanpa desain:militer naik,intel dominan,kritik disamakan makar,media dikendalikan.> sebab itu parpol jangan dibunuh,tapi dikurung. g> ingat.*parpol bukan sumber demokrasi.rakyat+hukum+birokrasi bersih=demokrasi sejati.masalah indonesia sekarang:demokrasi prosedural bukan demokrasi substansi.-solusi:kurangi aktor politik,perkuat negara,lindungi rakyat.-terakhir (ini penting),banyak orang merasa:apatis,marah,ingin sistem diganti total.itu bukan tanda bodoh,tapi tanda sistem gagal memberi harapan.",C3,3
"bang fery tolong bantu speakup buat orang orang tplol yang lagi fomo buat bundir akibat banyak vt vt yang mendramatisir pelaku pelaku bundir ini. tolong banget😢😢, jangan sampai ada orang bodoh lainnya yang bundir di jembatan itu.",C2,2
"kenapa bukan gaji guru honorer saja yang dikasih 100 juta perbulan, supaya guru guru di indonesia ini bisa lebih semangat lagi untuk mendidik dan mengajarkan anak anak bangsa, supaya menjadi anak anak yang sholeh dan sholehah, berakhlakkul karimah, dan cerdas baik untuk bangsa, dan untuk dirinya sendiri. yang sudah kayak malah ditambah kekayaan nya. sedangkan para guru yang berjuang mendidik bangsa, disebut menjadi beban negara. masya allah, semoga bangsa ini menjadi bangsa yang selalu di ridhoi olehmu ya allah 🤲",C0,0
pq,C4,4
"psi katanya adalah partai anak muda, kalau benar begitu seharusnya yang dibangun sejak dini adalah politik ideologis bukan politik bargaining apalagi oportunis. tetapi yang terlihat psi lari kesana kemari, dekat kesana sini, idealisme sebagai anak muda tidak menampak sama sekali. kalau begini psi bahkan akan lebih buruk dari partai-partai yang ada, dan akhirnya tidak ada yang bisa diharapkan dari keberadaannya.",C1,1
kali ini psi.!!,C4,4
"nanti buzzernya bisa ngeles, ini karan termul😂",C3,3
rabok pak. biar tahu susahnya rkayat,C4,4
kejar terus makaroni sampai ke dapurnya,C4,4
"ciri2 gagal paham, di kasih data nya yang di pahami hanya bagian anginya 😂",C2,2
"si anis bicara etik tetapi dia sendiri gaberetika , itu omongan tidak usah besar mending mengaca kamu anis , omongan si anis itu pintar bicara teori nya tinggi mirip omongan nya 😂dia bisa jadi gubernur saja berkat pak prabowo, dan mas sandiaga uno yang minjemin duit,utang bayar dulu nis jangan omongan yang di besarkan 😂",C3,3
"mau apapun modelnya tetap saja dikorupsi. kecuali prabowo jamin yang korupsi di hukum mati. tetapi yang mengerjakan ternyata banyak orang-orang prabowo juga, jadi ya memang tidak mungkin lah projek mbg bisa berjalan dengan baik. pergi mbg. lebih baik bangun sekolah dan pendidikan gratis. contoh cina, jepang. atau yang dekat saja deh malaysia sekarang pendidikannya jauh lebih bagus dari kita. tahun 80-an pelajar malaysia belajar dari kita sekarang kita yang belajar ke malaysia.",C1,1
"dan saya kok mau tidak percaya nyatanya begitu, jika percaya kok ya kebangetan , apakah otaknya sudah miring , apa ya bukti benar bahwa sudah tidak lagi ada iman dan moralnya ? . masak seorang bekas komandan jenderal punya selingkuhan sejenis, dan sampai fital bukan saja di dalam negeri namun sampai manca negara, betapa rasa malu manusia itu. apakah memang sudah tidak punya malu ? .",C0,0
ya allah hamba mohon perlindungan mu dari semua kejahatan keburukan untuk presiden kami pak prabowo serta pembantu2 beliau yang jujur adil aamanah untuk kesejahteraan rakyat bangsa dan negara serta perlindungan keselamatan untuk seluruh rakyat masyarakat nkri amin.,C0,0
dari golkar ini bro. besok jangan coblos lagi partainya. pejabat yang menyusahkan rakyat jangan coblos lagi partainya. oke,C2,2
kok psi partai muda memilih capres paling senior ? lah prof rhenald kan juga sudah berumur ..tapi masih saja berprestasi .jawaban grace sangat berkelas,C1,1
srpertinya mata&mulut mu juga harus dibangun juga oleh pk jokowi biar takrusak😊,C3,3
"benar, 3 orang petinggi ugm ini harus mempertanggungjawabkan pernyataannya. misalnya terkait bp kasmujo, penjelasan jokowi, yang sangat galak baru datang dibentak, datang lagi dibentak lagi. kok galak sekali orang ini, tetapi alhamdulilah berkat bimbingannya skripsi saya selesai. orang bodoh saja bisa menyimpulkan. karena tidak mungkin kalau pembimbing akademik seperti yang diceritakan jokowi.",C3,3
jata sama b tidak banyak yang tidak dimakan,C4,4
"mungkin kalau undang wapres penuh talenta, lebih seru",C0,0
"kalau dagang saja harus punya cadangan atau mitra sebayak mungkin , ini malah cuma satu suplayer cuma amerika , ini gambaran kalau suatu perdagangan, artinya rakyat indonesian di lemahkan oleh amerika , kapan indonesian bisa maju kalau begini",C4,4
​-x9kyee didiemin ini,C0,0
gaskan,C4,4
"mereka tahu, dan itu di beritahu. dan tidak hanya itu, mereka anakdan cucunya sesama pki itu akrab dan saling bantu. jika kamu berpikir saya tahu darimana. karena saya hidup dilingkungan sekitar 100 kakak dan dari 100 kakak itu 25 kakak itu pki.",C3,3
"salam buat senior, saya ramal kan tahun 2026 ini prabowo dan gibran akan segera lengser, bakat di turunkan. jangan harap 2 periode. indonesia akan hancur krisis moneter yang ke dua. kalian hanya dukung kepentingan golongan bukan melihat situasi negara, prabowo tidak akan bisa memimpin!! harus segera turun, siap juli 2926 ini",C1,1
kalau pak jokowi bikin partai pasti akan banyak yang gabung ke jokowi karana pak jokowi iklas berpikir untuk memajukan negara..,C0,0
request wawancara jane natalia suryanto (psi) calon dpr ri dapil ntt 2,C0,0
sedih sangat,C0,0
hanya jokowidodo pki yang punya sifat itu semua.😂,C2,2
ini anak muda yang memulai . pecah rekor biar selanjutnya diikuti yang laiinnya. sip sehat selalu mas. sabar ya . jangan kaget pasti penuh lika liku dsbnya. tetap semangat sabar .,C0,0
saya mendukung anda bukan karena partai anda tetapi karena integritas anda,C0,0
"i like how tom ends the podcast with his sentence, itu has a neutral tone yet feel encouraging and motivating.",C0,0
lucu-lucu komenya spesies kadrun benar-benar kadrun tidak paham bahasa manusia😜,C4,4
"justru disini letak masalahnya, alias sarang koruptor nya kok katanya daripada uang dikorupsi, lawong malingnya ada depan matanya kok teriak"" maling keluar rmh, aneh ini wowo. huft !",C1,1
memang kenyataannya mereka sendiri belum pernah melihatnya. memang ini kenyataannya belum pernah melihatnya. apa yang salah dari pidato ini?,C0,0
mudah-mudahan kdm jadi presiden 2029 di lindungi dan di berikan kekuatan oleh allah swt.,C4,4
"saya sudah lihat data kekayaannya, tanah dan bangunan jumlahnya puluhan belum lagi harta tersiernya seperti mobil dan motor mewah, tetapi masih menuntut tunjangan yang fantastis hingga total penghasilannya bisa>104 jt/bulan? memang kalau sudah mental miskin satu dunia dikasih masih belum cukup. serakah, lain kali dpr kalau tuntutannya aneh-aneh mending tidak usah digaji dan potong tunjangannya.",C2,2
gagal fokus sama boneka jatuh,C4,4
bagus pak ferdinand,C0,0
realistis kalau penipu & pembohong 🤪,C2,2
"saya justru lebih terkejut dengan kalimat ""kepatuhan total masyarakat menjadi tujuan"" karena bertolak belakang dengan demokrasi & ham padahal pdip itu singkatan dari partai demokrasi indonesia perjuangan. kalau soal hari akhir tidak percaya karena belum pernah lihat urusan dia dengan tuhannya aja..",C1,1
siapa sih presiden masih bingung pk jokowi atau bu mega kok dia yang keluar terus menagatur negara,C4,4
"yang ngusung pak jokowi dari walikota, gubernur sampai presiden siapa?, yang ngenalin pak jokowi ke masyarakat siapa?, yang bikin citra pak jokowi jadi bagus siapa?, tanpa pdip tidak mungkin pak jokowi seperti sekarang, nama besar dan citra pak jokowi terbentuk berkat pdip, sehingga citra pak jokowi menjadi lebih besar daripada pada pdip, tetapi ketika pak jokowi diatas angin dia lupa akan semua itu, dan akhirnya menjadi pengkhianat partai pdip, sekaligus mengacak acak konstitusi supaya anaknya bisa maju",C1,1
"termul buzzer, senggol dong",C2,2
"mantap bapak 👍🏿 terima kasih atas dukungannya saatnya anak-anak muda dan nasionalis berjiwa muda duduk di legislatif dpr kita dukung dan satukan suara untuk psi agar bisa masuk ke dpr tahun 2024 nanti. demi terwujudnya pemberantasan korupsi, pengesahan uu perampasan aset para koruptor, indonesia maju dan sejahtera salam solidaritas manula 60 tahun berjiwa muda di jakarta",C3,3
manusiakah itu?org kelaparan dia senyum 2.,C0,0
"hancurkan pedagang eceran karena menjual dengan harga mahal,,disini 40-45rb harganya dieceran",C1,1
jogya official .bukan juga katanya raja asli itu pangeran diponegoro tetapi direbut saudaranya terus saudranya ini anak turunnya menyerahkan tahtanya ke pengawalnya yaitu kakek moyangnya sri sultan sekarang makanya sri sultan sekarang tidka punya anakl laki-laki.sebab mungkin sudha 7 turunan sebab sudah saatnya raja jogya dikembalikan ke pemilik aslinya keturunan diponegoro.kalo tidka slaah seperti itu saya dengar caknun.,C0,0
"tolong sebar luaskan lagi ke semua penduduk indonesia, agar mereka tidak salah pilih ✌️🤲. agar anak cucu kelak paham bahwa ( adab harus diutamakan dari apapun itu ), agar tidak mudah menghina orang lain. menangis hati dan mata ini mengingat tidak punya adab serta kemunafikan anis baswedan dan ganjar pranowo terhadap bpk. prabowo subianto 😭😭 semoga video dan semua komentar akan selalu menjadi bukti sejarah bahwa pernah ada 2 orang munafik yang dengan bangga menunjukkan kebodohan mereka menilai kinerja orang lain",C3,3
"kerja kerja & kerja tetapi hutang terus , koruptor semakin merajalela dan tidak mampu mencegah terjadinya korupsi , import pangan besar besaran padahal petani mampu",C2,2
"jokowi sudah jelas mendukung ganjar pranowo. tentu hal ini tidak boleh dinyatakan diluar rakernas. justru itu para kadrun senantuasa menggoreng dengan kedekatan trrhadap prabowo. sebetulnya jokowi mau mengaplikasikan ""politik santun dan santui "", 😂. kita pendukung ganjar pranowo tentu sudah tahu itu lebih dekat dengan sandiwara politik jokowi. gibran dan kaesang. namun begitu kita mencela kaesang sering pakai baju oblong bergambar gibran dan prabowo. semoga kaesang tidak terlalu dekat dengan prabowo, apalagi memberikan kesempatan kepada publik seolah olah kaesang akan memilih prabowo. andaikata bukan sandiwara, betapa bodohnya kaesang, macam tidak tahu demikian bejatnya rekam jejak politik prabowo😂",C3,3
"preet , caplin itu sebelum pilpres pernah bicara kalau jokowi jadi presiden bisa bubar negara, eeh tiba-tiba dia ingin jadi wapresnya jokowi , benar-benar munafik , masa itu jokowi populer dan di perebutkan oleh partai2 ,",C3,3
"datang kesana bukan bawa ribuan org, ada yang merusak, membakar, menjarah, maling",C1,1
parah. sampai mengorbankan kesehatan masyarakat demi menuhin ambisi program ckck,C1,1
anehnya orang orang yang dekat dengan penguasa selalu bungkam meskipun mengetahui keculasannya pemimpin.,C1,1
partai arogan 😂,C4,4
​ daripada wni tetapi negara tidak baik-baik saja. mndingan pak anis sudah jelas nasabnya cucu pahlawan. ketimbang cebong keturunan katak.,C3,3
penyesatan yang diulang ulang. jadi pembaharuan untuk memajukan pendidikan itu dianggap keanehan yang tidak perlu.,C1,1
"menurut saya faktor utama berjalanx meritokrasi adalah dengan menghilangkan korupsi semaksimal mungkin,krn ilmu itu butuh fokus,selama kebutuhan hidup susah untuk tercukupi.maka orang hanya akan berpikir untuk bertahan hidup melalui cara yang dianggp bnr.akal sehat hilang.itu kuncix",C1,1
kenapa 5 saja di pecat yang joget2 ramai wanita ramai joget seharus nya semua yang joget2 di pecat ganti yang lebih baik jujur amanah bersih dari korapsih berjiwa rakyat,C1,1
"bukan rahasia lagi, pemerintah dan pejabat adalah pencuri kekayaan indonesia. judi online (siapa dibelakang judi online, sampai bunuh2an) saja sudah memiskinkan rakyat indonesia, belum lagi pinjol, siapa dibelakang mereka? belum lagi mafia pupuk yang memalsukan pupuk, aktornya siapa? kalau dibilang pemerintah indonesia jahat terhadap rakyatnya, pada ketawa, tidak percaya. banyak kejahatan pemerintah, kebijaksanaan yang tidak berpihak kepada rakyat, korupsi. itu anggota dpr, gubernur jawa barat yang kerjanya benar, malah walk out. banyak bukti kalau pemerintah indonesia zolim terhadap kepentingan rakyat. herannya kalau ada yang comment kebenaran, pada ketawa, padahal orang luar melihat kalian, kasihan, tertawa pada nasib jelek.",C2,2
partai muda itu harus punya warna tersendiri tidak mendompleng popularitas yang sudah ada,C2,2
"lah, mas kaesang itu generasi muda yang punya popularitas tinggi, dan memenuhi spek untuk menjadi pemimpin, kalau cuma entertain ya sayang sekali bakatnya, ingat indonesia tidak maju2 bukan karena bodoh2, tetapi karena yang pintar pada diam semua tidak mau mengambil tindakan mas kaesang itu salah satu penerus bangsa",C0,0
yang kita takutnya itu teroris yang sudah ada di tubuh tni sama porli,C4,4
"wajib di pecat ini satroni, buruk",C3,3
kok saya tidak paham ya . maksudnya bagaimana kakak kakak . ? keturunan pki boleh jadi tni apa mutlak tidak boleh ? maaf bertanya . 🙏,C0,0
"sebenar nya ini adalah pengalihan isu pagar laut hahahaha,, kalau menurut saya",C1,1
kami rasa tidak akan terjadi. karena dugaan kami pak anies akan tetap setia dengan ideologi non partai. jika beliau mau bahkan partai perubahan akan terbentuk tanpa harus duduk di partai eksisting.,C0,0
aduh ini pasti narasi antek asing 😂,C3,3
"bagi saya sebenarnya masalah gibran ini bukan masalah kompetensi, lulusan smp, sma, d3, ada minor s1,s2,s3, si teler, si doger dll. tetapi masalahnya dari gibrannya sendiri yang tidak mampu atau sdmnya lemah hanya plonga-plongo/tidak layak menjadi wakil presiden.",C1,1
gila ini benar-benar gila mikir woy mikir. kami rakyat jelata ini mendapatkan apa dari kalian wahai penguasa negara.. apakah memang negara ini mau di hancurkan sehancur hancurnya.. gaji anghta dewan dewan di naikin ratusan juta.. para guru guru di bilang beban negara.. uang rakyat menabung di bank di tiga bukan tidak ada transaksi di bekukan.. tolong dong otak nya di pakai kalau buat aturan.kalau tidak ada guru tidak mungkin kalian bisa menjadi orang pintar sampai jadi pejabat.. dan kalau tidak ada rakyat tidak mungkin juga kalian bisa menjadi pemimpin.. apa yang kalian pimpinan jika tidak ada rakyat nya.. kalian juga terpilih karena di pilih rakyat. tolong ya otaknya di pakai wahai para petinggi nkri. kami rakyat jelata menjerit-jerit,C2,2
pak prabowo adalah presiden indonesia yang saya cintai ❤❤,C2,2
"bukan mpr/dpr yang dibubarkan tetapi oknum2 yang tidak kompeten diberhentikan & gaji mereka disamakan umk/umr disamaratakan dengan masyarakat, dengan begitu kursi disana tidak dikomersilkan, seharusnya yang duduk disana adalah orang-orang yang tepat atau terpanggil untuk membela rakyat bukan orang-orang yang zholim penuh kemunafikan, apa bedanya mereka dengan penjajah dizaman voc, segala sesuatunya suka-suka mereka membuat keputusan, sudah saatnya kami rakyat indonesia melawan hal-hal itu.",C0,0
jika yang memecah suara golkar di sulawesi karena basis golkar disulawesi makanya prabowo kalah jika dibalik golkar hapus golkar setelah tahun 98!yg menghancurkan juga golgolkar lengser soeharto bukan soemitro.! ugm bareskrim / polri yang per april tidak di resafellr. ultimatum ke pihak hukum baik lebihnya ijazah jokowi dibuka di depan hukum kenapa tumpek termul tidak berani seperti asrul sani buka ijazah aslinya rakyat ingin tahu buka ijazah aslinya di tunjukkan ke publik tidak berani termul bangga termul partai psi tidak lolos senayan padahal presidennya masih jokowi lalu siapa ternak termul & psi .! fakta bukan jokowi di nkri ini .!,C0,0
"ayo fokus gerakan demo besar besaran hampir semua koruptor 10 tahun kemarin mengarah satu nama jokowi, ayo gerak kan penangkapan dan adili joko widodo #adilijokowi #tangkapjokowi",C3,3
"idem.emang begitu kumpulan wc kanoha banyak dustanya..menutupi2in gengnya..dan buat ibu yang putrinya tidak diterima .bersukur saja bu, tidak masuk ke situ kawatir bu kedepan nya lebih hancur lagi dan dihujat oleh rakyat lebih sakit lagi bu. kelihatan hebat dan gagah ditakuti tetapi sebenarnya itu dicela oleh rkyat beda dengan tni",C3,3
"saya suka podcast akbar faisal.cerdas, pertanyaannya berkualitas.kami dengar nta jayak sedang kuliah.sukses selalu pak akbar faisal.semoga panjang umur supaya lebih banyak berkarya",C0,0
"allah sudah mengingatkan agar kita tidak menyesali diri kita sendiri ketika wajah kita dibolak-balikkan kedalam nereka bersama mereka ""pemimpin dan para pembesar negeri ini karena kesesatan yang kita ikuti(pemilu) dalam al-quran surah al-ahzab33:66-67 -68 4lloh berfirman, ""dan ingatlah ketika wajah mereka dibolak-balikkan kedalam nereka, mereka berkata""wahai sekiranya dulu kami taat kepada alloh, dan taat pula kepada rasul, dan mereka berkata""ya tuhan kami, sesungguhnya kami telah mentaati pemimpin dan para pembesar kami lalu mereka menyesatkan kami dari jalan yang benar. pesan saya kepada seluruh umat islam yang masih mengimani, mempercayai dan meyakini demokrasi kapitalis-sekuler-liberal-pluralis sebagai aturan yang lebih baik dari syariat islam dan hukum allah agar berhati-hati dalam memilih pemimpin /presiden, jangan karena kita ikut-ikutan dalam memilih pemimpin (pemilu) agama kita islam menjadi bahan ejekan dan permainan yang dilakukan oleh anjing-anjing yang dipimpinnya. al-maidah5:57. keadaan mereka serupa dengan pengikut firaun dan orang-orang sebelum mereka, mereka telah mendustakan ayat-ayat tuhannya. al-anfal8:54",C3,3
"ada hal yang mmbekas dari podcast ini saat bang bahlil mntakan, ""negara seperti cina dan korea sngat mencintai bahasa negaranya. negara yang membutuhkan indonesia harus belajar bahasa kita"".. point nya keren dan dahsyat..thanks pdp dan bang menteri keren panutan kami",C1,1
"makan tuh ijasahmu,makan tuh pintarmu,cantikmu, makan tuh bintang dan pdi-p dasar sombong rasai sekarang tanpa pak jokowi pdi-p.keok.👎",C0,0
fufufafa 😂,C4,4
​-yn1ttudah kelihatan dibidik kok. banyak buzzer dikerahkan menyerang wamen stella. polanya sama dengan buzzer yang suka menyerang pak jokowi dan gibran,C3,3
tidak mengerti apa² 🤡,C2,2
🤣 kadrun ada padang pasir saja ..d jakarta tidak pantas .,C2,2
"semua keputusan pasti sudah melalui pertimbangan, bukan asal-asalan",C0,0
mungkin sudah di vaksin,C0,0
bukan.mengganggu.mas bro. tapi.pak amin rais..sepertinya.selalu.mengkritisi.setiap.kebijaakan. rezim / presiden.agar.ttp lurus.sesuai dengan amanah uud 1945. ma'af. mungkin.hanya.beda sudut pandang.sj. kalau.dari segi / bg.penguasa.bisa.disebut mengganggu. tapi.bg.pak amin rais.kebijakan2.rezim.yg dianggab menyimpang.dan merugikan rakyat dan nkri.maka perlu diluruskan / di kritisi. trims.❤,C1,1
"​ -td4lx bagaimana kelanjutan si bandit firli,njing.masih nafsu ngangkat formula e..😂😂",C3,3
terkesan hanya opini.. tetapi sangat menggiring..,C4,4
inilah negarawan.. sudah lepas jabatan bicaranya adalah wawasan kebangsaan dan juga dunia.. bukan mirip si satunya.. malahan bulat masalah ijasah palsu.. sangat tidak kompeten dan negarawan.. hanya nafsu kekuasaan untuk anak dan mantunya saja.. orang itu,C4,4
apakah publik tahu ijazahnya pak prabowo? ijazahnya pak yusuf kalla? megawati? dsb. aneh ide anda ini.,C1,1
tetapi pernah berpikir tidak kenapa nadim dulu keluar dari gojek mungkin karena jadi mentri itu korupsi nya besar,C3,3
kita bisa lihat sebelum ada pak jokowi pdi tidak pernah jadi partai pemenang pemilu.intinya sosok pak jokowi sangat berpengaruh di internal pdi p dan di indonesia karena prestasinya sejak menjabat,C2,2
"2026 menonton wawancara ini, and still ahok is a fascinating person tapi hear, tapi sih and tapi talk in every topics 👍😎",C0,0
bahasanya sulit dipahami om,C0,0
​ komen kok mirip tidak tahu mekanisme panelis. ini kan pembodohan namanya.percuna sekolah kalau yang ada cuma narasi2 mirip gini.tanpa kejelasan real dan fakta. bahkan bukan cuma pembodohan.tapi itu bodoh namanya.,C2,2
tuhan tidak akan memberkati dalam keburukan aplg kebiadaban yang tak beretika..,C0,0
dikasih 2 pilihan yang bisa dipertimbangkan malah memilih yang paling jelek,C1,1
separah itu keluarga solo apa tidak kasihan dengan jangan ethes ada masa depan😢,C3,3
"kemarin itu masalah minor dan mayoritas, karena banyak kejadian keyakinan mayoritas mengkerdilkan keyakinan yang minoritas, ttpi karena minoritas tidak punya kekuatan, ya diam saja. hukum di nkri ini tetap masih mempertimbangkan kondusifitas. jadikan masalah penistaan keyakinan orang lain jadi pembelajaran bagi wni, jangan pandang mayoritas atau minoritas, utamakan kebersamaan menbangun nkri tanpa memandang perbedaan.",C0,0
"​ pemimpinnya saja tidak jelas arah kebijakannya main tabrak sana sini, mau optimis bagaimana bro? 😅 faktanya rupiah lemah, apbn depisit 240 triliun, penegakan hukum kacau, pengangguran masih tinggi katanya jutaan lapangan kerja, mau disebutin lgi.? jangan ah malu 🤭",C1,1
saudaraku ini dpr thundepan jangan pilih lagi,C1,1
47:54 bangga jadi ternak😂,C4,4
"jasmerah reformasi yang gagal & kebablasan 👎 melenceng jauh dari cita-cita awal. saya sendiri ngalamin langsung, disaat awal-awal reformasi, optimisme dan harapan masyarakat menguat melambung tinggi terhadap era baru tsb. pemerintahan habibie diisi orang-orang kompeten dan kkn nyaris tidak ada tidak terdengar. kondisi sosial-ekonomi negara sudah mulai pulih, membaik & tertata lagi. ketika habibie digantikan gusdur, arah reformasi mulai melenceng. pada bermunculan lagi kkn dimana2. - pemerintahan dan istana sangat pekat berbau perkoncoan. para pejabat2 negara banyak diisi konco2 satu geng nganu atau kerabat sanak saudara sendiri (ponakan2 gusdur pada menjabat mentri atau pejabat tinggi negara). istana negara jadi mirip warung kopi atau balai rt. banyak orang-orang gakjelas pada ngegembrong nongkrong di istana sambil gakjelas pada mengapai dan pada mau apa tuh orang-orang tsb. - kasus2 korupsi & pungli pada marak bermunculan. dari tingkat pusat, hingga ke keroco2nya di daerah2. kalau ingin urusan lancar dengan orang-orang pelat merah, harus siapin amplop coklat dibawah meja. - premanisme dan ormas2/lsm gakjelas pada marak bermunculan dimana2. saya ingat bener, saat di era tersebut mulai muncul tradisi baru tiap mau lebaran atau akhir tahun : pada nongol mengantri preman2 berseragam ormas nyodorin ""froposal"" permintaan dana thr dan tunjangan operasional buat ormas mereka. - cukong2 & boss2 kayu ilegal dan pembalakan liar sda hutan, marak dimana2. hutan2 lindung & kayu2 jati perhutani dijarah habis2an oleh gerombolan yang mengikuti omongan gusdur ""..ambil saja kayu itu, toh dulu yang menanamnya moyang kalian.gitu saja kok repoot"" 😂 polisi hutan /jagawana tidak berdaya karena penjarahan tersebut dibekingi oleh ormas loreng abal-abal berkopiah. kerusakan alam paling parah dalam waktu paling singkat (dua tahun). hutan2 pada gundul, banjir & longsor dimana2. - kemaksiatan dan kemerosotan tatanan moral & sosial dimana2. pada marak pentas2 dangdut seronok, dengan segala macam kreasi goyang seronoknya. dari mulai goyang ngebor, goyang gergaji, goyang patah2, goyang dombret, segalamacem gakjelas. majalah2 dan koran2 cabul pada marak beredar di pinggir jalan atau dijajakan di lampu merah. era pemerintahan paling aji mumpung kampungan. memalukan dan kemunduran di berbagai aspek berbangsa. .",C1,1
yang dimaksudkan prabowo itu perumpamaan mungkin,C4,4
sampai sebegitunya ya.. kayaknya sudah tidak waras sih kalau kataku,C2,2
mungkin sekali egi sudah lelah jadi orang miskin,C1,1
mungkin indonesia akan sejahtera tanpa perempuan ini,C3,3
"yang suka bikin bendera pki sendiri bakar sendiri ya cuma kadrun yang mau merubah negara menjadi sistem khilafah,itu nyata bukan dongeng😂😂",C4,4
"anies itu siapa,sok pintar kita perlu ada petrus muak tengok orang macam ini",C2,2
story state keburukan di hapus jadi gelar pahlawan rusaknya lagi jika merembet ke nomor uang di bank . siap siap .,C0,0
"​ penegak hukumnya menerima saweran dari hasil korupsi, jadi mereka itu sama sama koruptor.",C1,1
kayaknya anggota dpr perlu dikurangi saja deh,C4,4
"saya sudah lama kecewa sama anggota dpr,sebelum jadi anggota dewan,mengemis ke rakyat,e sudah jadi malah partainya yang dibela dan pemerintah yang dibela dalam kebijakannya yang tidak pro rakyat dan para koruptor dibebaskan😮😮",C2,2
bukan mundur lebih tepatnya mungkin di pecat,C4,4
pak jika andai tidak membuka pintu untuk jokowi mungkin negara ini? ah sudahlah memang sudah jalanya kali ya,C4,4
betul bro,C4,4
gibran presiden tahun 29 mantap terima kasih,C4,4
"sebelum pilpres 2029/ganti presiden, indonesia tidak akan berubah malah tambah parah. 2030 indonesia bubar bisa terjadi.",C1,1
sis grace memang hebat.. mudahan bisa jadi menteri masa mendatang.. salam sehat buat sis grace dan prof. renhald. god bless. 🙏,C0,0
"pecat firli bahuri dkk yang terlibat, lebih cepat lebih baik. penyelidikan & penyidikan segerakan buat tersangka, agar firli bahuri dkk diajukan ke pengadilan & masuk penjara shg kpk tidak menambah rusak.",C4,4
walau kamu coblos tak mungkin psi dapat kursi,C4,4
"lebih tepatnya hukuman mati, jangan biarkan pengkhianat pki bangkit kembali di negara ini,",C3,3
wkekeke iye juga ya,C0,0
jangan pilih partai nasdem.karena sampai sekarang masih melindunginya,C3,3
"bang ferry, banyak yang mau saya mintain pendapat abang tentang menghadapi dunia per-asn-an. can i have you contact?",C2,2
apa kabar pak ahok,C0,0
otak udang..,C4,4
"untuk gibran, mundurlah dari wapres dari pada diundurkan ,, anda tidak pantas duduk di kursi wapres. anda bisa duduk kursi dengan cara curang karena kekuasaan kelicikan bapakmu.",C3,3
menit 5:13 ada yang aneh boneka nya jatuh mas..aura pak mentri lumayan juga.😊,C4,4
"selama mengikuti pe1erintahan indo, cuma dia mentri paling cerdas yang saya tahu respect pak",C0,0
"mereka diem, mungkinkah wes di suap..?",C0,0
memang bowo parah,C1,1
pemerintah kok dungu.cerdas pk roky gerung..,C4,4
"​ -s7g kalopun dapat tidak berarti antek asing. coba deh cari dan dngrin penjelasan soal dana asing masuk kak lsm2 itu bagaimana prosesnya, terus dipikir2 lagi ya",C3,3
kalau bisa undang ketum partai psi yang baru.. biar tahu bagaimana dia menjawab pertanyaan kritis.. pasti seru dekh..,C0,0
oh ini toh.. tadi pas jumatan kayaknya khotib nyinggung tentang ini sebentar secara implisit,C0,0
"the real trash public, pengangguran dapat bayaran sebagai buzzer. kasihan mereka ramai di medsos saja 1 orang harus punya 10 akun palsu kali ya? eh giliran turun ke jalan jumlahnya cuma puluhan, walaupun diberita metromini dibilangnya jutaan🤣 ada tugas nyusup ke dalam demo omnibus law tidak tuh?",C2,2
"ingat! keyakinan dan keimanan kita sebagai umat islam adalah al-quran dan hadist nabi, bukan demokrasi kapitalis-sekuler-liberal-pluralis. jika kita berpaling dengan meyakini,mengimani dan mempercayai ideologi demokrasi kapitalis-sekuler-liberal-pluralis adalah aturan yang lebih baik dari syariat islam dan hukum alloh, maka kita telah menyesatkan diri kita sendiri dan menyekutukan allah .",C1,1
1:10 ucapan nyata kan mak,C4,4
"tidak usah tambang pilih karena indonesia dasar hukum,jadi yang di larang ajaran komonisme,klo keturunan pki tidak malasalah kalau daftar apapun kasian,karna masih anak bangsa nkri,bagi saya kurang adil kalau tidak di angkat ke jabatan apapun,jadi buat keturnan pki pak andika sangat tegas bisa callon apapun,saya bangga ke pak andika,maju terus saudara sebangsa setanah air",C1,1
prett.,C4,4
"barakallahu fiikum prof. zulfikar dan dr. abraham samad s.h., m.h.",C0,0
"begitu buruknya gibran itu, sayangnya polisi tak mau menegakkan hukum pada dia",C3,3
bapak dan anak sama² pembohong.! memalukan.!,C3,3
ahmad sahroni harus ditangkap dan pecat dari anggota dpr..krn pernyataan idiotnya membuat demo menjadi anarkis..! rakyat harus bersatu mendukung aparat kepolisian untuk menangkap a sahroni karena dalang provokator!!,C3,3
bagaimana sekarang rasanya,C4,4
"sahroni betul, di indonesia tidak boleh ada pejabat rakus yang sombong. preteli semua fasilitas mereka",C0,0
"mantap tempo. langganan tahun ini saya perpanjang. selain informatif, tempo sukses bikin buzzerp, ternak dan majikannya kejet-kejet tertampar fakta yang selalu disangkal 😊",C2,2
pemerintah khususnya menkop/des tidak belajar dari kegagalan kud jaman dulu.,C1,1
"jokowi adalah mantan penguasa paling rakus, tamak, kagetan aji mumpung jadi penguasa merampok segala isi negara dan merusak sistem hukum demi kepentingannya dan keluarganya.",C3,3
kalau keren itu tidak pembohong.. bilang ada investor asing mau invest ke ikn tetapi mahfud & basuki bilang ikn belum ada investor asing nya. itu keren atau sampahh ??,C3,3
tidak harus peraih adhi makayasa kariernya selalu baik. banyak yang dapat adhi makayasa karirnya mentok! jabatan & pangkat perwira menengah sampai dengan jenderal adalah jabatan yang politis salah satunya ditentukan oleh presiden! jadi biasa saja tidak usah terlalu lebay !,C0,0
"kiky : ""presiden tanpa saya, tidak akan jadi apa2"" kok pernah dengar ya, perkataan dari siapa ya? ketua partai mana ya? wkwkwk 😂🤣",C2,2
"semakin hari semakin absurd. sebaik-baiknya sistem hukum atau apapun itu, tetapi kalau yang memegang otoritas itu bermasalah ya tidak ada gunanya. itu berawal dari sistem rekruitmen. semua pemegang otoritas di negara ini mungkin sudah bermasalah dari sistem pendidikan awal, yaitu keluarga. apakah ini tanda bahwa sebenarnya keluarga di negara ini sedang mengalami degradasi yang luar biasa dari masa ke masa?",C0,0
"diduga kalau manusia culas, pembohong, penipu dan pengecut alias penghianat, tidak akan dapat dipercayai?.🤣",C2,2
"berharap sekali psi dukung prabowo, pliss yaallah, jangan ganjar jangan pdip",C0,0
"yang bikin aneh itu, wanita di lingkungan keluarga pembohong itu tidak terusik martabatnya ketika kedustaan dan kemunafikan keluarganya terbongkar di publik. apakah sebagai wanita itu adalah aransemen nya?",C3,3
mereka juga tidak butuh sampah masyarakat seperti kamu 👎,C2,2
berarti polisi musuh rakyat.,C3,3
sepemikiran,C4,4
"pak aulia, mahkota mu sedang ku ukir sebaik mungkin",C2,2
alquran yang melihat.bu sedangakan.alquran.firman.allah .adakah yang bisa membatahnya satu ayat saja?,C2,2
"f,andika,frakasa,darimana,asal,usul,dia,datang,sandai,-samfai,citra,tni,rusak,karenanya,,ini,g,usah,di,biarin,",C2,2
"prabowo kan bilang 2030 indonesia bubar, mungkin memang benar karena dia yang membubarkan.",C4,4
​ koruptor eksekusi 🇨🇳,C4,4
"komen paling ""dalem"" tetapi pasti sedikit yang like. karena ya ""jarang ada yang (bisa) sampai ke sini"" betul kata rg : fenomena ""kedangkalan"" masih akan melanda konoha, entah sampai kapan. dan betul kata felix siau, satu2nya cara untuk melepaskan segala ""keruwetan yang sudah lama terjadi"" adalah dengan mencerdaskan setiap orang dari berbagai aspek. tempo at least telah berkontribusi dalam proses pencerdasan ini, dengan membuka ""debu2 di bawah karpet"" yang selama ini tidak pernah ada pihak yang coba membuka/melihatnya. keep itu up!",C1,1
"kalau sosialisasi pancasila (keadilan sosial) dijalankan,, entah negeri ini seperti apa? kekayaan negeri dijalankan, gampangnya tiap rakyat dapat 20 jute, jakarta rakyat 10 jute, katanye? ya kita harus kerja,, cari kerja kena phk, masuk ormas atau partai saja, gimana? ada pilihan , kenegeri lain yang lagi konflik dibayar?",C1,1
terima kasih luar bisa ya smv brmnpaat but saya amin,C0,0
saya daftar perwaklam partai di sambas kalbar an. billianor s.sos,C0,0
sama saja maling triak maling😅,C1,1
"astaghfirullah astaghfirullah astaghfirullah astaghfirullah halazdim,, ya allah ya robb lindungilah negara kami indonesia ❤❤",C0,0
"""всегда поддерживаю вас, господин сурёё! надеюсь, вам удастся раскрыть правду о дипломе джокови.""",C0,0
presiden terbaik indonesia❤,C4,4
tetapi kenapa anies tidak bisa kerja kok bnyknyg suka?,C4,4
"kenapa tidak ditolak sejak awal, malah diusung",C4,4
"dan yang tidak percaya,bahwa angin juga membawa pollusi,.tunggu angin topan menyerang,supaya paham,bahwa angin bisa membawa kekacau an",C0,0
memang mereka cocok jadi panti pijat wkwkwk,C4,4
sangat mengherankan: nadiem makarim di kriminalisasi. sementara kasus ijazah jokowi tidak segera diberesin.,C3,3
"tidak usah ada ganti lebih baik bubarin az semua ny,,ga kerja tetapi tiap bulan dapat gaji dari uang rakyat",C1,1
"contoh terburuk buat generasi penerus, seorang jokowi non sen untuk jadi panutan, seorang munafik, tidak ada etitut dan moral, pemimpin di negara demokrasi. ingat jjabatan jokowi tinggal 2bl.rasakan karma rakyat buat pengkhianatan.",C3,3
anda mungkin nama -it8ce kadrun dan tidak usah sok tahu dengan megkadrunkan lain nya.,C3,3
saya bukan orang jakarta saja dukung pak ahok,C0,0
partai ijo selallu saja menyudutkan polisi 😂,C2,2
kita lihat perkembangan,C4,4
"modal ijazah palsu bisa jadi pejabat, yang penting kamu punya ordal dan punya duit",C3,3
"jokowi menang karena gorong "" kemudian di goreng """,C4,4
"​ hah hah tidak salah mendengar ini memberantas mafia, yang ada dia yang si mafia memberantas saingannya 😂😂",C0,0
kalau begitu buru cecar tanya dong orang yang namanya pratikno . mungkin juga ada bekingan yang lebih besar lg.,C4,4
duduk saja .,C4,4
"saya sebagai rakyat biasa harus bagaimana ya, jadi srba bingung euy",C0,0
bukan masalah baik dan jahat. negara ini kekurangan orang pintar. justru negara carut marut karena banyaknya orang-orang tolol yang yang berkuasa,C2,2
tetapi pemimpin di sono benar pintar😂 bukan karena tidak bisa bahasa asking lalu pakai bahasa sendiri😂 buruk rupa cermin di poles,C1,1
ending yang ditutup dengan statement spiritual💯👏,C0,0
omong kosong !,C2,2
semua proyek pemerintah kali ini salah kaprah 😢 entahlah muak,C4,4
pak roy suryo adalah bagian dari isi kerajaan yogyakarta dan solo yang pasti ijasahnya asli,C0,0
biang kerok,C4,4
politik serba memungkinkan selama sesuai aturan. terpenting niatnya memajukan bangsa dan negara ini🇲🇨🇲🇨🇲🇨,C4,4
"terus rakyat yang mana bro,kamu ini diantara pro atau kontra mslah ijazah jokowi atau jangan-jangan kamu seorang penjilat anis baswedan",C2,2
"ya,betul sekali.sudah ada sosok bermutu yang dapat dicalonkan partai politik untuk dipilih para pemilih cerdas.jgn sia-siakan kesempatan yang ada demi kemajuan bersama.",C0,0
pa nadien harus berani menuntut balik pemerintah/ kejaksaan bila telah lolos dari hukum agar mereka kapok mengkriminalisasi orang yang enggak tahu apa apa. maju terus pa nadiem.gbu,C1,1
​ eksekusi koruptor 🇨🇳,C4,4
-f3tb selama hukuman untuk tindak pidana korupsi di indonesia tidak diubah menjadi hukuman mati sampai akhir zaman indonesia tidak akan terbebas dari para koruptor 🔥,C3,3
​​ -ub1mm9un4x komentar mulyono dalam kasus tersebut cuma bilang kerena kecapekan dan semua tanpa divisum 😮,C0,0
memang masalah ta kalau kita dukung pak anis rasyid baswedan?yang bermasalah tuh kalian khan.masalah pilihan dan dukung mendukung tuh bebas dong.knp kalian sewot.😀💃,C0,0
"masya allah. sehat selalu prof amien rais, semoga selalu memberi barokah sisa usianya. syukran selalu sabar bersuara untuk membangkitkan sikap kritis anak-anak bangsa, dan tak pernah gentar mengingatkan / mengkritisi penguasa dan pengusaha di negeri ini. respect untuk prof amien rais 🙏",C0,0
"little things means a lot, always 🥩🫀🧠📚",C4,4
loh kok semoga bagaimana sih.la andika membolehkan anak pki jadi tentara lah terus apa artinya?? anda renungkan sendiri,C3,3
orang-orang kpk ternyata orang-orang korup juga.,C3,3
kotoran alias taikmu berbentuk donat,C3,3
kalau demo tidak boleh ada di indonesia..koruptor apa lagi,C1,1
"kalau orang baik tidak masuk pemerintahan, maka pemerintahan akan dikuasai oleh orang jahat. dan akan lebih hancur",C1,1
"dia itu pembohong bro,cuma mikir partai dia doang,bukannya dulu selalu bikin gaduh di era sby.,memprovokasi rakyat untuk demo ya.? malah anaknya yang bloon pura-pura nangis2.di gedung dewan,lha sekarang rakyat jauh lebih sengsara dia malah tertawa2.,gak nangis2.,jadi siapa yang tukang bohong.",C4,4
roy..roy..sebusuk apa hatimu ya..mulutmu penuh kebencian dan menjelek2 orang lain..apa hidupmu..hanya hanya untuk itu.?,C3,3
​ -c4z2t 😢,C4,4
​ harusnya yang menuduh yang harus membuktikan ijazah jokowi palsu.ngaku pakar dan peneliti ternyata orang bodoh semua hihihi,C3,3
tunjangan beras 12 juta ? sama dengan gaji saya 4 bulan wow. amazing. bisa makan rakyat sekampung sayatu,C1,1
emak²sudah pada capai bang sama partainya sebelah yang sudah memimpin 2 periode.apa²harganya mahal sampai mau beli beras saja sudah susah harganya selangit.kalo periode depan mimpin lagi bisa²mampus semua rakyat miskin,C1,1
takut berlebih pada yang pakai sorban mksdnya?,C4,4
"plusnya, 1. orang tua tahu anaknya suka apa. daripada mbg anak dipaksa makan yang dia tidak suka. lebih parah lagi, kalau anaknya ada alergi dipaksa makan. 2. kalau memang kondisi orang tua itu kurang dana bukan tidak ada dana buat kasih bekal, itu bisa menambah anggaran makanan tersebut. jadi daripada 15rb, kalau orang tuanya mampu 10rb, ditambah 15 jadi 25rb. makan anak jadi mewah. minusnya, a. transparan di uangnya ke mana, belum tentu transparan hasilnya bagaimana. saya kasih orang uang rata-rata bukan dipakai untuk semestinya, malah dipakai buat lainnya. contoh maksudnya harapannya memberikan 15rb buat bekal. keluarnya tetap zonk. duitnya diembat orang tua buat tambal utang. 2. justru harga jatuh makanannya tambah mahal, soalnya tidak bisa menerapkan economy of scale dalam pengadaan makanan. jadi apapun yang dibuat dalam jumlah besar itu jatuhnya lebih murah karena bisa dibuat masal. ibarat belinya bahan bukan eceran, tetapi grosir. menurutku dua-dua bisa sama-sama gagal 😂. paling mending adalah kantin sekolah bersubsidi. kecurangan bisa terjadi, tetapi auditnya bisa dilihat semua orang. dari pihak ortu, sekolah, atau pemerintah. kasih anak jajan 5rb, tadi makan apa dek? nasi campur isi sayur sama ayam. kan gitu, kalau orang tua tanya. anak juga bisa pilih dia suka makan apa. dan kalau satu penjual itu curang, ya pindah ke yang lain. dia jadi tidak laku. subsidi ini itungnya untuk makanan yang terjual saja. kalau tidak terjual tidak disubsidi. dan toko juga boleh jual barang lain yang non subsidi. seperti cemilan tambahan. jadi tidak serta merta 100% tergantung subsidi hidupnya. misal jual 10 nasi bungkus hpp 15rb, disubsidi 10rb. 100 permen harga 1rb tanpa subsidi. kalau 1 nasi bungkus kejual, anak bayar 5rb saja 10rb ditanggung pemerintah. habis sekolah tutup boleh sisanya dijual di luar sekolah. tanpa subsidi.",C1,1
"untuk pejabat serta pemerintah yang selama ini bilang kalau mengkritik sertakan solusi nah ini salah satu pakar punya solusi dan pikiran,harusnya di ajak kerjasama atau memang pejabatnya indak mau ada solusi biar bisa saling korupsi..kan jadi lucu pejabat negara ini yang paling atas pengennya jadi atasan indak peduli bawahan,yg bawahan karena melihat atasan keblablasan jadi ikut2tan..hancur bangsa ini kalau di biarkan terus menerus..ini negara bukan milik pribadi",C1,1
salah satu pertanyaan paling telak saat caleg 02 banyak mantan napi koruptor,C2,2
benar !! cocok pendapatku !! bagaimana mungkin calon wapres petahana 2029 dan calon pres 2034 cuma dapat 72% ? pasti angkanya dimanipulasi agar tak mengagetkan.dari sebenarnya 80%❤,C4,4
"benar bang, jaksa agung paling menjijikan, suka pamer uang hasil sitaan, padahal pinjam di bank. biar kelihatan berjasa mengembalikan uang, tetapi caranya licik bgt. semoga orang-orang yang suka menzolimi orang lain, segera dipanggil tuhan dan diminta pertanggungjawabannya.",C3,3
"tunjangan nya per hari 3jt kali 30 hari sudah 90jt per orang ,seandaikan ada 200 anggota dpr 90jt kali 200 sudah 18m itu perbulan, sedangkan buat rakyat mana",C2,2
fenomena teddy seprti untung dan termul seperti pki.akankah sejarah berulang kembali?,C3,3
yaiyalah yang komen buzzer semua monyet,C2,2
berpikir lah dengan jernih.orang umur 71 tahun itu sudah banyak uzur nya.kaki sudah mulai sakit2.jln sudah mepet2 ..bagaiman mau mengelilingi dan memerintah indonesia yang begini luas dipimpin oleh orang yang sudah uzur.tiba2 sakit kaki nya tidak bisa jln.terus siapa yang pimpin negara ini.kalau gibran yang tak tahu apa-apa mengganti kan presiden.hancur lah negeri ini olh oligarki.,C1,1
"di pbb pidato garang / di elukan , mengurusi negara palestine .pansos. urus negara sendiri saja belum becus. rombak total kabinet / ganti semua menteri genk solo , tidak berani ? ganti / copot panglima , kapolri , jaksa agung , tito . menteri genk solo sarang koruptor / benalu - brutus ..",C3,3
"sudah sampai masanya pemerintah indonesia untuk mengurus nevada nya sendiri.. berhenti mengurus masalah negara orang seperti, gaza dan israel.. mungkin ini salah satu kutukan sang pencipta kepada indonesia.. sebab umat islam di indonesia sangat keras mengutuk israel yang tidak bersalah itu!",C3,3
more please.. i need more..,C0,0
"bukannya meredakan amarah rakyat, tetapi malah terus memancing kemarahan rakyat. tidak layak jadi anggota dpr !",C1,1
"assalamu,alayqum , anies baswedan yang jadi presiden dimata allah swt, subarti tetap pilihan anies rasyit baswedan, nomor 1 dibalas ya",C0,0
ini harus di bongkar.. saya juga bertanya bagai mana seorang mulyono bisa berkuasa dan anehnya partai merah mau merjembatinya..,C2,2
anies rasyid baswedan presiden r.i 2029.,C2,2
"saya, bukan siapa"" saya, hanya orang kampung pret.. tapi, otak nya jackmul otak mafia",C3,3
bikin bangkrut negara mereka.,C0,0
"""rocky gerung omongannya kasar karena dia jomblo"", kata pak renald. 😂 parah",C2,2
saya orang jabar saya sudah curiga dari dulu memang polda jabar ini sarangnya mafia,C3,3
"yang jadi pertanyaan si gibran ini di singapore study atau rehabilitasi karena kecanduan narkoba? karena tidak ada teman temannya selama di study di mdis tersebut.. tidak mungkin teman temannya malu atau takut untuk merasa bangga dengan si plaplo gibran ini. kecuali. teman temannya itu adalah anak anak yang masuk tempat rehabilitasi karena kecanduan narkoboy di singapore. sampai sekarangpun tidak ada orang lain, yang menyatakan pernah satu kampus atau sekolah dengan si plaplo gibran.",C3,3
para buzzer juga ikut menikmati 😂😂,C1,1
semoga psi jadi partai yang besar,C1,1
"iya donk.? orang penting beda caranya. h indonesia itu memang gokil.. sering kemalingan tapi tidak mau bikin system anti maling, wjarlah kalau maling,pemalas, tukang alesan, bisa kerja di kantor2 pelayanan. h",C3,3
sekarang rumahnya pada hancur .. asik ya . ayo joget terus pk ekoo ..pk uyaa .,C1,1
"intinya kalau anda suka pilih,kalau tidak suka jangan di pilih,tegas pak prabowo bilang.. dari pada saling menjelekan.. salam damai ✌️✌️✌️",C0,0
"mungkin ini yang dinamakan bersenang""didalam derita orang kalau bisa usahakan naikan harian kuli biyar rakyat juga merasakan kesenangan dalam hidupnya.",C1,1
"kami sebagai wisatawan juga turut terkesan sebenarnya,takut mau berlibur ke indonesia kerana banyak demo di sana sini,keselamatan diri sendiri menjadi prioritas utama kami..bukankah itu mengurangkan lagi hasil pendapatan negara dari industri pelancongan sedangkan di indonesia banyak sekali tempat pariwisata yang bagus dan nyaman untuk dikunjungi",C0,0
"moral rusak tetapi seakan buta oleh pemilihnya. dpr sebanyak itu tidak peduli. cara ketua kpk dalam mencari jabatan ""licik"", dan atheis.",C4,4
​ alhamdulillah orang kayaknya dari pribumi,C4,4
anggota gaji naik rakyat sengsara,C1,1
​ ada orang bangga sekali sama maling panci,C4,4
"saya ingat waktu pak amin jadi ketum muhammadiyyah betul-betul luar biasa, seandainya pak amin jadi presiden saya yaqin indonesia maju seperti negara2 maju, karena ada konspirasi para pengkhianat dan oligarki pak amin di jegal biara tidak jadi presiden, tujuan nya supaya negara ini tidak bisa maju seperti yang kita lihat seperti sekarang ini jadi negara dagelan. betul betul betul",C1,1
banteng guling.. dendam fan jokowi dibayar lunas.. mantap..,C0,0
fufufafa petruk cilik 😂,C4,4
mantap. tempo bongkar terus tentang siapa dibalik mbg . kami lebih percaya pada tempo😂,C0,0
"betapa keras kepala nya wowo, ini & sok pintar ,!",C3,3
mana mungkin negara mau bohong bohong sih..ya jelas koruptor ya harus di hukum,C2,2
"top komen nih, agak bagaimana begitu wkwk",C4,4
"ya sudahlah dimakzulkan saja kalau tidak mau mundur, wakil presiden yang tidak pantas, tidak punya track record terus bisanya apa? apa sih tugas wapres? pemimpin yang lahir dari proses kkn tidak pantas di era reformasi.",C1,1
luar biasa anis baswedan raja berbohong p prabowo yes 🇮🇩🇮🇩👍,C2,2
kesalahan memelihara ular 😂,C4,4
"pak bahlil keren, jawab nya santai tetapi ber ilmu👍👍",C0,0
"demokrasi harus tetap ada oposisinya supaya seimbang, kalau setiap oposisi ditarik ya rusak demokrasinya",C1,1
pasti lah rakyat pasti memilih partai yang benar benar komitment untuk anti korupsi dan tidak membela koruptor. rakyat sudah semakin cerdas hanya segelintir saja yang ada kepentingan. rakyat sudah kecewa dengan partai politik yang di dalam nya ada kader yang korupsi dan di bela mati matian. rakyat tahu kok.,C2,2
nasehat yang sangat baik 👍🙏,C0,0
dan semoga begitu juga dengan orang-orang yang trus2an mnduh dan mnfitnah tanpa bukti,C4,4
betul itu. korupsi nya sih mungkin awalnya sedikit tetapi kalau dibiarkan saja lama lama ya banyak,C4,4
bi cv?,C4,4
enggak ke bayang kalau allah mengkhendaki bu mega ada tinggalkan oleh anggota partai dan kader kader nya semua ibu bukan apa apa tanpa mereka semua ..,C2,2
"bukan 80% ,tapi 85% dana desa untuk kmp.rusak lah negara ini",C1,1
tidak mungkin bro wasit sudah masuk dalam sistem,C4,4
"geng jkw ini memang perusak bangsa, harus segera diadili",C3,3
kalau begitu tangkap semua koruptor2 dan di penjarakan,C1,1
diharapkan lahir tiyo tiyo lainnya untuk melawan keserakahan politik busuk penguasa.,C2,2
"anis & ganjar , gomongin orang lain bisa,tapi tidak sadar diri.pntas capres bicara begitu.mnrut saya bukan debat ini.mereka sblumnya pasti sudah kompromi ingin menyudutkan pk prabowo.tapi tidak bisa yang namanya niat buruk tidak akan allah swt merestui. semangat pk bowo anda presiden 2024 .👍👍salam saya dari bengkulu.",C3,3
"dikira jokowi macam sby. jikapun jokowi purna tugas, kemana saja beliau berkunjung di seluruh ri akan masih dirubung warga, masih jadi tempat warga berkeluh kesah. apalagi bu mega butuh sahabat diskusi yang setara, jokowi salah satu nya, maka pdip masih sangat butuh jokowi menghadapi tantangan ke depan agar tetap jadi partai terdepan nkri dalam melahirkan pemimpin² di nkri.",C2,2
hancurnya indonesia ditangan prabowo,C3,3
"wah mirip orang bisa menerangang saja kamu itu,melebihi tuhan yang bisa tahu apa yang terjadi,ini saja sudah otak miring kamu bro.orang jakarta memilih anis karena penistaan agama kah,faktanya kemarin pilpres anis mash menang dijakarta,apa otakmu tidak salah berpikir bro.justru argumenmu yang runtuh,ini fakta bahwa orang jakarta memang pemilih anis dari dulu.hahahahha",C2,2
ina liem keren sekali.sangaat perlu orang-orang seperti ina liem.utk balancing.perkara2 seperti nadien makarim.sungguh jahat orang-orang di konoha ini.enggak bisa korupsi. malah kriminalisasi orang-orang yang menciptakan banyak lapangan pekerjaan.preseden yang sangat buruk sekali.meyedihkan.😢,C3,3
untuk,C4,4
"putra sulsel adalah pemberani , berjuang terus suarakan kebenaran dan keadilan",C0,0
"pak ginanjar siap presiden,siap juga dimintai kejujuran seorang president,god bless us",C0,0
"mantap mas bro 👍 saatnya anak-anak muda dan nasionalis berjiwa muda duduk di legislatif dpr mari kita dukung dan satukan suara untuk psi agar bisa masuk ke dpr tahun 2024 nanti. demi terwujudnya pemberantasan korupsi, pengesahan uu perampasan aset para koruptor, indonesia maju dan sejahtera salam solidaritas",C3,3
yang penting bukan keturunan yaman dan musnahkan kadrun2 dari nkri,C3,3
akan banyak uang yang ngawur,C4,4
begitu banyak orang-orang pintar di negeri ini kok bisa lah terima agrrement sebegitu bodohnya itulah orgtua2 iti saja terus pejabat di negeri ini,C0,0
mantap ardian,C4,4
"tuntutan kami : 1 . sah kan undang undang perampasan aset 2. turunkan pajak yang membebankan ke rakyat 3. hapus program mbg diganti dengan pendidikan gratis atau kesehatan gratis bagi masyarakat miskin 4. perbaiki kinerja bumn , banyak sarang mafia disana triliunan uang rakyat di korupsi di bumn 5. hukum mati koruptor! 6. naikan gaji umr dan pendapatan masyarakat turunkan gaji dpr ataw bubarkan saja",C1,1
di setel ku paratai yang memimpin sekarang,C4,4
jadi kurang semangat ketua partai itu2 saja stw lagi.,C2,2
sekalian kaesang ketum partai😂,C0,0
justru seperti sikap dari zul yang harus dikibarkan supsya masyakat makin cinta nkri bukan jadi pengkhianat .,C3,3
tidak mungkin lah tidak mungkin 😂😂,C4,4
"memberi jalan kepada komunis untuk berkembang lamu bilang tegas?.?,yang waras aja.pki itu harus diberantas,bukan diberi lagi jalan.",C0,0
"jika sekolahan tidak terinfirasi seorang nadim makarim sebagai.pengusaha lalu terinfirasi pada tukang kriminalusasi.., bisa hancur masa depan anak bangsa..",C3,3
"itulah cara wapres terbaik kita, tenang saja tenang saja selagi ada gibran",C0,0
anak muda valdo ini sok pintar. masih banyak kurang makan garam.,C2,2
"bagi mereka kecil uang 50 dan 100 nya, kenapa tamak uang segitu. terima kasih",C1,1
🐖💨 pki,C4,4
betul sekali prabowo pasti tumbang 2029 jangankan 2029 2026 kalau ada pemilu tumbang itu pasti prabowo,C4,4
diserbu buzzer tuh diatas 😂,C0,0
anis cuma cerdas teori saja..bicarakan soal etika..etikanya sendiri nol besar..,C3,3
dulu pa prabowo .mbg yang nanda tangani pa jokowidodo itu pa prabowo yang bilang ini ada vidionya pa kok bapa persiden mau diatur jokowi mantan persiden aneh pa prabowo mantan jenderal bisa dipengaruhin jokowi itu siapa sekarang oke kalau dulu dia penguasa,C1,1
apa kabar mei 2026 ? ucapan goblokmu,C2,2
kalau kpu nya si maling harun masiku h rezim bobrok,C3,3
betul sahroni harus bertanggung jawab atas timbul nya korban jiwa,C1,1
pernah tahu koruptor menyeret platform ikut bancakan uang rakyat dipemerintahan suatu negara. pemilik platform korupnya lebih cerdas dari koruptor tradisional konvensional yang tertangkap tangan😂,C1,1
malu lah kita adu klim karier pilotik jokowi memangnya baik hasil ulah politik 10 tahun jokowi yang ada banyak kemunduran hasilnay masyarakat semakin susah dan menyakitkan rakyat secara ham dan konstitusi dibuar buruk arah yang terbalik,C1,1
cikal bakal hadirnya partai tegak lurus dengan jokowi😂,C2,2
ow ini ketua partai saya.,C2,2
apa mungkin pak andika adalah turunan pki . sehingga ketika dia berkuasa. dia mengusung dan mensejaterakan turunan2 pki . toh selama ini di militer juga ada beberapa yang turunan pki .,C3,3
"cari tumbal mereka untuk menutup koruptor yang sebenarnya,asn dan pejabat terkait",C3,3
"harusnya bukti itu juga disertai aliran dana kemana saja, bukan hanya kerugian negara. ini memang dipaksakan .",C1,1
lebih baik petugas nya orang jujur dari pada petugas dilakukan orang koruptor atau maling dan perampok perampok uang negara,C1,1
"bukan pesimis lagi, pasti 10%0 kmp akan gagal total dan bernasib sama dengan kud.karena pembentukannya dipaksakan dari atas (top down).. itu kesalahan paling fatal karena melanggar apa yang menjadi jati diri koperasi (definisi, nilai-nilai koperasi & 7 prinsip koperasi).makanya presiden tak punya nalar ini jadi bahan tertawaan para ahli & praktisi koperasi (tapi herannya di indonesia tidak ada pakar/akademisi/praktisi koperasi yang berani terang terangan menentang /menggugat presiden paling ngawur sedunia ini)",C3,3
